stratum,metric,effect,meta_id,kind,target_id,seed,family,value
all,first_success,content,02a39a5320597b96fedd,same,e774f186be1e5269714c,101,capacity,0.0
all,first_success,routing,02a39a5320597b96fedd,same,e774f186be1e5269714c,101,capacity,0.0
all,first_success,interaction,02a39a5320597b96fedd,same,e774f186be1e5269714c,101,capacity,0.0
all,first_success,content,02a39a5320597b96fedd,transfer,89e55df7434b1477acdf,101,capacity,0.0
all,first_success,routing,02a39a5320597b96fedd,transfer,89e55df7434b1477acdf,101,capacity,0.0
all,first_success,interaction,02a39a5320597b96fedd,transfer,89e55df7434b1477acdf,101,capacity,0.0
all,first_success,content,03219101985c4a812f33,same,4c80aca5d1439ced1356,101,storage,0.0
all,first_success,routing,03219101985c4a812f33,same,4c80aca5d1439ced1356,101,storage,0.0
all,first_success,interaction,03219101985c4a812f33,same,4c80aca5d1439ced1356,101,storage,0.0
all,first_success,content,03219101985c4a812f33,transfer,485e72e394c56d2a9a7d,101,storage,0.0
all,first_success,routing,03219101985c4a812f33,transfer,485e72e394c56d2a9a7d,101,storage,0.0
all,first_success,interaction,03219101985c4a812f33,transfer,485e72e394c56d2a9a7d,101,storage,0.0
all,first_success,content,042ae2a6f1bbd663e541,same,3d766f486bde3697fcfe,101,capacity,0.0
all,first_success,routing,042ae2a6f1bbd663e541,same,3d766f486bde3697fcfe,101,capacity,0.0
all,first_success,interaction,042ae2a6f1bbd663e541,same,3d766f486bde3697fcfe,101,capacity,0.0
all,first_success,content,042ae2a6f1bbd663e541,transfer,6f6932a6216fc5333006,101,capacity,0.0
all,first_success,routing,042ae2a6f1bbd663e541,transfer,6f6932a6216fc5333006,101,capacity,0.0
all,first_success,interaction,042ae2a6f1bbd663e541,transfer,6f6932a6216fc5333006,101,capacity,0.0
all,first_success,content,05105e2b2401f4b85359,same,4ba9234a48df13dba177,101,penalty,0.0
all,first_success,routing,05105e2b2401f4b85359,same,4ba9234a48df13dba177,101,penalty,0.0
all,first_success,interaction,05105e2b2401f4b85359,same,4ba9234a48df13dba177,101,penalty,0.0
all,first_success,content,05105e2b2401f4b85359,transfer,4cedddea146c5c62c87f,101,penalty,0.0
all,first_success,routing,05105e2b2401f4b85359,transfer,4cedddea146c5c62c87f,101,penalty,0.0
all,first_success,interaction,05105e2b2401f4b85359,transfer,4cedddea146c5c62c87f,101,penalty,0.0
all,first_success,content,06496beef241512a18eb,same,b72394b366ea85326e24,101,energy,0.0
all,first_success,routing,06496beef241512a18eb,same,b72394b366ea85326e24,101,energy,0.0
all,first_success,interaction,06496beef241512a18eb,same,b72394b366ea85326e24,101,energy,0.0
all,first_success,content,06496beef241512a18eb,transfer,59cec6cf031f1b4641d6,101,energy,0.0
all,first_success,routing,06496beef241512a18eb,transfer,59cec6cf031f1b4641d6,101,energy,0.0
all,first_success,interaction,06496beef241512a18eb,transfer,59cec6cf031f1b4641d6,101,energy,0.0
all,first_success,content,089c614941a92a189165,same,ead4ff284929e064707f,101,penalty,0.0
all,first_success,routing,089c614941a92a189165,same,ead4ff284929e064707f,101,penalty,0.0
all,first_success,interaction,089c614941a92a189165,same,ead4ff284929e064707f,101,penalty,0.0
all,first_success,content,089c614941a92a189165,transfer,7d003427097c9bde2d35,101,penalty,0.0
all,first_success,routing,089c614941a92a189165,transfer,7d003427097c9bde2d35,101,penalty,0.0
all,first_success,interaction,089c614941a92a189165,transfer,7d003427097c9bde2d35,101,penalty,0.0
all,first_success,content,0929170251c4d40d7e20,same,e8594d2118c07c5a1814,101,penalty,0.0
all,first_success,routing,0929170251c4d40d7e20,same,e8594d2118c07c5a1814,101,penalty,0.0
all,first_success,interaction,0929170251c4d40d7e20,same,e8594d2118c07c5a1814,101,penalty,0.0
all,first_success,content,0929170251c4d40d7e20,transfer,c629ad33503d7610097b,101,penalty,0.0
all,first_success,routing,0929170251c4d40d7e20,transfer,c629ad33503d7610097b,101,penalty,0.0
all,first_success,interaction,0929170251c4d40d7e20,transfer,c629ad33503d7610097b,101,penalty,0.0
all,first_success,content,09ee9367f1a3ee020716,same,ec91af86b6083e2953b5,101,storage,0.0
all,first_success,routing,09ee9367f1a3ee020716,same,ec91af86b6083e2953b5,101,storage,0.0
all,first_success,interaction,09ee9367f1a3ee020716,same,ec91af86b6083e2953b5,101,storage,0.0
all,first_success,content,09ee9367f1a3ee020716,transfer,5e182303f627200f5cf2,101,storage,0.0
all,first_success,routing,09ee9367f1a3ee020716,transfer,5e182303f627200f5cf2,101,storage,0.0
all,first_success,interaction,09ee9367f1a3ee020716,transfer,5e182303f627200f5cf2,101,storage,0.0
all,first_success,content,0f3b157a54e7a958f30f,same,a7215a5e45561cf480c3,101,dispatch,0.0
all,first_success,routing,0f3b157a54e7a958f30f,same,a7215a5e45561cf480c3,101,dispatch,0.0
all,first_success,interaction,0f3b157a54e7a958f30f,same,a7215a5e45561cf480c3,101,dispatch,0.0
all,first_success,content,0f3b157a54e7a958f30f,transfer,e9eef8850639ebde4807,101,dispatch,0.0
all,first_success,routing,0f3b157a54e7a958f30f,transfer,e9eef8850639ebde4807,101,dispatch,0.0
all,first_success,interaction,0f3b157a54e7a958f30f,transfer,e9eef8850639ebde4807,101,dispatch,0.0
all,first_success,content,106a2be8c3b09c3744b6,same,bb2444843dc023fe637a,101,energy,0.0
all,first_success,routing,106a2be8c3b09c3744b6,same,bb2444843dc023fe637a,101,energy,0.0
all,first_success,interaction,106a2be8c3b09c3744b6,same,bb2444843dc023fe637a,101,energy,0.0
all,first_success,content,106a2be8c3b09c3744b6,transfer,4698caafe8d15b69d12e,101,energy,0.0
all,first_success,routing,106a2be8c3b09c3744b6,transfer,4698caafe8d15b69d12e,101,energy,0.0
all,first_success,interaction,106a2be8c3b09c3744b6,transfer,4698caafe8d15b69d12e,101,energy,0.0
all,first_success,content,11cf04f57e7cf62693fc,same,209b7551f727fc51506e,101,storage,0.0
all,first_success,routing,11cf04f57e7cf62693fc,same,209b7551f727fc51506e,101,storage,0.0
all,first_success,interaction,11cf04f57e7cf62693fc,same,209b7551f727fc51506e,101,storage,0.0
all,first_success,content,11cf04f57e7cf62693fc,transfer,710e4b81f0caf532f31b,101,storage,0.0
all,first_success,routing,11cf04f57e7cf62693fc,transfer,710e4b81f0caf532f31b,101,storage,0.0
all,first_success,interaction,11cf04f57e7cf62693fc,transfer,710e4b81f0caf532f31b,101,storage,0.0
all,first_success,content,13af5df9ee91b4ddddc5,same,f234cde10ec6c1db10a4,101,coverage,0.0
all,first_success,routing,13af5df9ee91b4ddddc5,same,f234cde10ec6c1db10a4,101,coverage,0.0
all,first_success,interaction,13af5df9ee91b4ddddc5,same,f234cde10ec6c1db10a4,101,coverage,0.0
all,first_success,content,13af5df9ee91b4ddddc5,transfer,e0f7ae38aa1819681d94,101,coverage,0.0
all,first_success,routing,13af5df9ee91b4ddddc5,transfer,e0f7ae38aa1819681d94,101,coverage,0.0
all,first_success,interaction,13af5df9ee91b4ddddc5,transfer,e0f7ae38aa1819681d94,101,coverage,0.0
all,first_success,content,16ef7bc916003e74169e,same,c8d453f09e389cec26cf,101,capacity,0.0
all,first_success,routing,16ef7bc916003e74169e,same,c8d453f09e389cec26cf,101,capacity,0.0
all,first_success,interaction,16ef7bc916003e74169e,same,c8d453f09e389cec26cf,101,capacity,0.0
all,first_success,content,16ef7bc916003e74169e,transfer,989814b7f01cf3a7b647,101,capacity,0.0
all,first_success,routing,16ef7bc916003e74169e,transfer,989814b7f01cf3a7b647,101,capacity,0.0
all,first_success,interaction,16ef7bc916003e74169e,transfer,989814b7f01cf3a7b647,101,capacity,0.0
all,first_success,content,1fab7553a93a7929d564,same,f3869c609ea0ea3fba48,101,dispatch,0.0
all,first_success,routing,1fab7553a93a7929d564,same,f3869c609ea0ea3fba48,101,dispatch,0.0
all,first_success,interaction,1fab7553a93a7929d564,same,f3869c609ea0ea3fba48,101,dispatch,0.0
all,first_success,content,1fab7553a93a7929d564,transfer,96740845b77be39efb55,101,dispatch,0.0
all,first_success,routing,1fab7553a93a7929d564,transfer,96740845b77be39efb55,101,dispatch,0.0
all,first_success,interaction,1fab7553a93a7929d564,transfer,96740845b77be39efb55,101,dispatch,0.0
all,first_success,content,25f8b084653617d1e405,same,79d2add418d743759775,101,coverage,0.0
all,first_success,routing,25f8b084653617d1e405,same,79d2add418d743759775,101,coverage,0.0
all,first_success,interaction,25f8b084653617d1e405,same,79d2add418d743759775,101,coverage,0.0
all,first_success,content,25f8b084653617d1e405,transfer,33bc5de6e9494599f629,101,coverage,0.0
all,first_success,routing,25f8b084653617d1e405,transfer,33bc5de6e9494599f629,101,coverage,0.0
all,first_success,interaction,25f8b084653617d1e405,transfer,33bc5de6e9494599f629,101,coverage,0.0
all,first_success,content,2921c8d1b95f8cce6a99,same,c4e02df35c06206f2ea8,101,coverage,0.0
all,first_success,routing,2921c8d1b95f8cce6a99,same,c4e02df35c06206f2ea8,101,coverage,0.0
all,first_success,interaction,2921c8d1b95f8cce6a99,same,c4e02df35c06206f2ea8,101,coverage,0.0
all,first_success,content,2921c8d1b95f8cce6a99,transfer,5d95b77f9a0ff0664ef6,101,coverage,0.0
all,first_success,routing,2921c8d1b95f8cce6a99,transfer,5d95b77f9a0ff0664ef6,101,coverage,0.0
all,first_success,interaction,2921c8d1b95f8cce6a99,transfer,5d95b77f9a0ff0664ef6,101,coverage,0.0
all,first_success,content,2b668e273b98c894674a,same,6817ab3bf1695d6b3fe5,101,energy,0.0
all,first_success,routing,2b668e273b98c894674a,same,6817ab3bf1695d6b3fe5,101,energy,0.0
all,first_success,interaction,2b668e273b98c894674a,same,6817ab3bf1695d6b3fe5,101,energy,0.0
all,first_success,content,2b668e273b98c894674a,transfer,432b90738c3f2452a0c8,101,energy,0.0
all,first_success,routing,2b668e273b98c894674a,transfer,432b90738c3f2452a0c8,101,energy,0.0
all,first_success,interaction,2b668e273b98c894674a,transfer,432b90738c3f2452a0c8,101,energy,0.0
all,first_success,content,2f5b8a5a1eb7b8386a10,same,d3bf94d6313ca5d5aefe,101,capacity,0.0
all,first_success,routing,2f5b8a5a1eb7b8386a10,same,d3bf94d6313ca5d5aefe,101,capacity,0.0
all,first_success,interaction,2f5b8a5a1eb7b8386a10,same,d3bf94d6313ca5d5aefe,101,capacity,0.0
all,first_success,content,2f5b8a5a1eb7b8386a10,transfer,40fd4a9415a73f11a0f3,101,capacity,0.0
all,first_success,routing,2f5b8a5a1eb7b8386a10,transfer,40fd4a9415a73f11a0f3,101,capacity,0.0
all,first_success,interaction,2f5b8a5a1eb7b8386a10,transfer,40fd4a9415a73f11a0f3,101,capacity,0.0
all,first_success,content,30919affcdad33f553a0,same,427545bcf63541ec0753,101,coverage,0.0
all,first_success,routing,30919affcdad33f553a0,same,427545bcf63541ec0753,101,coverage,0.0
all,first_success,interaction,30919affcdad33f553a0,same,427545bcf63541ec0753,101,coverage,0.0
all,first_success,content,30919affcdad33f553a0,transfer,9195c26ffc0e47c47675,101,coverage,0.0
all,first_success,routing,30919affcdad33f553a0,transfer,9195c26ffc0e47c47675,101,coverage,0.0
all,first_success,interaction,30919affcdad33f553a0,transfer,9195c26ffc0e47c47675,101,coverage,0.0
all,first_success,content,35c569b002cf117953b8,same,47e1775ce77c9d9e2a98,101,dispatch,0.0
all,first_success,routing,35c569b002cf117953b8,same,47e1775ce77c9d9e2a98,101,dispatch,0.0
all,first_success,interaction,35c569b002cf117953b8,same,47e1775ce77c9d9e2a98,101,dispatch,0.0
all,first_success,content,35c569b002cf117953b8,transfer,40a8d93ef6bc7525f055,101,dispatch,0.0
all,first_success,routing,35c569b002cf117953b8,transfer,40a8d93ef6bc7525f055,101,dispatch,0.0
all,first_success,interaction,35c569b002cf117953b8,transfer,40a8d93ef6bc7525f055,101,dispatch,0.0
all,first_success,content,377691e3dbc218046453,same,50c70db49767ac2b54fd,101,capacity,0.0
all,first_success,routing,377691e3dbc218046453,same,50c70db49767ac2b54fd,101,capacity,0.0
all,first_success,interaction,377691e3dbc218046453,same,50c70db49767ac2b54fd,101,capacity,0.0
all,first_success,content,377691e3dbc218046453,transfer,c67bdbfd58d0c0fa905f,101,capacity,0.0
all,first_success,routing,377691e3dbc218046453,transfer,c67bdbfd58d0c0fa905f,101,capacity,0.0
all,first_success,interaction,377691e3dbc218046453,transfer,c67bdbfd58d0c0fa905f,101,capacity,0.0
all,first_success,content,3853022bab19520e686a,same,71980ea830c302a5bcd3,101,coverage,0.0
all,first_success,routing,3853022bab19520e686a,same,71980ea830c302a5bcd3,101,coverage,0.0
all,first_success,interaction,3853022bab19520e686a,same,71980ea830c302a5bcd3,101,coverage,0.0
all,first_success,content,3853022bab19520e686a,transfer,1ec4572a5900b11b10ce,101,coverage,0.0
all,first_success,routing,3853022bab19520e686a,transfer,1ec4572a5900b11b10ce,101,coverage,0.0
all,first_success,interaction,3853022bab19520e686a,transfer,1ec4572a5900b11b10ce,101,coverage,0.0
all,first_success,content,48c3a38c076176e80033,same,42feb0b4436c8f010be0,101,energy,0.0
all,first_success,routing,48c3a38c076176e80033,same,42feb0b4436c8f010be0,101,energy,0.0
all,first_success,interaction,48c3a38c076176e80033,same,42feb0b4436c8f010be0,101,energy,0.0
all,first_success,content,48c3a38c076176e80033,transfer,853941796819126bd7bf,101,energy,0.0
all,first_success,routing,48c3a38c076176e80033,transfer,853941796819126bd7bf,101,energy,0.0
all,first_success,interaction,48c3a38c076176e80033,transfer,853941796819126bd7bf,101,energy,0.0
all,first_success,content,56ef83093d6cfbf2d7ac,same,f5ea8b8682fe2061e5e5,101,coverage,0.0
all,first_success,routing,56ef83093d6cfbf2d7ac,same,f5ea8b8682fe2061e5e5,101,coverage,0.0
all,first_success,interaction,56ef83093d6cfbf2d7ac,same,f5ea8b8682fe2061e5e5,101,coverage,0.0
all,first_success,content,56ef83093d6cfbf2d7ac,transfer,969295e5dcacc083b16e,101,coverage,0.0
all,first_success,routing,56ef83093d6cfbf2d7ac,transfer,969295e5dcacc083b16e,101,coverage,0.0
all,first_success,interaction,56ef83093d6cfbf2d7ac,transfer,969295e5dcacc083b16e,101,coverage,0.0
all,final_success,content,02a39a5320597b96fedd,same,e774f186be1e5269714c,101,capacity,0.0
all,final_success,routing,02a39a5320597b96fedd,same,e774f186be1e5269714c,101,capacity,0.0
all,final_success,interaction,02a39a5320597b96fedd,same,e774f186be1e5269714c,101,capacity,0.0
all,final_success,content,02a39a5320597b96fedd,transfer,89e55df7434b1477acdf,101,capacity,0.0
all,final_success,routing,02a39a5320597b96fedd,transfer,89e55df7434b1477acdf,101,capacity,0.0
all,final_success,interaction,02a39a5320597b96fedd,transfer,89e55df7434b1477acdf,101,capacity,0.0
all,final_success,content,03219101985c4a812f33,same,4c80aca5d1439ced1356,101,storage,0.0
all,final_success,routing,03219101985c4a812f33,same,4c80aca5d1439ced1356,101,storage,0.0
all,final_success,interaction,03219101985c4a812f33,same,4c80aca5d1439ced1356,101,storage,0.0
all,final_success,content,03219101985c4a812f33,transfer,485e72e394c56d2a9a7d,101,storage,0.0
all,final_success,routing,03219101985c4a812f33,transfer,485e72e394c56d2a9a7d,101,storage,0.0
all,final_success,interaction,03219101985c4a812f33,transfer,485e72e394c56d2a9a7d,101,storage,0.0
all,final_success,content,042ae2a6f1bbd663e541,same,3d766f486bde3697fcfe,101,capacity,0.0
all,final_success,routing,042ae2a6f1bbd663e541,same,3d766f486bde3697fcfe,101,capacity,0.0
all,final_success,interaction,042ae2a6f1bbd663e541,same,3d766f486bde3697fcfe,101,capacity,0.0
all,final_success,content,042ae2a6f1bbd663e541,transfer,6f6932a6216fc5333006,101,capacity,0.0
all,final_success,routing,042ae2a6f1bbd663e541,transfer,6f6932a6216fc5333006,101,capacity,0.0
all,final_success,interaction,042ae2a6f1bbd663e541,transfer,6f6932a6216fc5333006,101,capacity,0.0
all,final_success,content,05105e2b2401f4b85359,same,4ba9234a48df13dba177,101,penalty,0.0
all,final_success,routing,05105e2b2401f4b85359,same,4ba9234a48df13dba177,101,penalty,0.0
all,final_success,interaction,05105e2b2401f4b85359,same,4ba9234a48df13dba177,101,penalty,0.0
all,final_success,content,05105e2b2401f4b85359,transfer,4cedddea146c5c62c87f,101,penalty,0.0
all,final_success,routing,05105e2b2401f4b85359,transfer,4cedddea146c5c62c87f,101,penalty,0.0
all,final_success,interaction,05105e2b2401f4b85359,transfer,4cedddea146c5c62c87f,101,penalty,0.0
all,final_success,content,06496beef241512a18eb,same,b72394b366ea85326e24,101,energy,0.0
all,final_success,routing,06496beef241512a18eb,same,b72394b366ea85326e24,101,energy,0.0
all,final_success,interaction,06496beef241512a18eb,same,b72394b366ea85326e24,101,energy,0.0
all,final_success,content,06496beef241512a18eb,transfer,59cec6cf031f1b4641d6,101,energy,0.0
all,final_success,routing,06496beef241512a18eb,transfer,59cec6cf031f1b4641d6,101,energy,0.0
all,final_success,interaction,06496beef241512a18eb,transfer,59cec6cf031f1b4641d6,101,energy,0.0
all,final_success,content,089c614941a92a189165,same,ead4ff284929e064707f,101,penalty,0.0
all,final_success,routing,089c614941a92a189165,same,ead4ff284929e064707f,101,penalty,0.0
all,final_success,interaction,089c614941a92a189165,same,ead4ff284929e064707f,101,penalty,0.0
all,final_success,content,089c614941a92a189165,transfer,7d003427097c9bde2d35,101,penalty,0.0
all,final_success,routing,089c614941a92a189165,transfer,7d003427097c9bde2d35,101,penalty,0.0
all,final_success,interaction,089c614941a92a189165,transfer,7d003427097c9bde2d35,101,penalty,0.0
all,final_success,content,0929170251c4d40d7e20,same,e8594d2118c07c5a1814,101,penalty,0.0
all,final_success,routing,0929170251c4d40d7e20,same,e8594d2118c07c5a1814,101,penalty,0.0
all,final_success,interaction,0929170251c4d40d7e20,same,e8594d2118c07c5a1814,101,penalty,0.0
all,final_success,content,0929170251c4d40d7e20,transfer,c629ad33503d7610097b,101,penalty,0.0
all,final_success,routing,0929170251c4d40d7e20,transfer,c629ad33503d7610097b,101,penalty,0.0
all,final_success,interaction,0929170251c4d40d7e20,transfer,c629ad33503d7610097b,101,penalty,0.0
all,final_success,content,09ee9367f1a3ee020716,same,ec91af86b6083e2953b5,101,storage,0.0
all,final_success,routing,09ee9367f1a3ee020716,same,ec91af86b6083e2953b5,101,storage,0.0
all,final_success,interaction,09ee9367f1a3ee020716,same,ec91af86b6083e2953b5,101,storage,0.0
all,final_success,content,09ee9367f1a3ee020716,transfer,5e182303f627200f5cf2,101,storage,0.0
all,final_success,routing,09ee9367f1a3ee020716,transfer,5e182303f627200f5cf2,101,storage,0.0
all,final_success,interaction,09ee9367f1a3ee020716,transfer,5e182303f627200f5cf2,101,storage,0.0
all,final_success,content,0f3b157a54e7a958f30f,same,a7215a5e45561cf480c3,101,dispatch,0.0
all,final_success,routing,0f3b157a54e7a958f30f,same,a7215a5e45561cf480c3,101,dispatch,0.0
all,final_success,interaction,0f3b157a54e7a958f30f,same,a7215a5e45561cf480c3,101,dispatch,0.0
all,final_success,content,0f3b157a54e7a958f30f,transfer,e9eef8850639ebde4807,101,dispatch,0.0
all,final_success,routing,0f3b157a54e7a958f30f,transfer,e9eef8850639ebde4807,101,dispatch,0.0
all,final_success,interaction,0f3b157a54e7a958f30f,transfer,e9eef8850639ebde4807,101,dispatch,0.0
all,final_success,content,106a2be8c3b09c3744b6,same,bb2444843dc023fe637a,101,energy,0.0
all,final_success,routing,106a2be8c3b09c3744b6,same,bb2444843dc023fe637a,101,energy,0.0
all,final_success,interaction,106a2be8c3b09c3744b6,same,bb2444843dc023fe637a,101,energy,0.0
all,final_success,content,106a2be8c3b09c3744b6,transfer,4698caafe8d15b69d12e,101,energy,0.0
all,final_success,routing,106a2be8c3b09c3744b6,transfer,4698caafe8d15b69d12e,101,energy,0.0
all,final_success,interaction,106a2be8c3b09c3744b6,transfer,4698caafe8d15b69d12e,101,energy,0.0
all,final_success,content,11cf04f57e7cf62693fc,same,209b7551f727fc51506e,101,storage,0.0
all,final_success,routing,11cf04f57e7cf62693fc,same,209b7551f727fc51506e,101,storage,0.0
all,final_success,interaction,11cf04f57e7cf62693fc,same,209b7551f727fc51506e,101,storage,0.0
all,final_success,content,11cf04f57e7cf62693fc,transfer,710e4b81f0caf532f31b,101,storage,0.0
all,final_success,routing,11cf04f57e7cf62693fc,transfer,710e4b81f0caf532f31b,101,storage,0.0
all,final_success,interaction,11cf04f57e7cf62693fc,transfer,710e4b81f0caf532f31b,101,storage,0.0
all,final_success,content,13af5df9ee91b4ddddc5,same,f234cde10ec6c1db10a4,101,coverage,0.0
all,final_success,routing,13af5df9ee91b4ddddc5,same,f234cde10ec6c1db10a4,101,coverage,0.0
all,final_success,interaction,13af5df9ee91b4ddddc5,same,f234cde10ec6c1db10a4,101,coverage,0.0
all,final_success,content,13af5df9ee91b4ddddc5,transfer,e0f7ae38aa1819681d94,101,coverage,0.0
all,final_success,routing,13af5df9ee91b4ddddc5,transfer,e0f7ae38aa1819681d94,101,coverage,0.0
all,final_success,interaction,13af5df9ee91b4ddddc5,transfer,e0f7ae38aa1819681d94,101,coverage,0.0
all,final_success,content,16ef7bc916003e74169e,same,c8d453f09e389cec26cf,101,capacity,0.0
all,final_success,routing,16ef7bc916003e74169e,same,c8d453f09e389cec26cf,101,capacity,0.0
all,final_success,interaction,16ef7bc916003e74169e,same,c8d453f09e389cec26cf,101,capacity,0.0
all,final_success,content,16ef7bc916003e74169e,transfer,989814b7f01cf3a7b647,101,capacity,0.0
all,final_success,routing,16ef7bc916003e74169e,transfer,989814b7f01cf3a7b647,101,capacity,0.0
all,final_success,interaction,16ef7bc916003e74169e,transfer,989814b7f01cf3a7b647,101,capacity,0.0
all,final_success,content,1fab7553a93a7929d564,same,f3869c609ea0ea3fba48,101,dispatch,0.0
all,final_success,routing,1fab7553a93a7929d564,same,f3869c609ea0ea3fba48,101,dispatch,0.0
all,final_success,interaction,1fab7553a93a7929d564,same,f3869c609ea0ea3fba48,101,dispatch,0.0
all,final_success,content,1fab7553a93a7929d564,transfer,96740845b77be39efb55,101,dispatch,0.0
all,final_success,routing,1fab7553a93a7929d564,transfer,96740845b77be39efb55,101,dispatch,0.0
all,final_success,interaction,1fab7553a93a7929d564,transfer,96740845b77be39efb55,101,dispatch,0.0
all,final_success,content,25f8b084653617d1e405,same,79d2add418d743759775,101,coverage,0.0
all,final_success,routing,25f8b084653617d1e405,same,79d2add418d743759775,101,coverage,0.0
all,final_success,interaction,25f8b084653617d1e405,same,79d2add418d743759775,101,coverage,0.0
all,final_success,content,25f8b084653617d1e405,transfer,33bc5de6e9494599f629,101,coverage,0.0
all,final_success,routing,25f8b084653617d1e405,transfer,33bc5de6e9494599f629,101,coverage,0.0
all,final_success,interaction,25f8b084653617d1e405,transfer,33bc5de6e9494599f629,101,coverage,0.0
all,final_success,content,2921c8d1b95f8cce6a99,same,c4e02df35c06206f2ea8,101,coverage,0.0
all,final_success,routing,2921c8d1b95f8cce6a99,same,c4e02df35c06206f2ea8,101,coverage,0.0
all,final_success,interaction,2921c8d1b95f8cce6a99,same,c4e02df35c06206f2ea8,101,coverage,0.0
all,final_success,content,2921c8d1b95f8cce6a99,transfer,5d95b77f9a0ff0664ef6,101,coverage,0.0
all,final_success,routing,2921c8d1b95f8cce6a99,transfer,5d95b77f9a0ff0664ef6,101,coverage,0.0
all,final_success,interaction,2921c8d1b95f8cce6a99,transfer,5d95b77f9a0ff0664ef6,101,coverage,0.0
all,final_success,content,2b668e273b98c894674a,same,6817ab3bf1695d6b3fe5,101,energy,0.0
all,final_success,routing,2b668e273b98c894674a,same,6817ab3bf1695d6b3fe5,101,energy,0.0
all,final_success,interaction,2b668e273b98c894674a,same,6817ab3bf1695d6b3fe5,101,energy,0.0
all,final_success,content,2b668e273b98c894674a,transfer,432b90738c3f2452a0c8,101,energy,0.0
all,final_success,routing,2b668e273b98c894674a,transfer,432b90738c3f2452a0c8,101,energy,0.0
all,final_success,interaction,2b668e273b98c894674a,transfer,432b90738c3f2452a0c8,101,energy,0.0
all,final_success,content,2f5b8a5a1eb7b8386a10,same,d3bf94d6313ca5d5aefe,101,capacity,0.0
all,final_success,routing,2f5b8a5a1eb7b8386a10,same,d3bf94d6313ca5d5aefe,101,capacity,0.0
all,final_success,interaction,2f5b8a5a1eb7b8386a10,same,d3bf94d6313ca5d5aefe,101,capacity,0.0
all,final_success,content,2f5b8a5a1eb7b8386a10,transfer,40fd4a9415a73f11a0f3,101,capacity,0.0
all,final_success,routing,2f5b8a5a1eb7b8386a10,transfer,40fd4a9415a73f11a0f3,101,capacity,0.0
all,final_success,interaction,2f5b8a5a1eb7b8386a10,transfer,40fd4a9415a73f11a0f3,101,capacity,0.0
all,final_success,content,30919affcdad33f553a0,same,427545bcf63541ec0753,101,coverage,0.0
all,final_success,routing,30919affcdad33f553a0,same,427545bcf63541ec0753,101,coverage,0.0
all,final_success,interaction,30919affcdad33f553a0,same,427545bcf63541ec0753,101,coverage,0.0
all,final_success,content,30919affcdad33f553a0,transfer,9195c26ffc0e47c47675,101,coverage,0.0
all,final_success,routing,30919affcdad33f553a0,transfer,9195c26ffc0e47c47675,101,coverage,0.0
all,final_success,interaction,30919affcdad33f553a0,transfer,9195c26ffc0e47c47675,101,coverage,0.0
all,final_success,content,35c569b002cf117953b8,same,47e1775ce77c9d9e2a98,101,dispatch,0.0
all,final_success,routing,35c569b002cf117953b8,same,47e1775ce77c9d9e2a98,101,dispatch,0.0
all,final_success,interaction,35c569b002cf117953b8,same,47e1775ce77c9d9e2a98,101,dispatch,0.0
all,final_success,content,35c569b002cf117953b8,transfer,40a8d93ef6bc7525f055,101,dispatch,0.0
all,final_success,routing,35c569b002cf117953b8,transfer,40a8d93ef6bc7525f055,101,dispatch,0.0
all,final_success,interaction,35c569b002cf117953b8,transfer,40a8d93ef6bc7525f055,101,dispatch,0.0
all,final_success,content,377691e3dbc218046453,same,50c70db49767ac2b54fd,101,capacity,0.0
all,final_success,routing,377691e3dbc218046453,same,50c70db49767ac2b54fd,101,capacity,0.0
all,final_success,interaction,377691e3dbc218046453,same,50c70db49767ac2b54fd,101,capacity,0.0
all,final_success,content,377691e3dbc218046453,transfer,c67bdbfd58d0c0fa905f,101,capacity,0.0
all,final_success,routing,377691e3dbc218046453,transfer,c67bdbfd58d0c0fa905f,101,capacity,0.0
all,final_success,interaction,377691e3dbc218046453,transfer,c67bdbfd58d0c0fa905f,101,capacity,0.0
all,final_success,content,3853022bab19520e686a,same,71980ea830c302a5bcd3,101,coverage,0.0
all,final_success,routing,3853022bab19520e686a,same,71980ea830c302a5bcd3,101,coverage,0.0
all,final_success,interaction,3853022bab19520e686a,same,71980ea830c302a5bcd3,101,coverage,0.0
all,final_success,content,3853022bab19520e686a,transfer,1ec4572a5900b11b10ce,101,coverage,0.0
all,final_success,routing,3853022bab19520e686a,transfer,1ec4572a5900b11b10ce,101,coverage,0.0
all,final_success,interaction,3853022bab19520e686a,transfer,1ec4572a5900b11b10ce,101,coverage,0.0
all,final_success,content,48c3a38c076176e80033,same,42feb0b4436c8f010be0,101,energy,0.0
all,final_success,routing,48c3a38c076176e80033,same,42feb0b4436c8f010be0,101,energy,0.0
all,final_success,interaction,48c3a38c076176e80033,same,42feb0b4436c8f010be0,101,energy,0.0
all,final_success,content,48c3a38c076176e80033,transfer,853941796819126bd7bf,101,energy,0.0
all,final_success,routing,48c3a38c076176e80033,transfer,853941796819126bd7bf,101,energy,0.0
all,final_success,interaction,48c3a38c076176e80033,transfer,853941796819126bd7bf,101,energy,0.0
all,final_success,content,56ef83093d6cfbf2d7ac,same,f5ea8b8682fe2061e5e5,101,coverage,0.0
all,final_success,routing,56ef83093d6cfbf2d7ac,same,f5ea8b8682fe2061e5e5,101,coverage,0.0
all,final_success,interaction,56ef83093d6cfbf2d7ac,same,f5ea8b8682fe2061e5e5,101,coverage,0.0
all,final_success,content,56ef83093d6cfbf2d7ac,transfer,969295e5dcacc083b16e,101,coverage,0.0
all,final_success,routing,56ef83093d6cfbf2d7ac,transfer,969295e5dcacc083b16e,101,coverage,0.0
all,final_success,interaction,56ef83093d6cfbf2d7ac,transfer,969295e5dcacc083b16e,101,coverage,0.0
all,abstained,content,02a39a5320597b96fedd,same,e774f186be1e5269714c,101,capacity,0.0
all,abstained,routing,02a39a5320597b96fedd,same,e774f186be1e5269714c,101,capacity,0.0
all,abstained,interaction,02a39a5320597b96fedd,same,e774f186be1e5269714c,101,capacity,0.0
all,abstained,content,02a39a5320597b96fedd,transfer,89e55df7434b1477acdf,101,capacity,1.0
all,abstained,routing,02a39a5320597b96fedd,transfer,89e55df7434b1477acdf,101,capacity,0.0
all,abstained,interaction,02a39a5320597b96fedd,transfer,89e55df7434b1477acdf,101,capacity,0.0
all,abstained,content,03219101985c4a812f33,same,4c80aca5d1439ced1356,101,storage,1.0
all,abstained,routing,03219101985c4a812f33,same,4c80aca5d1439ced1356,101,storage,0.0
all,abstained,interaction,03219101985c4a812f33,same,4c80aca5d1439ced1356,101,storage,0.0
all,abstained,content,03219101985c4a812f33,transfer,485e72e394c56d2a9a7d,101,storage,0.0
all,abstained,routing,03219101985c4a812f33,transfer,485e72e394c56d2a9a7d,101,storage,0.0
all,abstained,interaction,03219101985c4a812f33,transfer,485e72e394c56d2a9a7d,101,storage,0.0
all,abstained,content,042ae2a6f1bbd663e541,same,3d766f486bde3697fcfe,101,capacity,0.0
all,abstained,routing,042ae2a6f1bbd663e541,same,3d766f486bde3697fcfe,101,capacity,0.0
all,abstained,interaction,042ae2a6f1bbd663e541,same,3d766f486bde3697fcfe,101,capacity,0.0
all,abstained,content,042ae2a6f1bbd663e541,transfer,6f6932a6216fc5333006,101,capacity,0.0
all,abstained,routing,042ae2a6f1bbd663e541,transfer,6f6932a6216fc5333006,101,capacity,0.0
all,abstained,interaction,042ae2a6f1bbd663e541,transfer,6f6932a6216fc5333006,101,capacity,0.0
all,abstained,content,05105e2b2401f4b85359,same,4ba9234a48df13dba177,101,penalty,-0.5
all,abstained,routing,05105e2b2401f4b85359,same,4ba9234a48df13dba177,101,penalty,-0.5
all,abstained,interaction,05105e2b2401f4b85359,same,4ba9234a48df13dba177,101,penalty,1.0
all,abstained,content,05105e2b2401f4b85359,transfer,4cedddea146c5c62c87f,101,penalty,0.0
all,abstained,routing,05105e2b2401f4b85359,transfer,4cedddea146c5c62c87f,101,penalty,0.0
all,abstained,interaction,05105e2b2401f4b85359,transfer,4cedddea146c5c62c87f,101,penalty,0.0
all,abstained,content,06496beef241512a18eb,same,b72394b366ea85326e24,101,energy,-0.5
all,abstained,routing,06496beef241512a18eb,same,b72394b366ea85326e24,101,energy,-0.5
all,abstained,interaction,06496beef241512a18eb,same,b72394b366ea85326e24,101,energy,1.0
all,abstained,content,06496beef241512a18eb,transfer,59cec6cf031f1b4641d6,101,energy,0.0
all,abstained,routing,06496beef241512a18eb,transfer,59cec6cf031f1b4641d6,101,energy,0.0
all,abstained,interaction,06496beef241512a18eb,transfer,59cec6cf031f1b4641d6,101,energy,0.0
all,abstained,content,089c614941a92a189165,same,ead4ff284929e064707f,101,penalty,0.5
all,abstained,routing,089c614941a92a189165,same,ead4ff284929e064707f,101,penalty,-0.5
all,abstained,interaction,089c614941a92a189165,same,ead4ff284929e064707f,101,penalty,1.0
all,abstained,content,089c614941a92a189165,transfer,7d003427097c9bde2d35,101,penalty,0.0
all,abstained,routing,089c614941a92a189165,transfer,7d003427097c9bde2d35,101,penalty,0.0
all,abstained,interaction,089c614941a92a189165,transfer,7d003427097c9bde2d35,101,penalty,0.0
all,abstained,content,0929170251c4d40d7e20,same,e8594d2118c07c5a1814,101,penalty,1.0
all,abstained,routing,0929170251c4d40d7e20,same,e8594d2118c07c5a1814,101,penalty,0.0
all,abstained,interaction,0929170251c4d40d7e20,same,e8594d2118c07c5a1814,101,penalty,0.0
all,abstained,content,0929170251c4d40d7e20,transfer,c629ad33503d7610097b,101,penalty,0.0
all,abstained,routing,0929170251c4d40d7e20,transfer,c629ad33503d7610097b,101,penalty,0.0
all,abstained,interaction,0929170251c4d40d7e20,transfer,c629ad33503d7610097b,101,penalty,0.0
all,abstained,content,09ee9367f1a3ee020716,same,ec91af86b6083e2953b5,101,storage,-0.5
all,abstained,routing,09ee9367f1a3ee020716,same,ec91af86b6083e2953b5,101,storage,0.5
all,abstained,interaction,09ee9367f1a3ee020716,same,ec91af86b6083e2953b5,101,storage,1.0
all,abstained,content,09ee9367f1a3ee020716,transfer,5e182303f627200f5cf2,101,storage,0.0
all,abstained,routing,09ee9367f1a3ee020716,transfer,5e182303f627200f5cf2,101,storage,0.0
all,abstained,interaction,09ee9367f1a3ee020716,transfer,5e182303f627200f5cf2,101,storage,0.0
all,abstained,content,0f3b157a54e7a958f30f,same,a7215a5e45561cf480c3,101,dispatch,0.5
all,abstained,routing,0f3b157a54e7a958f30f,same,a7215a5e45561cf480c3,101,dispatch,-0.5
all,abstained,interaction,0f3b157a54e7a958f30f,same,a7215a5e45561cf480c3,101,dispatch,-1.0
all,abstained,content,0f3b157a54e7a958f30f,transfer,e9eef8850639ebde4807,101,dispatch,0.0
all,abstained,routing,0f3b157a54e7a958f30f,transfer,e9eef8850639ebde4807,101,dispatch,0.0
all,abstained,interaction,0f3b157a54e7a958f30f,transfer,e9eef8850639ebde4807,101,dispatch,0.0
all,abstained,content,106a2be8c3b09c3744b6,same,bb2444843dc023fe637a,101,energy,0.0
all,abstained,routing,106a2be8c3b09c3744b6,same,bb2444843dc023fe637a,101,energy,0.0
all,abstained,interaction,106a2be8c3b09c3744b6,same,bb2444843dc023fe637a,101,energy,0.0
all,abstained,content,106a2be8c3b09c3744b6,transfer,4698caafe8d15b69d12e,101,energy,1.0
all,abstained,routing,106a2be8c3b09c3744b6,transfer,4698caafe8d15b69d12e,101,energy,0.0
all,abstained,interaction,106a2be8c3b09c3744b6,transfer,4698caafe8d15b69d12e,101,energy,0.0
all,abstained,content,11cf04f57e7cf62693fc,same,209b7551f727fc51506e,101,storage,0.0
all,abstained,routing,11cf04f57e7cf62693fc,same,209b7551f727fc51506e,101,storage,0.0
all,abstained,interaction,11cf04f57e7cf62693fc,same,209b7551f727fc51506e,101,storage,0.0
all,abstained,content,11cf04f57e7cf62693fc,transfer,710e4b81f0caf532f31b,101,storage,0.0
all,abstained,routing,11cf04f57e7cf62693fc,transfer,710e4b81f0caf532f31b,101,storage,0.0
all,abstained,interaction,11cf04f57e7cf62693fc,transfer,710e4b81f0caf532f31b,101,storage,0.0
all,abstained,content,13af5df9ee91b4ddddc5,same,f234cde10ec6c1db10a4,101,coverage,0.5
all,abstained,routing,13af5df9ee91b4ddddc5,same,f234cde10ec6c1db10a4,101,coverage,-0.5
all,abstained,interaction,13af5df9ee91b4ddddc5,same,f234cde10ec6c1db10a4,101,coverage,-1.0
all,abstained,content,13af5df9ee91b4ddddc5,transfer,e0f7ae38aa1819681d94,101,coverage,0.0
all,abstained,routing,13af5df9ee91b4ddddc5,transfer,e0f7ae38aa1819681d94,101,coverage,0.0
all,abstained,interaction,13af5df9ee91b4ddddc5,transfer,e0f7ae38aa1819681d94,101,coverage,0.0
all,abstained,content,16ef7bc916003e74169e,same,c8d453f09e389cec26cf,101,capacity,0.5
all,abstained,routing,16ef7bc916003e74169e,same,c8d453f09e389cec26cf,101,capacity,-0.5
all,abstained,interaction,16ef7bc916003e74169e,same,c8d453f09e389cec26cf,101,capacity,-1.0
all,abstained,content,16ef7bc916003e74169e,transfer,989814b7f01cf3a7b647,101,capacity,0.0
all,abstained,routing,16ef7bc916003e74169e,transfer,989814b7f01cf3a7b647,101,capacity,0.0
all,abstained,interaction,16ef7bc916003e74169e,transfer,989814b7f01cf3a7b647,101,capacity,0.0
all,abstained,content,1fab7553a93a7929d564,same,f3869c609ea0ea3fba48,101,dispatch,0.0
all,abstained,routing,1fab7553a93a7929d564,same,f3869c609ea0ea3fba48,101,dispatch,-1.0
all,abstained,interaction,1fab7553a93a7929d564,same,f3869c609ea0ea3fba48,101,dispatch,0.0
all,abstained,content,1fab7553a93a7929d564,transfer,96740845b77be39efb55,101,dispatch,0.0
all,abstained,routing,1fab7553a93a7929d564,transfer,96740845b77be39efb55,101,dispatch,0.0
all,abstained,interaction,1fab7553a93a7929d564,transfer,96740845b77be39efb55,101,dispatch,0.0
all,abstained,content,25f8b084653617d1e405,same,79d2add418d743759775,101,coverage,-0.5
all,abstained,routing,25f8b084653617d1e405,same,79d2add418d743759775,101,coverage,0.5
all,abstained,interaction,25f8b084653617d1e405,same,79d2add418d743759775,101,coverage,1.0
all,abstained,content,25f8b084653617d1e405,transfer,33bc5de6e9494599f629,101,coverage,-1.0
all,abstained,routing,25f8b084653617d1e405,transfer,33bc5de6e9494599f629,101,coverage,0.0
all,abstained,interaction,25f8b084653617d1e405,transfer,33bc5de6e9494599f629,101,coverage,0.0
all,abstained,content,2921c8d1b95f8cce6a99,same,c4e02df35c06206f2ea8,101,coverage,-1.0
all,abstained,routing,2921c8d1b95f8cce6a99,same,c4e02df35c06206f2ea8,101,coverage,0.0
all,abstained,interaction,2921c8d1b95f8cce6a99,same,c4e02df35c06206f2ea8,101,coverage,0.0
all,abstained,content,2921c8d1b95f8cce6a99,transfer,5d95b77f9a0ff0664ef6,101,coverage,1.0
all,abstained,routing,2921c8d1b95f8cce6a99,transfer,5d95b77f9a0ff0664ef6,101,coverage,0.0
all,abstained,interaction,2921c8d1b95f8cce6a99,transfer,5d95b77f9a0ff0664ef6,101,coverage,0.0
all,abstained,content,2b668e273b98c894674a,same,6817ab3bf1695d6b3fe5,101,energy,-0.5
all,abstained,routing,2b668e273b98c894674a,same,6817ab3bf1695d6b3fe5,101,energy,0.5
all,abstained,interaction,2b668e273b98c894674a,same,6817ab3bf1695d6b3fe5,101,energy,1.0
all,abstained,content,2b668e273b98c894674a,transfer,432b90738c3f2452a0c8,101,energy,0.0
all,abstained,routing,2b668e273b98c894674a,transfer,432b90738c3f2452a0c8,101,energy,0.0
all,abstained,interaction,2b668e273b98c894674a,transfer,432b90738c3f2452a0c8,101,energy,0.0
all,abstained,content,2f5b8a5a1eb7b8386a10,same,d3bf94d6313ca5d5aefe,101,capacity,0.0
all,abstained,routing,2f5b8a5a1eb7b8386a10,same,d3bf94d6313ca5d5aefe,101,capacity,0.0
all,abstained,interaction,2f5b8a5a1eb7b8386a10,same,d3bf94d6313ca5d5aefe,101,capacity,0.0
all,abstained,content,2f5b8a5a1eb7b8386a10,transfer,40fd4a9415a73f11a0f3,101,capacity,0.0
all,abstained,routing,2f5b8a5a1eb7b8386a10,transfer,40fd4a9415a73f11a0f3,101,capacity,0.0
all,abstained,interaction,2f5b8a5a1eb7b8386a10,transfer,40fd4a9415a73f11a0f3,101,capacity,0.0
all,abstained,content,30919affcdad33f553a0,same,427545bcf63541ec0753,101,coverage,0.5
all,abstained,routing,30919affcdad33f553a0,same,427545bcf63541ec0753,101,coverage,0.5
all,abstained,interaction,30919affcdad33f553a0,same,427545bcf63541ec0753,101,coverage,1.0
all,abstained,content,30919affcdad33f553a0,transfer,9195c26ffc0e47c47675,101,coverage,0.0
all,abstained,routing,30919affcdad33f553a0,transfer,9195c26ffc0e47c47675,101,coverage,0.0
all,abstained,interaction,30919affcdad33f553a0,transfer,9195c26ffc0e47c47675,101,coverage,0.0
all,abstained,content,35c569b002cf117953b8,same,47e1775ce77c9d9e2a98,101,dispatch,0.0
all,abstained,routing,35c569b002cf117953b8,same,47e1775ce77c9d9e2a98,101,dispatch,0.0
all,abstained,interaction,35c569b002cf117953b8,same,47e1775ce77c9d9e2a98,101,dispatch,0.0
all,abstained,content,35c569b002cf117953b8,transfer,40a8d93ef6bc7525f055,101,dispatch,0.0
all,abstained,routing,35c569b002cf117953b8,transfer,40a8d93ef6bc7525f055,101,dispatch,0.0
all,abstained,interaction,35c569b002cf117953b8,transfer,40a8d93ef6bc7525f055,101,dispatch,0.0
all,abstained,content,377691e3dbc218046453,same,50c70db49767ac2b54fd,101,capacity,0.0
all,abstained,routing,377691e3dbc218046453,same,50c70db49767ac2b54fd,101,capacity,0.0
all,abstained,interaction,377691e3dbc218046453,same,50c70db49767ac2b54fd,101,capacity,0.0
all,abstained,content,377691e3dbc218046453,transfer,c67bdbfd58d0c0fa905f,101,capacity,0.5
all,abstained,routing,377691e3dbc218046453,transfer,c67bdbfd58d0c0fa905f,101,capacity,0.5
all,abstained,interaction,377691e3dbc218046453,transfer,c67bdbfd58d0c0fa905f,101,capacity,1.0
all,abstained,content,3853022bab19520e686a,same,71980ea830c302a5bcd3,101,coverage,-1.0
all,abstained,routing,3853022bab19520e686a,same,71980ea830c302a5bcd3,101,coverage,0.0
all,abstained,interaction,3853022bab19520e686a,same,71980ea830c302a5bcd3,101,coverage,0.0
all,abstained,content,3853022bab19520e686a,transfer,1ec4572a5900b11b10ce,101,coverage,0.0
all,abstained,routing,3853022bab19520e686a,transfer,1ec4572a5900b11b10ce,101,coverage,0.0
all,abstained,interaction,3853022bab19520e686a,transfer,1ec4572a5900b11b10ce,101,coverage,0.0
all,abstained,content,48c3a38c076176e80033,same,42feb0b4436c8f010be0,101,energy,-0.5
all,abstained,routing,48c3a38c076176e80033,same,42feb0b4436c8f010be0,101,energy,0.5
all,abstained,interaction,48c3a38c076176e80033,same,42feb0b4436c8f010be0,101,energy,-1.0
all,abstained,content,48c3a38c076176e80033,transfer,853941796819126bd7bf,101,energy,-1.0
all,abstained,routing,48c3a38c076176e80033,transfer,853941796819126bd7bf,101,energy,0.0
all,abstained,interaction,48c3a38c076176e80033,transfer,853941796819126bd7bf,101,energy,0.0
all,abstained,content,56ef83093d6cfbf2d7ac,same,f5ea8b8682fe2061e5e5,101,coverage,-0.5
all,abstained,routing,56ef83093d6cfbf2d7ac,same,f5ea8b8682fe2061e5e5,101,coverage,-0.5
all,abstained,interaction,56ef83093d6cfbf2d7ac,same,f5ea8b8682fe2061e5e5,101,coverage,1.0
all,abstained,content,56ef83093d6cfbf2d7ac,transfer,969295e5dcacc083b16e,101,coverage,1.0
all,abstained,routing,56ef83093d6cfbf2d7ac,transfer,969295e5dcacc083b16e,101,coverage,0.0
all,abstained,interaction,56ef83093d6cfbf2d7ac,transfer,969295e5dcacc083b16e,101,coverage,0.0
all,recurrence,content,02a39a5320597b96fedd,same,e774f186be1e5269714c,101,capacity,0.0
all,recurrence,routing,02a39a5320597b96fedd,same,e774f186be1e5269714c,101,capacity,0.0
all,recurrence,interaction,02a39a5320597b96fedd,same,e774f186be1e5269714c,101,capacity,0.0
all,recurrence,content,02a39a5320597b96fedd,transfer,89e55df7434b1477acdf,101,capacity,-1.0
all,recurrence,routing,02a39a5320597b96fedd,transfer,89e55df7434b1477acdf,101,capacity,0.0
all,recurrence,interaction,02a39a5320597b96fedd,transfer,89e55df7434b1477acdf,101,capacity,0.0
all,recurrence,content,03219101985c4a812f33,same,4c80aca5d1439ced1356,101,storage,-1.0
all,recurrence,routing,03219101985c4a812f33,same,4c80aca5d1439ced1356,101,storage,0.0
all,recurrence,interaction,03219101985c4a812f33,same,4c80aca5d1439ced1356,101,storage,0.0
all,recurrence,content,03219101985c4a812f33,transfer,485e72e394c56d2a9a7d,101,storage,0.0
all,recurrence,routing,03219101985c4a812f33,transfer,485e72e394c56d2a9a7d,101,storage,0.0
all,recurrence,interaction,03219101985c4a812f33,transfer,485e72e394c56d2a9a7d,101,storage,0.0
all,recurrence,content,042ae2a6f1bbd663e541,same,3d766f486bde3697fcfe,101,capacity,0.0
all,recurrence,routing,042ae2a6f1bbd663e541,same,3d766f486bde3697fcfe,101,capacity,0.0
all,recurrence,interaction,042ae2a6f1bbd663e541,same,3d766f486bde3697fcfe,101,capacity,0.0
all,recurrence,content,042ae2a6f1bbd663e541,transfer,6f6932a6216fc5333006,101,capacity,0.0
all,recurrence,routing,042ae2a6f1bbd663e541,transfer,6f6932a6216fc5333006,101,capacity,0.0
all,recurrence,interaction,042ae2a6f1bbd663e541,transfer,6f6932a6216fc5333006,101,capacity,0.0
all,recurrence,content,05105e2b2401f4b85359,same,4ba9234a48df13dba177,101,penalty,0.5
all,recurrence,routing,05105e2b2401f4b85359,same,4ba9234a48df13dba177,101,penalty,0.5
all,recurrence,interaction,05105e2b2401f4b85359,same,4ba9234a48df13dba177,101,penalty,-1.0
all,recurrence,content,05105e2b2401f4b85359,transfer,4cedddea146c5c62c87f,101,penalty,0.0
all,recurrence,routing,05105e2b2401f4b85359,transfer,4cedddea146c5c62c87f,101,penalty,0.0
all,recurrence,interaction,05105e2b2401f4b85359,transfer,4cedddea146c5c62c87f,101,penalty,0.0
all,recurrence,content,06496beef241512a18eb,same,b72394b366ea85326e24,101,energy,0.5
all,recurrence,routing,06496beef241512a18eb,same,b72394b366ea85326e24,101,energy,0.5
all,recurrence,interaction,06496beef241512a18eb,same,b72394b366ea85326e24,101,energy,-1.0
all,recurrence,content,06496beef241512a18eb,transfer,59cec6cf031f1b4641d6,101,energy,0.0
all,recurrence,routing,06496beef241512a18eb,transfer,59cec6cf031f1b4641d6,101,energy,0.0
all,recurrence,interaction,06496beef241512a18eb,transfer,59cec6cf031f1b4641d6,101,energy,0.0
all,recurrence,content,089c614941a92a189165,same,ead4ff284929e064707f,101,penalty,-1.0
all,recurrence,routing,089c614941a92a189165,same,ead4ff284929e064707f,101,penalty,0.0
all,recurrence,interaction,089c614941a92a189165,same,ead4ff284929e064707f,101,penalty,0.0
all,recurrence,content,089c614941a92a189165,transfer,7d003427097c9bde2d35,101,penalty,0.0
all,recurrence,routing,089c614941a92a189165,transfer,7d003427097c9bde2d35,101,penalty,0.0
all,recurrence,interaction,089c614941a92a189165,transfer,7d003427097c9bde2d35,101,penalty,0.0
all,recurrence,content,0929170251c4d40d7e20,same,e8594d2118c07c5a1814,101,penalty,-1.0
all,recurrence,routing,0929170251c4d40d7e20,same,e8594d2118c07c5a1814,101,penalty,0.0
all,recurrence,interaction,0929170251c4d40d7e20,same,e8594d2118c07c5a1814,101,penalty,0.0
all,recurrence,content,0929170251c4d40d7e20,transfer,c629ad33503d7610097b,101,penalty,0.0
all,recurrence,routing,0929170251c4d40d7e20,transfer,c629ad33503d7610097b,101,penalty,0.0
all,recurrence,interaction,0929170251c4d40d7e20,transfer,c629ad33503d7610097b,101,penalty,0.0
all,recurrence,content,09ee9367f1a3ee020716,same,ec91af86b6083e2953b5,101,storage,1.0
all,recurrence,routing,09ee9367f1a3ee020716,same,ec91af86b6083e2953b5,101,storage,0.0
all,recurrence,interaction,09ee9367f1a3ee020716,same,ec91af86b6083e2953b5,101,storage,0.0
all,recurrence,content,09ee9367f1a3ee020716,transfer,5e182303f627200f5cf2,101,storage,0.0
all,recurrence,routing,09ee9367f1a3ee020716,transfer,5e182303f627200f5cf2,101,storage,0.0
all,recurrence,interaction,09ee9367f1a3ee020716,transfer,5e182303f627200f5cf2,101,storage,0.0
all,recurrence,content,0f3b157a54e7a958f30f,same,a7215a5e45561cf480c3,101,dispatch,-0.5
all,recurrence,routing,0f3b157a54e7a958f30f,same,a7215a5e45561cf480c3,101,dispatch,0.5
all,recurrence,interaction,0f3b157a54e7a958f30f,same,a7215a5e45561cf480c3,101,dispatch,1.0
all,recurrence,content,0f3b157a54e7a958f30f,transfer,e9eef8850639ebde4807,101,dispatch,0.0
all,recurrence,routing,0f3b157a54e7a958f30f,transfer,e9eef8850639ebde4807,101,dispatch,0.0
all,recurrence,interaction,0f3b157a54e7a958f30f,transfer,e9eef8850639ebde4807,101,dispatch,0.0
all,recurrence,content,106a2be8c3b09c3744b6,same,bb2444843dc023fe637a,101,energy,0.0
all,recurrence,routing,106a2be8c3b09c3744b6,same,bb2444843dc023fe637a,101,energy,0.0
all,recurrence,interaction,106a2be8c3b09c3744b6,same,bb2444843dc023fe637a,101,energy,0.0
all,recurrence,content,106a2be8c3b09c3744b6,transfer,4698caafe8d15b69d12e,101,energy,0.0
all,recurrence,routing,106a2be8c3b09c3744b6,transfer,4698caafe8d15b69d12e,101,energy,0.0
all,recurrence,interaction,106a2be8c3b09c3744b6,transfer,4698caafe8d15b69d12e,101,energy,0.0
all,recurrence,content,11cf04f57e7cf62693fc,same,209b7551f727fc51506e,101,storage,0.0
all,recurrence,routing,11cf04f57e7cf62693fc,same,209b7551f727fc51506e,101,storage,0.0
all,recurrence,interaction,11cf04f57e7cf62693fc,same,209b7551f727fc51506e,101,storage,0.0
all,recurrence,content,11cf04f57e7cf62693fc,transfer,710e4b81f0caf532f31b,101,storage,0.0
all,recurrence,routing,11cf04f57e7cf62693fc,transfer,710e4b81f0caf532f31b,101,storage,0.0
all,recurrence,interaction,11cf04f57e7cf62693fc,transfer,710e4b81f0caf532f31b,101,storage,0.0
all,recurrence,content,13af5df9ee91b4ddddc5,same,f234cde10ec6c1db10a4,101,coverage,-0.5
all,recurrence,routing,13af5df9ee91b4ddddc5,same,f234cde10ec6c1db10a4,101,coverage,0.5
all,recurrence,interaction,13af5df9ee91b4ddddc5,same,f234cde10ec6c1db10a4,101,coverage,1.0
all,recurrence,content,13af5df9ee91b4ddddc5,transfer,e0f7ae38aa1819681d94,101,coverage,0.0
all,recurrence,routing,13af5df9ee91b4ddddc5,transfer,e0f7ae38aa1819681d94,101,coverage,0.0
all,recurrence,interaction,13af5df9ee91b4ddddc5,transfer,e0f7ae38aa1819681d94,101,coverage,0.0
all,recurrence,content,16ef7bc916003e74169e,same,c8d453f09e389cec26cf,101,capacity,-0.5
all,recurrence,routing,16ef7bc916003e74169e,same,c8d453f09e389cec26cf,101,capacity,0.5
all,recurrence,interaction,16ef7bc916003e74169e,same,c8d453f09e389cec26cf,101,capacity,1.0
all,recurrence,content,16ef7bc916003e74169e,transfer,989814b7f01cf3a7b647,101,capacity,0.0
all,recurrence,routing,16ef7bc916003e74169e,transfer,989814b7f01cf3a7b647,101,capacity,0.0
all,recurrence,interaction,16ef7bc916003e74169e,transfer,989814b7f01cf3a7b647,101,capacity,0.0
all,recurrence,content,1fab7553a93a7929d564,same,f3869c609ea0ea3fba48,101,dispatch,0.0
all,recurrence,routing,1fab7553a93a7929d564,same,f3869c609ea0ea3fba48,101,dispatch,1.0
all,recurrence,interaction,1fab7553a93a7929d564,same,f3869c609ea0ea3fba48,101,dispatch,0.0
all,recurrence,content,1fab7553a93a7929d564,transfer,96740845b77be39efb55,101,dispatch,-1.0
all,recurrence,routing,1fab7553a93a7929d564,transfer,96740845b77be39efb55,101,dispatch,0.0
all,recurrence,interaction,1fab7553a93a7929d564,transfer,96740845b77be39efb55,101,dispatch,0.0
all,recurrence,content,25f8b084653617d1e405,same,79d2add418d743759775,101,coverage,0.5
all,recurrence,routing,25f8b084653617d1e405,same,79d2add418d743759775,101,coverage,-0.5
all,recurrence,interaction,25f8b084653617d1e405,same,79d2add418d743759775,101,coverage,-1.0
all,recurrence,content,25f8b084653617d1e405,transfer,33bc5de6e9494599f629,101,coverage,0.0
all,recurrence,routing,25f8b084653617d1e405,transfer,33bc5de6e9494599f629,101,coverage,0.0
all,recurrence,interaction,25f8b084653617d1e405,transfer,33bc5de6e9494599f629,101,coverage,0.0
all,recurrence,content,2921c8d1b95f8cce6a99,same,c4e02df35c06206f2ea8,101,coverage,1.0
all,recurrence,routing,2921c8d1b95f8cce6a99,same,c4e02df35c06206f2ea8,101,coverage,0.0
all,recurrence,interaction,2921c8d1b95f8cce6a99,same,c4e02df35c06206f2ea8,101,coverage,0.0
all,recurrence,content,2921c8d1b95f8cce6a99,transfer,5d95b77f9a0ff0664ef6,101,coverage,-1.0
all,recurrence,routing,2921c8d1b95f8cce6a99,transfer,5d95b77f9a0ff0664ef6,101,coverage,0.0
all,recurrence,interaction,2921c8d1b95f8cce6a99,transfer,5d95b77f9a0ff0664ef6,101,coverage,0.0
all,recurrence,content,2b668e273b98c894674a,same,6817ab3bf1695d6b3fe5,101,energy,0.0
all,recurrence,routing,2b668e273b98c894674a,same,6817ab3bf1695d6b3fe5,101,energy,-1.0
all,recurrence,interaction,2b668e273b98c894674a,same,6817ab3bf1695d6b3fe5,101,energy,0.0
all,recurrence,content,2b668e273b98c894674a,transfer,432b90738c3f2452a0c8,101,energy,0.0
all,recurrence,routing,2b668e273b98c894674a,transfer,432b90738c3f2452a0c8,101,energy,0.0
all,recurrence,interaction,2b668e273b98c894674a,transfer,432b90738c3f2452a0c8,101,energy,0.0
all,recurrence,content,2f5b8a5a1eb7b8386a10,same,d3bf94d6313ca5d5aefe,101,capacity,0.0
all,recurrence,routing,2f5b8a5a1eb7b8386a10,same,d3bf94d6313ca5d5aefe,101,capacity,0.0
all,recurrence,interaction,2f5b8a5a1eb7b8386a10,same,d3bf94d6313ca5d5aefe,101,capacity,0.0
all,recurrence,content,2f5b8a5a1eb7b8386a10,transfer,40fd4a9415a73f11a0f3,101,capacity,0.0
all,recurrence,routing,2f5b8a5a1eb7b8386a10,transfer,40fd4a9415a73f11a0f3,101,capacity,0.0
all,recurrence,interaction,2f5b8a5a1eb7b8386a10,transfer,40fd4a9415a73f11a0f3,101,capacity,0.0
all,recurrence,content,30919affcdad33f553a0,same,427545bcf63541ec0753,101,coverage,-0.5
all,recurrence,routing,30919affcdad33f553a0,same,427545bcf63541ec0753,101,coverage,-0.5
all,recurrence,interaction,30919affcdad33f553a0,same,427545bcf63541ec0753,101,coverage,-1.0
all,recurrence,content,30919affcdad33f553a0,transfer,9195c26ffc0e47c47675,101,coverage,0.0
all,recurrence,routing,30919affcdad33f553a0,transfer,9195c26ffc0e47c47675,101,coverage,0.0
all,recurrence,interaction,30919affcdad33f553a0,transfer,9195c26ffc0e47c47675,101,coverage,0.0
all,recurrence,content,35c569b002cf117953b8,same,47e1775ce77c9d9e2a98,101,dispatch,0.0
all,recurrence,routing,35c569b002cf117953b8,same,47e1775ce77c9d9e2a98,101,dispatch,0.0
all,recurrence,interaction,35c569b002cf117953b8,same,47e1775ce77c9d9e2a98,101,dispatch,0.0
all,recurrence,content,35c569b002cf117953b8,transfer,40a8d93ef6bc7525f055,101,dispatch,0.0
all,recurrence,routing,35c569b002cf117953b8,transfer,40a8d93ef6bc7525f055,101,dispatch,0.0
all,recurrence,interaction,35c569b002cf117953b8,transfer,40a8d93ef6bc7525f055,101,dispatch,0.0
all,recurrence,content,377691e3dbc218046453,same,50c70db49767ac2b54fd,101,capacity,0.0
all,recurrence,routing,377691e3dbc218046453,same,50c70db49767ac2b54fd,101,capacity,0.0
all,recurrence,interaction,377691e3dbc218046453,same,50c70db49767ac2b54fd,101,capacity,0.0
all,recurrence,content,377691e3dbc218046453,transfer,c67bdbfd58d0c0fa905f,101,capacity,-0.5
all,recurrence,routing,377691e3dbc218046453,transfer,c67bdbfd58d0c0fa905f,101,capacity,-0.5
all,recurrence,interaction,377691e3dbc218046453,transfer,c67bdbfd58d0c0fa905f,101,capacity,-1.0
all,recurrence,content,3853022bab19520e686a,same,71980ea830c302a5bcd3,101,coverage,1.0
all,recurrence,routing,3853022bab19520e686a,same,71980ea830c302a5bcd3,101,coverage,0.0
all,recurrence,interaction,3853022bab19520e686a,same,71980ea830c302a5bcd3,101,coverage,0.0
all,recurrence,content,3853022bab19520e686a,transfer,1ec4572a5900b11b10ce,101,coverage,0.0
all,recurrence,routing,3853022bab19520e686a,transfer,1ec4572a5900b11b10ce,101,coverage,0.0
all,recurrence,interaction,3853022bab19520e686a,transfer,1ec4572a5900b11b10ce,101,coverage,0.0
all,recurrence,content,48c3a38c076176e80033,same,42feb0b4436c8f010be0,101,energy,0.5
all,recurrence,routing,48c3a38c076176e80033,same,42feb0b4436c8f010be0,101,energy,-0.5
all,recurrence,interaction,48c3a38c076176e80033,same,42feb0b4436c8f010be0,101,energy,1.0
all,recurrence,content,48c3a38c076176e80033,transfer,853941796819126bd7bf,101,energy,1.0
all,recurrence,routing,48c3a38c076176e80033,transfer,853941796819126bd7bf,101,energy,0.0
all,recurrence,interaction,48c3a38c076176e80033,transfer,853941796819126bd7bf,101,energy,0.0
all,recurrence,content,56ef83093d6cfbf2d7ac,same,f5ea8b8682fe2061e5e5,101,coverage,0.5
all,recurrence,routing,56ef83093d6cfbf2d7ac,same,f5ea8b8682fe2061e5e5,101,coverage,0.5
all,recurrence,interaction,56ef83093d6cfbf2d7ac,same,f5ea8b8682fe2061e5e5,101,coverage,-1.0
all,recurrence,content,56ef83093d6cfbf2d7ac,transfer,969295e5dcacc083b16e,101,coverage,-1.0
all,recurrence,routing,56ef83093d6cfbf2d7ac,transfer,969295e5dcacc083b16e,101,coverage,0.0
all,recurrence,interaction,56ef83093d6cfbf2d7ac,transfer,969295e5dcacc083b16e,101,coverage,0.0
all,target_avoided_but_failed,content,02a39a5320597b96fedd,same,e774f186be1e5269714c,101,capacity,0.0
all,target_avoided_but_failed,routing,02a39a5320597b96fedd,same,e774f186be1e5269714c,101,capacity,0.0
all,target_avoided_but_failed,interaction,02a39a5320597b96fedd,same,e774f186be1e5269714c,101,capacity,0.0
all,target_avoided_but_failed,content,02a39a5320597b96fedd,transfer,89e55df7434b1477acdf,101,capacity,1.0
all,target_avoided_but_failed,routing,02a39a5320597b96fedd,transfer,89e55df7434b1477acdf,101,capacity,0.0
all,target_avoided_but_failed,interaction,02a39a5320597b96fedd,transfer,89e55df7434b1477acdf,101,capacity,0.0
all,target_avoided_but_failed,content,03219101985c4a812f33,same,4c80aca5d1439ced1356,101,storage,1.0
all,target_avoided_but_failed,routing,03219101985c4a812f33,same,4c80aca5d1439ced1356,101,storage,0.0
all,target_avoided_but_failed,interaction,03219101985c4a812f33,same,4c80aca5d1439ced1356,101,storage,0.0
all,target_avoided_but_failed,content,03219101985c4a812f33,transfer,485e72e394c56d2a9a7d,101,storage,0.0
all,target_avoided_but_failed,routing,03219101985c4a812f33,transfer,485e72e394c56d2a9a7d,101,storage,0.0
all,target_avoided_but_failed,interaction,03219101985c4a812f33,transfer,485e72e394c56d2a9a7d,101,storage,0.0
all,target_avoided_but_failed,content,042ae2a6f1bbd663e541,same,3d766f486bde3697fcfe,101,capacity,0.0
all,target_avoided_but_failed,routing,042ae2a6f1bbd663e541,same,3d766f486bde3697fcfe,101,capacity,0.0
all,target_avoided_but_failed,interaction,042ae2a6f1bbd663e541,same,3d766f486bde3697fcfe,101,capacity,0.0
all,target_avoided_but_failed,content,042ae2a6f1bbd663e541,transfer,6f6932a6216fc5333006,101,capacity,0.0
all,target_avoided_but_failed,routing,042ae2a6f1bbd663e541,transfer,6f6932a6216fc5333006,101,capacity,0.0
all,target_avoided_but_failed,interaction,042ae2a6f1bbd663e541,transfer,6f6932a6216fc5333006,101,capacity,0.0
all,target_avoided_but_failed,content,05105e2b2401f4b85359,same,4ba9234a48df13dba177,101,penalty,-0.5
all,target_avoided_but_failed,routing,05105e2b2401f4b85359,same,4ba9234a48df13dba177,101,penalty,-0.5
all,target_avoided_but_failed,interaction,05105e2b2401f4b85359,same,4ba9234a48df13dba177,101,penalty,1.0
all,target_avoided_but_failed,content,05105e2b2401f4b85359,transfer,4cedddea146c5c62c87f,101,penalty,0.0
all,target_avoided_but_failed,routing,05105e2b2401f4b85359,transfer,4cedddea146c5c62c87f,101,penalty,0.0
all,target_avoided_but_failed,interaction,05105e2b2401f4b85359,transfer,4cedddea146c5c62c87f,101,penalty,0.0
all,target_avoided_but_failed,content,06496beef241512a18eb,same,b72394b366ea85326e24,101,energy,-0.5
all,target_avoided_but_failed,routing,06496beef241512a18eb,same,b72394b366ea85326e24,101,energy,-0.5
all,target_avoided_but_failed,interaction,06496beef241512a18eb,same,b72394b366ea85326e24,101,energy,1.0
all,target_avoided_but_failed,content,06496beef241512a18eb,transfer,59cec6cf031f1b4641d6,101,energy,0.0
all,target_avoided_but_failed,routing,06496beef241512a18eb,transfer,59cec6cf031f1b4641d6,101,energy,0.0
all,target_avoided_but_failed,interaction,06496beef241512a18eb,transfer,59cec6cf031f1b4641d6,101,energy,0.0
all,target_avoided_but_failed,content,089c614941a92a189165,same,ead4ff284929e064707f,101,penalty,1.0
all,target_avoided_but_failed,routing,089c614941a92a189165,same,ead4ff284929e064707f,101,penalty,0.0
all,target_avoided_but_failed,interaction,089c614941a92a189165,same,ead4ff284929e064707f,101,penalty,0.0
all,target_avoided_but_failed,content,089c614941a92a189165,transfer,7d003427097c9bde2d35,101,penalty,0.0
all,target_avoided_but_failed,routing,089c614941a92a189165,transfer,7d003427097c9bde2d35,101,penalty,0.0
all,target_avoided_but_failed,interaction,089c614941a92a189165,transfer,7d003427097c9bde2d35,101,penalty,0.0
all,target_avoided_but_failed,content,0929170251c4d40d7e20,same,e8594d2118c07c5a1814,101,penalty,1.0
all,target_avoided_but_failed,routing,0929170251c4d40d7e20,same,e8594d2118c07c5a1814,101,penalty,0.0
all,target_avoided_but_failed,interaction,0929170251c4d40d7e20,same,e8594d2118c07c5a1814,101,penalty,0.0
all,target_avoided_but_failed,content,0929170251c4d40d7e20,transfer,c629ad33503d7610097b,101,penalty,0.0
all,target_avoided_but_failed,routing,0929170251c4d40d7e20,transfer,c629ad33503d7610097b,101,penalty,0.0
all,target_avoided_but_failed,interaction,0929170251c4d40d7e20,transfer,c629ad33503d7610097b,101,penalty,0.0
all,target_avoided_but_failed,content,09ee9367f1a3ee020716,same,ec91af86b6083e2953b5,101,storage,-1.0
all,target_avoided_but_failed,routing,09ee9367f1a3ee020716,same,ec91af86b6083e2953b5,101,storage,0.0
all,target_avoided_but_failed,interaction,09ee9367f1a3ee020716,same,ec91af86b6083e2953b5,101,storage,0.0
all,target_avoided_but_failed,content,09ee9367f1a3ee020716,transfer,5e182303f627200f5cf2,101,storage,0.0
all,target_avoided_but_failed,routing,09ee9367f1a3ee020716,transfer,5e182303f627200f5cf2,101,storage,0.0
all,target_avoided_but_failed,interaction,09ee9367f1a3ee020716,transfer,5e182303f627200f5cf2,101,storage,0.0
all,target_avoided_but_failed,content,0f3b157a54e7a958f30f,same,a7215a5e45561cf480c3,101,dispatch,0.5
all,target_avoided_but_failed,routing,0f3b157a54e7a958f30f,same,a7215a5e45561cf480c3,101,dispatch,-0.5
all,target_avoided_but_failed,interaction,0f3b157a54e7a958f30f,same,a7215a5e45561cf480c3,101,dispatch,-1.0
all,target_avoided_but_failed,content,0f3b157a54e7a958f30f,transfer,e9eef8850639ebde4807,101,dispatch,0.0
all,target_avoided_but_failed,routing,0f3b157a54e7a958f30f,transfer,e9eef8850639ebde4807,101,dispatch,0.0
all,target_avoided_but_failed,interaction,0f3b157a54e7a958f30f,transfer,e9eef8850639ebde4807,101,dispatch,0.0
all,target_avoided_but_failed,content,106a2be8c3b09c3744b6,same,bb2444843dc023fe637a,101,energy,0.0
all,target_avoided_but_failed,routing,106a2be8c3b09c3744b6,same,bb2444843dc023fe637a,101,energy,0.0
all,target_avoided_but_failed,interaction,106a2be8c3b09c3744b6,same,bb2444843dc023fe637a,101,energy,0.0
all,target_avoided_but_failed,content,106a2be8c3b09c3744b6,transfer,4698caafe8d15b69d12e,101,energy,0.0
all,target_avoided_but_failed,routing,106a2be8c3b09c3744b6,transfer,4698caafe8d15b69d12e,101,energy,0.0
all,target_avoided_but_failed,interaction,106a2be8c3b09c3744b6,transfer,4698caafe8d15b69d12e,101,energy,0.0
all,target_avoided_but_failed,content,11cf04f57e7cf62693fc,same,209b7551f727fc51506e,101,storage,0.0
all,target_avoided_but_failed,routing,11cf04f57e7cf62693fc,same,209b7551f727fc51506e,101,storage,0.0
all,target_avoided_but_failed,interaction,11cf04f57e7cf62693fc,same,209b7551f727fc51506e,101,storage,0.0
all,target_avoided_but_failed,content,11cf04f57e7cf62693fc,transfer,710e4b81f0caf532f31b,101,storage,0.0
all,target_avoided_but_failed,routing,11cf04f57e7cf62693fc,transfer,710e4b81f0caf532f31b,101,storage,0.0
all,target_avoided_but_failed,interaction,11cf04f57e7cf62693fc,transfer,710e4b81f0caf532f31b,101,storage,0.0
all,target_avoided_but_failed,content,13af5df9ee91b4ddddc5,same,f234cde10ec6c1db10a4,101,coverage,0.5
all,target_avoided_but_failed,routing,13af5df9ee91b4ddddc5,same,f234cde10ec6c1db10a4,101,coverage,-0.5
all,target_avoided_but_failed,interaction,13af5df9ee91b4ddddc5,same,f234cde10ec6c1db10a4,101,coverage,-1.0
all,target_avoided_but_failed,content,13af5df9ee91b4ddddc5,transfer,e0f7ae38aa1819681d94,101,coverage,0.0
all,target_avoided_but_failed,routing,13af5df9ee91b4ddddc5,transfer,e0f7ae38aa1819681d94,101,coverage,0.0
all,target_avoided_but_failed,interaction,13af5df9ee91b4ddddc5,transfer,e0f7ae38aa1819681d94,101,coverage,0.0
all,target_avoided_but_failed,content,16ef7bc916003e74169e,same,c8d453f09e389cec26cf,101,capacity,0.5
all,target_avoided_but_failed,routing,16ef7bc916003e74169e,same,c8d453f09e389cec26cf,101,capacity,-0.5
all,target_avoided_but_failed,interaction,16ef7bc916003e74169e,same,c8d453f09e389cec26cf,101,capacity,-1.0
all,target_avoided_but_failed,content,16ef7bc916003e74169e,transfer,989814b7f01cf3a7b647,101,capacity,0.0
all,target_avoided_but_failed,routing,16ef7bc916003e74169e,transfer,989814b7f01cf3a7b647,101,capacity,0.0
all,target_avoided_but_failed,interaction,16ef7bc916003e74169e,transfer,989814b7f01cf3a7b647,101,capacity,0.0
all,target_avoided_but_failed,content,1fab7553a93a7929d564,same,f3869c609ea0ea3fba48,101,dispatch,0.0
all,target_avoided_but_failed,routing,1fab7553a93a7929d564,same,f3869c609ea0ea3fba48,101,dispatch,-1.0
all,target_avoided_but_failed,interaction,1fab7553a93a7929d564,same,f3869c609ea0ea3fba48,101,dispatch,0.0
all,target_avoided_but_failed,content,1fab7553a93a7929d564,transfer,96740845b77be39efb55,101,dispatch,1.0
all,target_avoided_but_failed,routing,1fab7553a93a7929d564,transfer,96740845b77be39efb55,101,dispatch,0.0
all,target_avoided_but_failed,interaction,1fab7553a93a7929d564,transfer,96740845b77be39efb55,101,dispatch,0.0
all,target_avoided_but_failed,content,25f8b084653617d1e405,same,79d2add418d743759775,101,coverage,-0.5
all,target_avoided_but_failed,routing,25f8b084653617d1e405,same,79d2add418d743759775,101,coverage,0.5
all,target_avoided_but_failed,interaction,25f8b084653617d1e405,same,79d2add418d743759775,101,coverage,1.0
all,target_avoided_but_failed,content,25f8b084653617d1e405,transfer,33bc5de6e9494599f629,101,coverage,0.0
all,target_avoided_but_failed,routing,25f8b084653617d1e405,transfer,33bc5de6e9494599f629,101,coverage,0.0
all,target_avoided_but_failed,interaction,25f8b084653617d1e405,transfer,33bc5de6e9494599f629,101,coverage,0.0
all,target_avoided_but_failed,content,2921c8d1b95f8cce6a99,same,c4e02df35c06206f2ea8,101,coverage,-1.0
all,target_avoided_but_failed,routing,2921c8d1b95f8cce6a99,same,c4e02df35c06206f2ea8,101,coverage,0.0
all,target_avoided_but_failed,interaction,2921c8d1b95f8cce6a99,same,c4e02df35c06206f2ea8,101,coverage,0.0
all,target_avoided_but_failed,content,2921c8d1b95f8cce6a99,transfer,5d95b77f9a0ff0664ef6,101,coverage,1.0
all,target_avoided_but_failed,routing,2921c8d1b95f8cce6a99,transfer,5d95b77f9a0ff0664ef6,101,coverage,0.0
all,target_avoided_but_failed,interaction,2921c8d1b95f8cce6a99,transfer,5d95b77f9a0ff0664ef6,101,coverage,0.0
all,target_avoided_but_failed,content,2b668e273b98c894674a,same,6817ab3bf1695d6b3fe5,101,energy,0.0
all,target_avoided_but_failed,routing,2b668e273b98c894674a,same,6817ab3bf1695d6b3fe5,101,energy,1.0
all,target_avoided_but_failed,interaction,2b668e273b98c894674a,same,6817ab3bf1695d6b3fe5,101,energy,0.0
all,target_avoided_but_failed,content,2b668e273b98c894674a,transfer,432b90738c3f2452a0c8,101,energy,0.0
all,target_avoided_but_failed,routing,2b668e273b98c894674a,transfer,432b90738c3f2452a0c8,101,energy,0.0
all,target_avoided_but_failed,interaction,2b668e273b98c894674a,transfer,432b90738c3f2452a0c8,101,energy,0.0
all,target_avoided_but_failed,content,2f5b8a5a1eb7b8386a10,same,d3bf94d6313ca5d5aefe,101,capacity,0.0
all,target_avoided_but_failed,routing,2f5b8a5a1eb7b8386a10,same,d3bf94d6313ca5d5aefe,101,capacity,0.0
all,target_avoided_but_failed,interaction,2f5b8a5a1eb7b8386a10,same,d3bf94d6313ca5d5aefe,101,capacity,0.0
all,target_avoided_but_failed,content,2f5b8a5a1eb7b8386a10,transfer,40fd4a9415a73f11a0f3,101,capacity,0.0
all,target_avoided_but_failed,routing,2f5b8a5a1eb7b8386a10,transfer,40fd4a9415a73f11a0f3,101,capacity,0.0
all,target_avoided_but_failed,interaction,2f5b8a5a1eb7b8386a10,transfer,40fd4a9415a73f11a0f3,101,capacity,0.0
all,target_avoided_but_failed,content,30919affcdad33f553a0,same,427545bcf63541ec0753,101,coverage,0.5
all,target_avoided_but_failed,routing,30919affcdad33f553a0,same,427545bcf63541ec0753,101,coverage,0.5
all,target_avoided_but_failed,interaction,30919affcdad33f553a0,same,427545bcf63541ec0753,101,coverage,1.0
all,target_avoided_but_failed,content,30919affcdad33f553a0,transfer,9195c26ffc0e47c47675,101,coverage,0.0
all,target_avoided_but_failed,routing,30919affcdad33f553a0,transfer,9195c26ffc0e47c47675,101,coverage,0.0
all,target_avoided_but_failed,interaction,30919affcdad33f553a0,transfer,9195c26ffc0e47c47675,101,coverage,0.0
all,target_avoided_but_failed,content,35c569b002cf117953b8,same,47e1775ce77c9d9e2a98,101,dispatch,0.0
all,target_avoided_but_failed,routing,35c569b002cf117953b8,same,47e1775ce77c9d9e2a98,101,dispatch,0.0
all,target_avoided_but_failed,interaction,35c569b002cf117953b8,same,47e1775ce77c9d9e2a98,101,dispatch,0.0
all,target_avoided_but_failed,content,35c569b002cf117953b8,transfer,40a8d93ef6bc7525f055,101,dispatch,0.0
all,target_avoided_but_failed,routing,35c569b002cf117953b8,transfer,40a8d93ef6bc7525f055,101,dispatch,0.0
all,target_avoided_but_failed,interaction,35c569b002cf117953b8,transfer,40a8d93ef6bc7525f055,101,dispatch,0.0
all,target_avoided_but_failed,content,377691e3dbc218046453,same,50c70db49767ac2b54fd,101,capacity,0.0
all,target_avoided_but_failed,routing,377691e3dbc218046453,same,50c70db49767ac2b54fd,101,capacity,0.0
all,target_avoided_but_failed,interaction,377691e3dbc218046453,same,50c70db49767ac2b54fd,101,capacity,0.0
all,target_avoided_but_failed,content,377691e3dbc218046453,transfer,c67bdbfd58d0c0fa905f,101,capacity,0.5
all,target_avoided_but_failed,routing,377691e3dbc218046453,transfer,c67bdbfd58d0c0fa905f,101,capacity,0.5
all,target_avoided_but_failed,interaction,377691e3dbc218046453,transfer,c67bdbfd58d0c0fa905f,101,capacity,1.0
all,target_avoided_but_failed,content,3853022bab19520e686a,same,71980ea830c302a5bcd3,101,coverage,-1.0
all,target_avoided_but_failed,routing,3853022bab19520e686a,same,71980ea830c302a5bcd3,101,coverage,0.0
all,target_avoided_but_failed,interaction,3853022bab19520e686a,same,71980ea830c302a5bcd3,101,coverage,0.0
all,target_avoided_but_failed,content,3853022bab19520e686a,transfer,1ec4572a5900b11b10ce,101,coverage,0.0
all,target_avoided_but_failed,routing,3853022bab19520e686a,transfer,1ec4572a5900b11b10ce,101,coverage,0.0
all,target_avoided_but_failed,interaction,3853022bab19520e686a,transfer,1ec4572a5900b11b10ce,101,coverage,0.0
all,target_avoided_but_failed,content,48c3a38c076176e80033,same,42feb0b4436c8f010be0,101,energy,-0.5
all,target_avoided_but_failed,routing,48c3a38c076176e80033,same,42feb0b4436c8f010be0,101,energy,0.5
all,target_avoided_but_failed,interaction,48c3a38c076176e80033,same,42feb0b4436c8f010be0,101,energy,-1.0
all,target_avoided_but_failed,content,48c3a38c076176e80033,transfer,853941796819126bd7bf,101,energy,-1.0
all,target_avoided_but_failed,routing,48c3a38c076176e80033,transfer,853941796819126bd7bf,101,energy,0.0
all,target_avoided_but_failed,interaction,48c3a38c076176e80033,transfer,853941796819126bd7bf,101,energy,0.0
all,target_avoided_but_failed,content,56ef83093d6cfbf2d7ac,same,f5ea8b8682fe2061e5e5,101,coverage,-0.5
all,target_avoided_but_failed,routing,56ef83093d6cfbf2d7ac,same,f5ea8b8682fe2061e5e5,101,coverage,-0.5
all,target_avoided_but_failed,interaction,56ef83093d6cfbf2d7ac,same,f5ea8b8682fe2061e5e5,101,coverage,1.0
all,target_avoided_but_failed,content,56ef83093d6cfbf2d7ac,transfer,969295e5dcacc083b16e,101,coverage,1.0
all,target_avoided_but_failed,routing,56ef83093d6cfbf2d7ac,transfer,969295e5dcacc083b16e,101,coverage,0.0
all,target_avoided_but_failed,interaction,56ef83093d6cfbf2d7ac,transfer,969295e5dcacc083b16e,101,coverage,0.0
all,any_new_error,content,02a39a5320597b96fedd,same,e774f186be1e5269714c,101,capacity,0.0
all,any_new_error,routing,02a39a5320597b96fedd,same,e774f186be1e5269714c,101,capacity,0.0
all,any_new_error,interaction,02a39a5320597b96fedd,same,e774f186be1e5269714c,101,capacity,0.0
all,any_new_error,content,02a39a5320597b96fedd,transfer,89e55df7434b1477acdf,101,capacity,-1.0
all,any_new_error,routing,02a39a5320597b96fedd,transfer,89e55df7434b1477acdf,101,capacity,0.0
all,any_new_error,interaction,02a39a5320597b96fedd,transfer,89e55df7434b1477acdf,101,capacity,0.0
all,any_new_error,content,03219101985c4a812f33,same,4c80aca5d1439ced1356,101,storage,-1.0
all,any_new_error,routing,03219101985c4a812f33,same,4c80aca5d1439ced1356,101,storage,0.0
all,any_new_error,interaction,03219101985c4a812f33,same,4c80aca5d1439ced1356,101,storage,0.0
all,any_new_error,content,03219101985c4a812f33,transfer,485e72e394c56d2a9a7d,101,storage,0.0
all,any_new_error,routing,03219101985c4a812f33,transfer,485e72e394c56d2a9a7d,101,storage,0.0
all,any_new_error,interaction,03219101985c4a812f33,transfer,485e72e394c56d2a9a7d,101,storage,0.0
all,any_new_error,content,042ae2a6f1bbd663e541,same,3d766f486bde3697fcfe,101,capacity,0.0
all,any_new_error,routing,042ae2a6f1bbd663e541,same,3d766f486bde3697fcfe,101,capacity,0.0
all,any_new_error,interaction,042ae2a6f1bbd663e541,same,3d766f486bde3697fcfe,101,capacity,0.0
all,any_new_error,content,042ae2a6f1bbd663e541,transfer,6f6932a6216fc5333006,101,capacity,0.0
all,any_new_error,routing,042ae2a6f1bbd663e541,transfer,6f6932a6216fc5333006,101,capacity,0.0
all,any_new_error,interaction,042ae2a6f1bbd663e541,transfer,6f6932a6216fc5333006,101,capacity,0.0
all,any_new_error,content,05105e2b2401f4b85359,same,4ba9234a48df13dba177,101,penalty,0.5
all,any_new_error,routing,05105e2b2401f4b85359,same,4ba9234a48df13dba177,101,penalty,0.5
all,any_new_error,interaction,05105e2b2401f4b85359,same,4ba9234a48df13dba177,101,penalty,-1.0
all,any_new_error,content,05105e2b2401f4b85359,transfer,4cedddea146c5c62c87f,101,penalty,0.0
all,any_new_error,routing,05105e2b2401f4b85359,transfer,4cedddea146c5c62c87f,101,penalty,0.0
all,any_new_error,interaction,05105e2b2401f4b85359,transfer,4cedddea146c5c62c87f,101,penalty,0.0
all,any_new_error,content,06496beef241512a18eb,same,b72394b366ea85326e24,101,energy,0.5
all,any_new_error,routing,06496beef241512a18eb,same,b72394b366ea85326e24,101,energy,0.5
all,any_new_error,interaction,06496beef241512a18eb,same,b72394b366ea85326e24,101,energy,-1.0
all,any_new_error,content,06496beef241512a18eb,transfer,59cec6cf031f1b4641d6,101,energy,0.0
all,any_new_error,routing,06496beef241512a18eb,transfer,59cec6cf031f1b4641d6,101,energy,0.0
all,any_new_error,interaction,06496beef241512a18eb,transfer,59cec6cf031f1b4641d6,101,energy,0.0
all,any_new_error,content,089c614941a92a189165,same,ead4ff284929e064707f,101,penalty,-0.5
all,any_new_error,routing,089c614941a92a189165,same,ead4ff284929e064707f,101,penalty,0.5
all,any_new_error,interaction,089c614941a92a189165,same,ead4ff284929e064707f,101,penalty,-1.0
all,any_new_error,content,089c614941a92a189165,transfer,7d003427097c9bde2d35,101,penalty,0.0
all,any_new_error,routing,089c614941a92a189165,transfer,7d003427097c9bde2d35,101,penalty,0.0
all,any_new_error,interaction,089c614941a92a189165,transfer,7d003427097c9bde2d35,101,penalty,0.0
all,any_new_error,content,0929170251c4d40d7e20,same,e8594d2118c07c5a1814,101,penalty,0.0
all,any_new_error,routing,0929170251c4d40d7e20,same,e8594d2118c07c5a1814,101,penalty,0.0
all,any_new_error,interaction,0929170251c4d40d7e20,same,e8594d2118c07c5a1814,101,penalty,0.0
all,any_new_error,content,0929170251c4d40d7e20,transfer,c629ad33503d7610097b,101,penalty,-0.5
all,any_new_error,routing,0929170251c4d40d7e20,transfer,c629ad33503d7610097b,101,penalty,-0.5
all,any_new_error,interaction,0929170251c4d40d7e20,transfer,c629ad33503d7610097b,101,penalty,-1.0
all,any_new_error,content,09ee9367f1a3ee020716,same,ec91af86b6083e2953b5,101,storage,0.5
all,any_new_error,routing,09ee9367f1a3ee020716,same,ec91af86b6083e2953b5,101,storage,-0.5
all,any_new_error,interaction,09ee9367f1a3ee020716,same,ec91af86b6083e2953b5,101,storage,-1.0
all,any_new_error,content,09ee9367f1a3ee020716,transfer,5e182303f627200f5cf2,101,storage,-0.5
all,any_new_error,routing,09ee9367f1a3ee020716,transfer,5e182303f627200f5cf2,101,storage,-0.5
all,any_new_error,interaction,09ee9367f1a3ee020716,transfer,5e182303f627200f5cf2,101,storage,-1.0
all,any_new_error,content,0f3b157a54e7a958f30f,same,a7215a5e45561cf480c3,101,dispatch,-0.5
all,any_new_error,routing,0f3b157a54e7a958f30f,same,a7215a5e45561cf480c3,101,dispatch,0.5
all,any_new_error,interaction,0f3b157a54e7a958f30f,same,a7215a5e45561cf480c3,101,dispatch,1.0
all,any_new_error,content,0f3b157a54e7a958f30f,transfer,e9eef8850639ebde4807,101,dispatch,0.0
all,any_new_error,routing,0f3b157a54e7a958f30f,transfer,e9eef8850639ebde4807,101,dispatch,0.0
all,any_new_error,interaction,0f3b157a54e7a958f30f,transfer,e9eef8850639ebde4807,101,dispatch,0.0
all,any_new_error,content,106a2be8c3b09c3744b6,same,bb2444843dc023fe637a,101,energy,0.0
all,any_new_error,routing,106a2be8c3b09c3744b6,same,bb2444843dc023fe637a,101,energy,0.0
all,any_new_error,interaction,106a2be8c3b09c3744b6,same,bb2444843dc023fe637a,101,energy,0.0
all,any_new_error,content,106a2be8c3b09c3744b6,transfer,4698caafe8d15b69d12e,101,energy,-1.0
all,any_new_error,routing,106a2be8c3b09c3744b6,transfer,4698caafe8d15b69d12e,101,energy,0.0
all,any_new_error,interaction,106a2be8c3b09c3744b6,transfer,4698caafe8d15b69d12e,101,energy,0.0
all,any_new_error,content,11cf04f57e7cf62693fc,same,209b7551f727fc51506e,101,storage,0.0
all,any_new_error,routing,11cf04f57e7cf62693fc,same,209b7551f727fc51506e,101,storage,0.0
all,any_new_error,interaction,11cf04f57e7cf62693fc,same,209b7551f727fc51506e,101,storage,0.0
all,any_new_error,content,11cf04f57e7cf62693fc,transfer,710e4b81f0caf532f31b,101,storage,0.0
all,any_new_error,routing,11cf04f57e7cf62693fc,transfer,710e4b81f0caf532f31b,101,storage,0.0
all,any_new_error,interaction,11cf04f57e7cf62693fc,transfer,710e4b81f0caf532f31b,101,storage,0.0
all,any_new_error,content,13af5df9ee91b4ddddc5,same,f234cde10ec6c1db10a4,101,coverage,-0.5
all,any_new_error,routing,13af5df9ee91b4ddddc5,same,f234cde10ec6c1db10a4,101,coverage,0.5
all,any_new_error,interaction,13af5df9ee91b4ddddc5,same,f234cde10ec6c1db10a4,101,coverage,1.0
all,any_new_error,content,13af5df9ee91b4ddddc5,transfer,e0f7ae38aa1819681d94,101,coverage,0.0
all,any_new_error,routing,13af5df9ee91b4ddddc5,transfer,e0f7ae38aa1819681d94,101,coverage,0.0
all,any_new_error,interaction,13af5df9ee91b4ddddc5,transfer,e0f7ae38aa1819681d94,101,coverage,0.0
all,any_new_error,content,16ef7bc916003e74169e,same,c8d453f09e389cec26cf,101,capacity,-0.5
all,any_new_error,routing,16ef7bc916003e74169e,same,c8d453f09e389cec26cf,101,capacity,0.5
all,any_new_error,interaction,16ef7bc916003e74169e,same,c8d453f09e389cec26cf,101,capacity,1.0
all,any_new_error,content,16ef7bc916003e74169e,transfer,989814b7f01cf3a7b647,101,capacity,0.0
all,any_new_error,routing,16ef7bc916003e74169e,transfer,989814b7f01cf3a7b647,101,capacity,0.0
all,any_new_error,interaction,16ef7bc916003e74169e,transfer,989814b7f01cf3a7b647,101,capacity,0.0
all,any_new_error,content,1fab7553a93a7929d564,same,f3869c609ea0ea3fba48,101,dispatch,0.0
all,any_new_error,routing,1fab7553a93a7929d564,same,f3869c609ea0ea3fba48,101,dispatch,1.0
all,any_new_error,interaction,1fab7553a93a7929d564,same,f3869c609ea0ea3fba48,101,dispatch,0.0
all,any_new_error,content,1fab7553a93a7929d564,transfer,96740845b77be39efb55,101,dispatch,0.0
all,any_new_error,routing,1fab7553a93a7929d564,transfer,96740845b77be39efb55,101,dispatch,0.0
all,any_new_error,interaction,1fab7553a93a7929d564,transfer,96740845b77be39efb55,101,dispatch,0.0
all,any_new_error,content,25f8b084653617d1e405,same,79d2add418d743759775,101,coverage,0.5
all,any_new_error,routing,25f8b084653617d1e405,same,79d2add418d743759775,101,coverage,-0.5
all,any_new_error,interaction,25f8b084653617d1e405,same,79d2add418d743759775,101,coverage,-1.0
all,any_new_error,content,25f8b084653617d1e405,transfer,33bc5de6e9494599f629,101,coverage,0.5
all,any_new_error,routing,25f8b084653617d1e405,transfer,33bc5de6e9494599f629,101,coverage,-0.5
all,any_new_error,interaction,25f8b084653617d1e405,transfer,33bc5de6e9494599f629,101,coverage,-1.0
all,any_new_error,content,2921c8d1b95f8cce6a99,same,c4e02df35c06206f2ea8,101,coverage,1.0
all,any_new_error,routing,2921c8d1b95f8cce6a99,same,c4e02df35c06206f2ea8,101,coverage,0.0
all,any_new_error,interaction,2921c8d1b95f8cce6a99,same,c4e02df35c06206f2ea8,101,coverage,0.0
all,any_new_error,content,2921c8d1b95f8cce6a99,transfer,5d95b77f9a0ff0664ef6,101,coverage,-1.0
all,any_new_error,routing,2921c8d1b95f8cce6a99,transfer,5d95b77f9a0ff0664ef6,101,coverage,0.0
all,any_new_error,interaction,2921c8d1b95f8cce6a99,transfer,5d95b77f9a0ff0664ef6,101,coverage,0.0
all,any_new_error,content,2b668e273b98c894674a,same,6817ab3bf1695d6b3fe5,101,energy,0.5
all,any_new_error,routing,2b668e273b98c894674a,same,6817ab3bf1695d6b3fe5,101,energy,-0.5
all,any_new_error,interaction,2b668e273b98c894674a,same,6817ab3bf1695d6b3fe5,101,energy,-1.0
all,any_new_error,content,2b668e273b98c894674a,transfer,432b90738c3f2452a0c8,101,energy,0.0
all,any_new_error,routing,2b668e273b98c894674a,transfer,432b90738c3f2452a0c8,101,energy,-1.0
all,any_new_error,interaction,2b668e273b98c894674a,transfer,432b90738c3f2452a0c8,101,energy,0.0
all,any_new_error,content,2f5b8a5a1eb7b8386a10,same,d3bf94d6313ca5d5aefe,101,capacity,0.0
all,any_new_error,routing,2f5b8a5a1eb7b8386a10,same,d3bf94d6313ca5d5aefe,101,capacity,1.0
all,any_new_error,interaction,2f5b8a5a1eb7b8386a10,same,d3bf94d6313ca5d5aefe,101,capacity,0.0
all,any_new_error,content,2f5b8a5a1eb7b8386a10,transfer,40fd4a9415a73f11a0f3,101,capacity,0.0
all,any_new_error,routing,2f5b8a5a1eb7b8386a10,transfer,40fd4a9415a73f11a0f3,101,capacity,1.0
all,any_new_error,interaction,2f5b8a5a1eb7b8386a10,transfer,40fd4a9415a73f11a0f3,101,capacity,0.0
all,any_new_error,content,30919affcdad33f553a0,same,427545bcf63541ec0753,101,coverage,-0.5
all,any_new_error,routing,30919affcdad33f553a0,same,427545bcf63541ec0753,101,coverage,-0.5
all,any_new_error,interaction,30919affcdad33f553a0,same,427545bcf63541ec0753,101,coverage,-1.0
all,any_new_error,content,30919affcdad33f553a0,transfer,9195c26ffc0e47c47675,101,coverage,0.0
all,any_new_error,routing,30919affcdad33f553a0,transfer,9195c26ffc0e47c47675,101,coverage,0.0
all,any_new_error,interaction,30919affcdad33f553a0,transfer,9195c26ffc0e47c47675,101,coverage,0.0
all,any_new_error,content,35c569b002cf117953b8,same,47e1775ce77c9d9e2a98,101,dispatch,0.0
all,any_new_error,routing,35c569b002cf117953b8,same,47e1775ce77c9d9e2a98,101,dispatch,0.0
all,any_new_error,interaction,35c569b002cf117953b8,same,47e1775ce77c9d9e2a98,101,dispatch,0.0
all,any_new_error,content,35c569b002cf117953b8,transfer,40a8d93ef6bc7525f055,101,dispatch,0.0
all,any_new_error,routing,35c569b002cf117953b8,transfer,40a8d93ef6bc7525f055,101,dispatch,0.0
all,any_new_error,interaction,35c569b002cf117953b8,transfer,40a8d93ef6bc7525f055,101,dispatch,0.0
all,any_new_error,content,377691e3dbc218046453,same,50c70db49767ac2b54fd,101,capacity,0.0
all,any_new_error,routing,377691e3dbc218046453,same,50c70db49767ac2b54fd,101,capacity,0.0
all,any_new_error,interaction,377691e3dbc218046453,same,50c70db49767ac2b54fd,101,capacity,0.0
all,any_new_error,content,377691e3dbc218046453,transfer,c67bdbfd58d0c0fa905f,101,capacity,-0.5
all,any_new_error,routing,377691e3dbc218046453,transfer,c67bdbfd58d0c0fa905f,101,capacity,-0.5
all,any_new_error,interaction,377691e3dbc218046453,transfer,c67bdbfd58d0c0fa905f,101,capacity,-1.0
all,any_new_error,content,3853022bab19520e686a,same,71980ea830c302a5bcd3,101,coverage,0.5
all,any_new_error,routing,3853022bab19520e686a,same,71980ea830c302a5bcd3,101,coverage,-0.5
all,any_new_error,interaction,3853022bab19520e686a,same,71980ea830c302a5bcd3,101,coverage,-1.0
all,any_new_error,content,3853022bab19520e686a,transfer,1ec4572a5900b11b10ce,101,coverage,0.0
all,any_new_error,routing,3853022bab19520e686a,transfer,1ec4572a5900b11b10ce,101,coverage,1.0
all,any_new_error,interaction,3853022bab19520e686a,transfer,1ec4572a5900b11b10ce,101,coverage,0.0
all,any_new_error,content,48c3a38c076176e80033,same,42feb0b4436c8f010be0,101,energy,0.5
all,any_new_error,routing,48c3a38c076176e80033,same,42feb0b4436c8f010be0,101,energy,-0.5
all,any_new_error,interaction,48c3a38c076176e80033,same,42feb0b4436c8f010be0,101,energy,1.0
all,any_new_error,content,48c3a38c076176e80033,transfer,853941796819126bd7bf,101,energy,1.0
all,any_new_error,routing,48c3a38c076176e80033,transfer,853941796819126bd7bf,101,energy,0.0
all,any_new_error,interaction,48c3a38c076176e80033,transfer,853941796819126bd7bf,101,energy,0.0
all,any_new_error,content,56ef83093d6cfbf2d7ac,same,f5ea8b8682fe2061e5e5,101,coverage,0.5
all,any_new_error,routing,56ef83093d6cfbf2d7ac,same,f5ea8b8682fe2061e5e5,101,coverage,0.5
all,any_new_error,interaction,56ef83093d6cfbf2d7ac,same,f5ea8b8682fe2061e5e5,101,coverage,-1.0
all,any_new_error,content,56ef83093d6cfbf2d7ac,transfer,969295e5dcacc083b16e,101,coverage,-1.0
all,any_new_error,routing,56ef83093d6cfbf2d7ac,transfer,969295e5dcacc083b16e,101,coverage,0.0
all,any_new_error,interaction,56ef83093d6cfbf2d7ac,transfer,969295e5dcacc083b16e,101,coverage,0.0
all,any_tool_error,content,02a39a5320597b96fedd,same,e774f186be1e5269714c,101,capacity,-0.5
all,any_tool_error,routing,02a39a5320597b96fedd,same,e774f186be1e5269714c,101,capacity,0.5
all,any_tool_error,interaction,02a39a5320597b96fedd,same,e774f186be1e5269714c,101,capacity,-1.0
all,any_tool_error,content,02a39a5320597b96fedd,transfer,89e55df7434b1477acdf,101,capacity,0.0
all,any_tool_error,routing,02a39a5320597b96fedd,transfer,89e55df7434b1477acdf,101,capacity,0.0
all,any_tool_error,interaction,02a39a5320597b96fedd,transfer,89e55df7434b1477acdf,101,capacity,0.0
all,any_tool_error,content,03219101985c4a812f33,same,4c80aca5d1439ced1356,101,storage,0.5
all,any_tool_error,routing,03219101985c4a812f33,same,4c80aca5d1439ced1356,101,storage,0.5
all,any_tool_error,interaction,03219101985c4a812f33,same,4c80aca5d1439ced1356,101,storage,-1.0
all,any_tool_error,content,03219101985c4a812f33,transfer,485e72e394c56d2a9a7d,101,storage,-0.5
all,any_tool_error,routing,03219101985c4a812f33,transfer,485e72e394c56d2a9a7d,101,storage,-0.5
all,any_tool_error,interaction,03219101985c4a812f33,transfer,485e72e394c56d2a9a7d,101,storage,-1.0
all,any_tool_error,content,042ae2a6f1bbd663e541,same,3d766f486bde3697fcfe,101,capacity,0.0
all,any_tool_error,routing,042ae2a6f1bbd663e541,same,3d766f486bde3697fcfe,101,capacity,0.0
all,any_tool_error,interaction,042ae2a6f1bbd663e541,same,3d766f486bde3697fcfe,101,capacity,0.0
all,any_tool_error,content,042ae2a6f1bbd663e541,transfer,6f6932a6216fc5333006,101,capacity,0.0
all,any_tool_error,routing,042ae2a6f1bbd663e541,transfer,6f6932a6216fc5333006,101,capacity,0.0
all,any_tool_error,interaction,042ae2a6f1bbd663e541,transfer,6f6932a6216fc5333006,101,capacity,0.0
all,any_tool_error,content,05105e2b2401f4b85359,same,4ba9234a48df13dba177,101,penalty,0.0
all,any_tool_error,routing,05105e2b2401f4b85359,same,4ba9234a48df13dba177,101,penalty,0.0
all,any_tool_error,interaction,05105e2b2401f4b85359,same,4ba9234a48df13dba177,101,penalty,0.0
all,any_tool_error,content,05105e2b2401f4b85359,transfer,4cedddea146c5c62c87f,101,penalty,0.0
all,any_tool_error,routing,05105e2b2401f4b85359,transfer,4cedddea146c5c62c87f,101,penalty,0.0
all,any_tool_error,interaction,05105e2b2401f4b85359,transfer,4cedddea146c5c62c87f,101,penalty,-2.0
all,any_tool_error,content,06496beef241512a18eb,same,b72394b366ea85326e24,101,energy,-0.5
all,any_tool_error,routing,06496beef241512a18eb,same,b72394b366ea85326e24,101,energy,-0.5
all,any_tool_error,interaction,06496beef241512a18eb,same,b72394b366ea85326e24,101,energy,-1.0
all,any_tool_error,content,06496beef241512a18eb,transfer,59cec6cf031f1b4641d6,101,energy,-0.5
all,any_tool_error,routing,06496beef241512a18eb,transfer,59cec6cf031f1b4641d6,101,energy,0.5
all,any_tool_error,interaction,06496beef241512a18eb,transfer,59cec6cf031f1b4641d6,101,energy,-1.0
all,any_tool_error,content,089c614941a92a189165,same,ead4ff284929e064707f,101,penalty,-0.5
all,any_tool_error,routing,089c614941a92a189165,same,ead4ff284929e064707f,101,penalty,-0.5
all,any_tool_error,interaction,089c614941a92a189165,same,ead4ff284929e064707f,101,penalty,-1.0
all,any_tool_error,content,089c614941a92a189165,transfer,7d003427097c9bde2d35,101,penalty,-0.5
all,any_tool_error,routing,089c614941a92a189165,transfer,7d003427097c9bde2d35,101,penalty,0.5
all,any_tool_error,interaction,089c614941a92a189165,transfer,7d003427097c9bde2d35,101,penalty,-1.0
all,any_tool_error,content,0929170251c4d40d7e20,same,e8594d2118c07c5a1814,101,penalty,0.0
all,any_tool_error,routing,0929170251c4d40d7e20,same,e8594d2118c07c5a1814,101,penalty,0.0
all,any_tool_error,interaction,0929170251c4d40d7e20,same,e8594d2118c07c5a1814,101,penalty,0.0
all,any_tool_error,content,0929170251c4d40d7e20,transfer,c629ad33503d7610097b,101,penalty,-0.5
all,any_tool_error,routing,0929170251c4d40d7e20,transfer,c629ad33503d7610097b,101,penalty,0.5
all,any_tool_error,interaction,0929170251c4d40d7e20,transfer,c629ad33503d7610097b,101,penalty,-1.0
all,any_tool_error,content,09ee9367f1a3ee020716,same,ec91af86b6083e2953b5,101,storage,0.0
all,any_tool_error,routing,09ee9367f1a3ee020716,same,ec91af86b6083e2953b5,101,storage,0.0
all,any_tool_error,interaction,09ee9367f1a3ee020716,same,ec91af86b6083e2953b5,101,storage,0.0
all,any_tool_error,content,09ee9367f1a3ee020716,transfer,5e182303f627200f5cf2,101,storage,-0.5
all,any_tool_error,routing,09ee9367f1a3ee020716,transfer,5e182303f627200f5cf2,101,storage,-0.5
all,any_tool_error,interaction,09ee9367f1a3ee020716,transfer,5e182303f627200f5cf2,101,storage,-1.0
all,any_tool_error,content,0f3b157a54e7a958f30f,same,a7215a5e45561cf480c3,101,dispatch,0.5
all,any_tool_error,routing,0f3b157a54e7a958f30f,same,a7215a5e45561cf480c3,101,dispatch,-0.5
all,any_tool_error,interaction,0f3b157a54e7a958f30f,same,a7215a5e45561cf480c3,101,dispatch,1.0
all,any_tool_error,content,0f3b157a54e7a958f30f,transfer,e9eef8850639ebde4807,101,dispatch,-0.5
all,any_tool_error,routing,0f3b157a54e7a958f30f,transfer,e9eef8850639ebde4807,101,dispatch,-0.5
all,any_tool_error,interaction,0f3b157a54e7a958f30f,transfer,e9eef8850639ebde4807,101,dispatch,1.0
all,any_tool_error,content,106a2be8c3b09c3744b6,same,bb2444843dc023fe637a,101,energy,0.5
all,any_tool_error,routing,106a2be8c3b09c3744b6,same,bb2444843dc023fe637a,101,energy,-0.5
all,any_tool_error,interaction,106a2be8c3b09c3744b6,same,bb2444843dc023fe637a,101,energy,-1.0
all,any_tool_error,content,106a2be8c3b09c3744b6,transfer,4698caafe8d15b69d12e,101,energy,1.0
all,any_tool_error,routing,106a2be8c3b09c3744b6,transfer,4698caafe8d15b69d12e,101,energy,0.0
all,any_tool_error,interaction,106a2be8c3b09c3744b6,transfer,4698caafe8d15b69d12e,101,energy,0.0
all,any_tool_error,content,11cf04f57e7cf62693fc,same,209b7551f727fc51506e,101,storage,-1.0
all,any_tool_error,routing,11cf04f57e7cf62693fc,same,209b7551f727fc51506e,101,storage,0.0
all,any_tool_error,interaction,11cf04f57e7cf62693fc,same,209b7551f727fc51506e,101,storage,0.0
all,any_tool_error,content,11cf04f57e7cf62693fc,transfer,710e4b81f0caf532f31b,101,storage,-1.0
all,any_tool_error,routing,11cf04f57e7cf62693fc,transfer,710e4b81f0caf532f31b,101,storage,0.0
all,any_tool_error,interaction,11cf04f57e7cf62693fc,transfer,710e4b81f0caf532f31b,101,storage,0.0
all,any_tool_error,content,13af5df9ee91b4ddddc5,same,f234cde10ec6c1db10a4,101,coverage,-0.5
all,any_tool_error,routing,13af5df9ee91b4ddddc5,same,f234cde10ec6c1db10a4,101,coverage,-0.5
all,any_tool_error,interaction,13af5df9ee91b4ddddc5,same,f234cde10ec6c1db10a4,101,coverage,-1.0
all,any_tool_error,content,13af5df9ee91b4ddddc5,transfer,e0f7ae38aa1819681d94,101,coverage,0.0
all,any_tool_error,routing,13af5df9ee91b4ddddc5,transfer,e0f7ae38aa1819681d94,101,coverage,0.0
all,any_tool_error,interaction,13af5df9ee91b4ddddc5,transfer,e0f7ae38aa1819681d94,101,coverage,0.0
all,any_tool_error,content,16ef7bc916003e74169e,same,c8d453f09e389cec26cf,101,capacity,0.0
all,any_tool_error,routing,16ef7bc916003e74169e,same,c8d453f09e389cec26cf,101,capacity,-1.0
all,any_tool_error,interaction,16ef7bc916003e74169e,same,c8d453f09e389cec26cf,101,capacity,0.0
all,any_tool_error,content,16ef7bc916003e74169e,transfer,989814b7f01cf3a7b647,101,capacity,0.0
all,any_tool_error,routing,16ef7bc916003e74169e,transfer,989814b7f01cf3a7b647,101,capacity,0.0
all,any_tool_error,interaction,16ef7bc916003e74169e,transfer,989814b7f01cf3a7b647,101,capacity,0.0
all,any_tool_error,content,1fab7553a93a7929d564,same,f3869c609ea0ea3fba48,101,dispatch,0.5
all,any_tool_error,routing,1fab7553a93a7929d564,same,f3869c609ea0ea3fba48,101,dispatch,-0.5
all,any_tool_error,interaction,1fab7553a93a7929d564,same,f3869c609ea0ea3fba48,101,dispatch,1.0
all,any_tool_error,content,1fab7553a93a7929d564,transfer,96740845b77be39efb55,101,dispatch,0.0
all,any_tool_error,routing,1fab7553a93a7929d564,transfer,96740845b77be39efb55,101,dispatch,0.0
all,any_tool_error,interaction,1fab7553a93a7929d564,transfer,96740845b77be39efb55,101,dispatch,2.0
all,any_tool_error,content,25f8b084653617d1e405,same,79d2add418d743759775,101,coverage,0.0
all,any_tool_error,routing,25f8b084653617d1e405,same,79d2add418d743759775,101,coverage,0.0
all,any_tool_error,interaction,25f8b084653617d1e405,same,79d2add418d743759775,101,coverage,0.0
all,any_tool_error,content,25f8b084653617d1e405,transfer,33bc5de6e9494599f629,101,coverage,-0.5
all,any_tool_error,routing,25f8b084653617d1e405,transfer,33bc5de6e9494599f629,101,coverage,-0.5
all,any_tool_error,interaction,25f8b084653617d1e405,transfer,33bc5de6e9494599f629,101,coverage,-1.0
all,any_tool_error,content,2921c8d1b95f8cce6a99,same,c4e02df35c06206f2ea8,101,coverage,0.0
all,any_tool_error,routing,2921c8d1b95f8cce6a99,same,c4e02df35c06206f2ea8,101,coverage,0.0
all,any_tool_error,interaction,2921c8d1b95f8cce6a99,same,c4e02df35c06206f2ea8,101,coverage,0.0
all,any_tool_error,content,2921c8d1b95f8cce6a99,transfer,5d95b77f9a0ff0664ef6,101,coverage,0.0
all,any_tool_error,routing,2921c8d1b95f8cce6a99,transfer,5d95b77f9a0ff0664ef6,101,coverage,0.0
all,any_tool_error,interaction,2921c8d1b95f8cce6a99,transfer,5d95b77f9a0ff0664ef6,101,coverage,0.0
all,any_tool_error,content,2b668e273b98c894674a,same,6817ab3bf1695d6b3fe5,101,energy,-0.5
all,any_tool_error,routing,2b668e273b98c894674a,same,6817ab3bf1695d6b3fe5,101,energy,0.5
all,any_tool_error,interaction,2b668e273b98c894674a,same,6817ab3bf1695d6b3fe5,101,energy,1.0
all,any_tool_error,content,2b668e273b98c894674a,transfer,432b90738c3f2452a0c8,101,energy,0.0
all,any_tool_error,routing,2b668e273b98c894674a,transfer,432b90738c3f2452a0c8,101,energy,0.0
all,any_tool_error,interaction,2b668e273b98c894674a,transfer,432b90738c3f2452a0c8,101,energy,0.0
all,any_tool_error,content,2f5b8a5a1eb7b8386a10,same,d3bf94d6313ca5d5aefe,101,capacity,0.5
all,any_tool_error,routing,2f5b8a5a1eb7b8386a10,same,d3bf94d6313ca5d5aefe,101,capacity,0.5
all,any_tool_error,interaction,2f5b8a5a1eb7b8386a10,same,d3bf94d6313ca5d5aefe,101,capacity,-1.0
all,any_tool_error,content,2f5b8a5a1eb7b8386a10,transfer,40fd4a9415a73f11a0f3,101,capacity,0.0
all,any_tool_error,routing,2f5b8a5a1eb7b8386a10,transfer,40fd4a9415a73f11a0f3,101,capacity,0.0
all,any_tool_error,interaction,2f5b8a5a1eb7b8386a10,transfer,40fd4a9415a73f11a0f3,101,capacity,0.0
all,any_tool_error,content,30919affcdad33f553a0,same,427545bcf63541ec0753,101,coverage,0.0
all,any_tool_error,routing,30919affcdad33f553a0,same,427545bcf63541ec0753,101,coverage,0.0
all,any_tool_error,interaction,30919affcdad33f553a0,same,427545bcf63541ec0753,101,coverage,2.0
all,any_tool_error,content,30919affcdad33f553a0,transfer,9195c26ffc0e47c47675,101,coverage,-1.0
all,any_tool_error,routing,30919affcdad33f553a0,transfer,9195c26ffc0e47c47675,101,coverage,0.0
all,any_tool_error,interaction,30919affcdad33f553a0,transfer,9195c26ffc0e47c47675,101,coverage,0.0
all,any_tool_error,content,35c569b002cf117953b8,same,47e1775ce77c9d9e2a98,101,dispatch,0.0
all,any_tool_error,routing,35c569b002cf117953b8,same,47e1775ce77c9d9e2a98,101,dispatch,0.0
all,any_tool_error,interaction,35c569b002cf117953b8,same,47e1775ce77c9d9e2a98,101,dispatch,0.0
all,any_tool_error,content,35c569b002cf117953b8,transfer,40a8d93ef6bc7525f055,101,dispatch,-0.5
all,any_tool_error,routing,35c569b002cf117953b8,transfer,40a8d93ef6bc7525f055,101,dispatch,-0.5
all,any_tool_error,interaction,35c569b002cf117953b8,transfer,40a8d93ef6bc7525f055,101,dispatch,-1.0
all,any_tool_error,content,377691e3dbc218046453,same,50c70db49767ac2b54fd,101,capacity,1.0
all,any_tool_error,routing,377691e3dbc218046453,same,50c70db49767ac2b54fd,101,capacity,0.0
all,any_tool_error,interaction,377691e3dbc218046453,same,50c70db49767ac2b54fd,101,capacity,0.0
all,any_tool_error,content,377691e3dbc218046453,transfer,c67bdbfd58d0c0fa905f,101,capacity,1.0
all,any_tool_error,routing,377691e3dbc218046453,transfer,c67bdbfd58d0c0fa905f,101,capacity,0.0
all,any_tool_error,interaction,377691e3dbc218046453,transfer,c67bdbfd58d0c0fa905f,101,capacity,0.0
all,any_tool_error,content,3853022bab19520e686a,same,71980ea830c302a5bcd3,101,coverage,0.0
all,any_tool_error,routing,3853022bab19520e686a,same,71980ea830c302a5bcd3,101,coverage,0.0
all,any_tool_error,interaction,3853022bab19520e686a,same,71980ea830c302a5bcd3,101,coverage,0.0
all,any_tool_error,content,3853022bab19520e686a,transfer,1ec4572a5900b11b10ce,101,coverage,0.5
all,any_tool_error,routing,3853022bab19520e686a,transfer,1ec4572a5900b11b10ce,101,coverage,0.5
all,any_tool_error,interaction,3853022bab19520e686a,transfer,1ec4572a5900b11b10ce,101,coverage,1.0
all,any_tool_error,content,48c3a38c076176e80033,same,42feb0b4436c8f010be0,101,energy,0.0
all,any_tool_error,routing,48c3a38c076176e80033,same,42feb0b4436c8f010be0,101,energy,1.0
all,any_tool_error,interaction,48c3a38c076176e80033,same,42feb0b4436c8f010be0,101,energy,0.0
all,any_tool_error,content,48c3a38c076176e80033,transfer,853941796819126bd7bf,101,energy,-1.0
all,any_tool_error,routing,48c3a38c076176e80033,transfer,853941796819126bd7bf,101,energy,0.0
all,any_tool_error,interaction,48c3a38c076176e80033,transfer,853941796819126bd7bf,101,energy,0.0
all,any_tool_error,content,56ef83093d6cfbf2d7ac,same,f5ea8b8682fe2061e5e5,101,coverage,0.5
all,any_tool_error,routing,56ef83093d6cfbf2d7ac,same,f5ea8b8682fe2061e5e5,101,coverage,-0.5
all,any_tool_error,interaction,56ef83093d6cfbf2d7ac,same,f5ea8b8682fe2061e5e5,101,coverage,1.0
all,any_tool_error,content,56ef83093d6cfbf2d7ac,transfer,969295e5dcacc083b16e,101,coverage,1.0
all,any_tool_error,routing,56ef83093d6cfbf2d7ac,transfer,969295e5dcacc083b16e,101,coverage,0.0
all,any_tool_error,interaction,56ef83093d6cfbf2d7ac,transfer,969295e5dcacc083b16e,101,coverage,0.0
all,budget_ceiling,content,02a39a5320597b96fedd,same,e774f186be1e5269714c,101,capacity,0.0
all,budget_ceiling,routing,02a39a5320597b96fedd,same,e774f186be1e5269714c,101,capacity,0.0
all,budget_ceiling,interaction,02a39a5320597b96fedd,same,e774f186be1e5269714c,101,capacity,0.0
all,budget_ceiling,content,02a39a5320597b96fedd,transfer,89e55df7434b1477acdf,101,capacity,0.0
all,budget_ceiling,routing,02a39a5320597b96fedd,transfer,89e55df7434b1477acdf,101,capacity,0.0
all,budget_ceiling,interaction,02a39a5320597b96fedd,transfer,89e55df7434b1477acdf,101,capacity,0.0
all,budget_ceiling,content,03219101985c4a812f33,same,4c80aca5d1439ced1356,101,storage,0.0
all,budget_ceiling,routing,03219101985c4a812f33,same,4c80aca5d1439ced1356,101,storage,0.0
all,budget_ceiling,interaction,03219101985c4a812f33,same,4c80aca5d1439ced1356,101,storage,0.0
all,budget_ceiling,content,03219101985c4a812f33,transfer,485e72e394c56d2a9a7d,101,storage,0.0
all,budget_ceiling,routing,03219101985c4a812f33,transfer,485e72e394c56d2a9a7d,101,storage,0.0
all,budget_ceiling,interaction,03219101985c4a812f33,transfer,485e72e394c56d2a9a7d,101,storage,0.0
all,budget_ceiling,content,042ae2a6f1bbd663e541,same,3d766f486bde3697fcfe,101,capacity,0.0
all,budget_ceiling,routing,042ae2a6f1bbd663e541,same,3d766f486bde3697fcfe,101,capacity,0.0
all,budget_ceiling,interaction,042ae2a6f1bbd663e541,same,3d766f486bde3697fcfe,101,capacity,0.0
all,budget_ceiling,content,042ae2a6f1bbd663e541,transfer,6f6932a6216fc5333006,101,capacity,0.0
all,budget_ceiling,routing,042ae2a6f1bbd663e541,transfer,6f6932a6216fc5333006,101,capacity,0.0
all,budget_ceiling,interaction,042ae2a6f1bbd663e541,transfer,6f6932a6216fc5333006,101,capacity,0.0
all,budget_ceiling,content,05105e2b2401f4b85359,same,4ba9234a48df13dba177,101,penalty,0.0
all,budget_ceiling,routing,05105e2b2401f4b85359,same,4ba9234a48df13dba177,101,penalty,0.0
all,budget_ceiling,interaction,05105e2b2401f4b85359,same,4ba9234a48df13dba177,101,penalty,0.0
all,budget_ceiling,content,05105e2b2401f4b85359,transfer,4cedddea146c5c62c87f,101,penalty,0.0
all,budget_ceiling,routing,05105e2b2401f4b85359,transfer,4cedddea146c5c62c87f,101,penalty,0.0
all,budget_ceiling,interaction,05105e2b2401f4b85359,transfer,4cedddea146c5c62c87f,101,penalty,0.0
all,budget_ceiling,content,06496beef241512a18eb,same,b72394b366ea85326e24,101,energy,0.0
all,budget_ceiling,routing,06496beef241512a18eb,same,b72394b366ea85326e24,101,energy,0.0
all,budget_ceiling,interaction,06496beef241512a18eb,same,b72394b366ea85326e24,101,energy,0.0
all,budget_ceiling,content,06496beef241512a18eb,transfer,59cec6cf031f1b4641d6,101,energy,0.0
all,budget_ceiling,routing,06496beef241512a18eb,transfer,59cec6cf031f1b4641d6,101,energy,0.0
all,budget_ceiling,interaction,06496beef241512a18eb,transfer,59cec6cf031f1b4641d6,101,energy,0.0
all,budget_ceiling,content,089c614941a92a189165,same,ead4ff284929e064707f,101,penalty,0.0
all,budget_ceiling,routing,089c614941a92a189165,same,ead4ff284929e064707f,101,penalty,0.0
all,budget_ceiling,interaction,089c614941a92a189165,same,ead4ff284929e064707f,101,penalty,0.0
all,budget_ceiling,content,089c614941a92a189165,transfer,7d003427097c9bde2d35,101,penalty,0.0
all,budget_ceiling,routing,089c614941a92a189165,transfer,7d003427097c9bde2d35,101,penalty,0.0
all,budget_ceiling,interaction,089c614941a92a189165,transfer,7d003427097c9bde2d35,101,penalty,0.0
all,budget_ceiling,content,0929170251c4d40d7e20,same,e8594d2118c07c5a1814,101,penalty,0.0
all,budget_ceiling,routing,0929170251c4d40d7e20,same,e8594d2118c07c5a1814,101,penalty,0.0
all,budget_ceiling,interaction,0929170251c4d40d7e20,same,e8594d2118c07c5a1814,101,penalty,0.0
all,budget_ceiling,content,0929170251c4d40d7e20,transfer,c629ad33503d7610097b,101,penalty,0.0
all,budget_ceiling,routing,0929170251c4d40d7e20,transfer,c629ad33503d7610097b,101,penalty,0.0
all,budget_ceiling,interaction,0929170251c4d40d7e20,transfer,c629ad33503d7610097b,101,penalty,0.0
all,budget_ceiling,content,09ee9367f1a3ee020716,same,ec91af86b6083e2953b5,101,storage,0.0
all,budget_ceiling,routing,09ee9367f1a3ee020716,same,ec91af86b6083e2953b5,101,storage,0.0
all,budget_ceiling,interaction,09ee9367f1a3ee020716,same,ec91af86b6083e2953b5,101,storage,0.0
all,budget_ceiling,content,09ee9367f1a3ee020716,transfer,5e182303f627200f5cf2,101,storage,0.0
all,budget_ceiling,routing,09ee9367f1a3ee020716,transfer,5e182303f627200f5cf2,101,storage,0.0
all,budget_ceiling,interaction,09ee9367f1a3ee020716,transfer,5e182303f627200f5cf2,101,storage,0.0
all,budget_ceiling,content,0f3b157a54e7a958f30f,same,a7215a5e45561cf480c3,101,dispatch,0.0
all,budget_ceiling,routing,0f3b157a54e7a958f30f,same,a7215a5e45561cf480c3,101,dispatch,0.0
all,budget_ceiling,interaction,0f3b157a54e7a958f30f,same,a7215a5e45561cf480c3,101,dispatch,0.0
all,budget_ceiling,content,0f3b157a54e7a958f30f,transfer,e9eef8850639ebde4807,101,dispatch,0.0
all,budget_ceiling,routing,0f3b157a54e7a958f30f,transfer,e9eef8850639ebde4807,101,dispatch,0.0
all,budget_ceiling,interaction,0f3b157a54e7a958f30f,transfer,e9eef8850639ebde4807,101,dispatch,0.0
all,budget_ceiling,content,106a2be8c3b09c3744b6,same,bb2444843dc023fe637a,101,energy,0.0
all,budget_ceiling,routing,106a2be8c3b09c3744b6,same,bb2444843dc023fe637a,101,energy,0.0
all,budget_ceiling,interaction,106a2be8c3b09c3744b6,same,bb2444843dc023fe637a,101,energy,0.0
all,budget_ceiling,content,106a2be8c3b09c3744b6,transfer,4698caafe8d15b69d12e,101,energy,0.0
all,budget_ceiling,routing,106a2be8c3b09c3744b6,transfer,4698caafe8d15b69d12e,101,energy,0.0
all,budget_ceiling,interaction,106a2be8c3b09c3744b6,transfer,4698caafe8d15b69d12e,101,energy,0.0
all,budget_ceiling,content,11cf04f57e7cf62693fc,same,209b7551f727fc51506e,101,storage,0.0
all,budget_ceiling,routing,11cf04f57e7cf62693fc,same,209b7551f727fc51506e,101,storage,0.0
all,budget_ceiling,interaction,11cf04f57e7cf62693fc,same,209b7551f727fc51506e,101,storage,0.0
all,budget_ceiling,content,11cf04f57e7cf62693fc,transfer,710e4b81f0caf532f31b,101,storage,0.0
all,budget_ceiling,routing,11cf04f57e7cf62693fc,transfer,710e4b81f0caf532f31b,101,storage,0.0
all,budget_ceiling,interaction,11cf04f57e7cf62693fc,transfer,710e4b81f0caf532f31b,101,storage,0.0
all,budget_ceiling,content,13af5df9ee91b4ddddc5,same,f234cde10ec6c1db10a4,101,coverage,0.0
all,budget_ceiling,routing,13af5df9ee91b4ddddc5,same,f234cde10ec6c1db10a4,101,coverage,0.0
all,budget_ceiling,interaction,13af5df9ee91b4ddddc5,same,f234cde10ec6c1db10a4,101,coverage,0.0
all,budget_ceiling,content,13af5df9ee91b4ddddc5,transfer,e0f7ae38aa1819681d94,101,coverage,0.0
all,budget_ceiling,routing,13af5df9ee91b4ddddc5,transfer,e0f7ae38aa1819681d94,101,coverage,0.0
all,budget_ceiling,interaction,13af5df9ee91b4ddddc5,transfer,e0f7ae38aa1819681d94,101,coverage,0.0
all,budget_ceiling,content,16ef7bc916003e74169e,same,c8d453f09e389cec26cf,101,capacity,0.0
all,budget_ceiling,routing,16ef7bc916003e74169e,same,c8d453f09e389cec26cf,101,capacity,0.0
all,budget_ceiling,interaction,16ef7bc916003e74169e,same,c8d453f09e389cec26cf,101,capacity,0.0
all,budget_ceiling,content,16ef7bc916003e74169e,transfer,989814b7f01cf3a7b647,101,capacity,0.0
all,budget_ceiling,routing,16ef7bc916003e74169e,transfer,989814b7f01cf3a7b647,101,capacity,0.0
all,budget_ceiling,interaction,16ef7bc916003e74169e,transfer,989814b7f01cf3a7b647,101,capacity,0.0
all,budget_ceiling,content,1fab7553a93a7929d564,same,f3869c609ea0ea3fba48,101,dispatch,0.0
all,budget_ceiling,routing,1fab7553a93a7929d564,same,f3869c609ea0ea3fba48,101,dispatch,0.0
all,budget_ceiling,interaction,1fab7553a93a7929d564,same,f3869c609ea0ea3fba48,101,dispatch,0.0
all,budget_ceiling,content,1fab7553a93a7929d564,transfer,96740845b77be39efb55,101,dispatch,0.0
all,budget_ceiling,routing,1fab7553a93a7929d564,transfer,96740845b77be39efb55,101,dispatch,0.0
all,budget_ceiling,interaction,1fab7553a93a7929d564,transfer,96740845b77be39efb55,101,dispatch,0.0
all,budget_ceiling,content,25f8b084653617d1e405,same,79d2add418d743759775,101,coverage,0.0
all,budget_ceiling,routing,25f8b084653617d1e405,same,79d2add418d743759775,101,coverage,0.0
all,budget_ceiling,interaction,25f8b084653617d1e405,same,79d2add418d743759775,101,coverage,0.0
all,budget_ceiling,content,25f8b084653617d1e405,transfer,33bc5de6e9494599f629,101,coverage,0.0
all,budget_ceiling,routing,25f8b084653617d1e405,transfer,33bc5de6e9494599f629,101,coverage,0.0
all,budget_ceiling,interaction,25f8b084653617d1e405,transfer,33bc5de6e9494599f629,101,coverage,0.0
all,budget_ceiling,content,2921c8d1b95f8cce6a99,same,c4e02df35c06206f2ea8,101,coverage,0.0
all,budget_ceiling,routing,2921c8d1b95f8cce6a99,same,c4e02df35c06206f2ea8,101,coverage,0.0
all,budget_ceiling,interaction,2921c8d1b95f8cce6a99,same,c4e02df35c06206f2ea8,101,coverage,0.0
all,budget_ceiling,content,2921c8d1b95f8cce6a99,transfer,5d95b77f9a0ff0664ef6,101,coverage,0.0
all,budget_ceiling,routing,2921c8d1b95f8cce6a99,transfer,5d95b77f9a0ff0664ef6,101,coverage,0.0
all,budget_ceiling,interaction,2921c8d1b95f8cce6a99,transfer,5d95b77f9a0ff0664ef6,101,coverage,0.0
all,budget_ceiling,content,2b668e273b98c894674a,same,6817ab3bf1695d6b3fe5,101,energy,0.0
all,budget_ceiling,routing,2b668e273b98c894674a,same,6817ab3bf1695d6b3fe5,101,energy,0.0
all,budget_ceiling,interaction,2b668e273b98c894674a,same,6817ab3bf1695d6b3fe5,101,energy,0.0
all,budget_ceiling,content,2b668e273b98c894674a,transfer,432b90738c3f2452a0c8,101,energy,0.0
all,budget_ceiling,routing,2b668e273b98c894674a,transfer,432b90738c3f2452a0c8,101,energy,0.0
all,budget_ceiling,interaction,2b668e273b98c894674a,transfer,432b90738c3f2452a0c8,101,energy,0.0
all,budget_ceiling,content,2f5b8a5a1eb7b8386a10,same,d3bf94d6313ca5d5aefe,101,capacity,0.0
all,budget_ceiling,routing,2f5b8a5a1eb7b8386a10,same,d3bf94d6313ca5d5aefe,101,capacity,0.0
all,budget_ceiling,interaction,2f5b8a5a1eb7b8386a10,same,d3bf94d6313ca5d5aefe,101,capacity,0.0
all,budget_ceiling,content,2f5b8a5a1eb7b8386a10,transfer,40fd4a9415a73f11a0f3,101,capacity,0.0
all,budget_ceiling,routing,2f5b8a5a1eb7b8386a10,transfer,40fd4a9415a73f11a0f3,101,capacity,0.0
all,budget_ceiling,interaction,2f5b8a5a1eb7b8386a10,transfer,40fd4a9415a73f11a0f3,101,capacity,0.0
all,budget_ceiling,content,30919affcdad33f553a0,same,427545bcf63541ec0753,101,coverage,0.0
all,budget_ceiling,routing,30919affcdad33f553a0,same,427545bcf63541ec0753,101,coverage,0.0
all,budget_ceiling,interaction,30919affcdad33f553a0,same,427545bcf63541ec0753,101,coverage,0.0
all,budget_ceiling,content,30919affcdad33f553a0,transfer,9195c26ffc0e47c47675,101,coverage,0.0
all,budget_ceiling,routing,30919affcdad33f553a0,transfer,9195c26ffc0e47c47675,101,coverage,0.0
all,budget_ceiling,interaction,30919affcdad33f553a0,transfer,9195c26ffc0e47c47675,101,coverage,0.0
all,budget_ceiling,content,35c569b002cf117953b8,same,47e1775ce77c9d9e2a98,101,dispatch,0.0
all,budget_ceiling,routing,35c569b002cf117953b8,same,47e1775ce77c9d9e2a98,101,dispatch,0.0
all,budget_ceiling,interaction,35c569b002cf117953b8,same,47e1775ce77c9d9e2a98,101,dispatch,0.0
all,budget_ceiling,content,35c569b002cf117953b8,transfer,40a8d93ef6bc7525f055,101,dispatch,0.0
all,budget_ceiling,routing,35c569b002cf117953b8,transfer,40a8d93ef6bc7525f055,101,dispatch,0.0
all,budget_ceiling,interaction,35c569b002cf117953b8,transfer,40a8d93ef6bc7525f055,101,dispatch,0.0
all,budget_ceiling,content,377691e3dbc218046453,same,50c70db49767ac2b54fd,101,capacity,0.0
all,budget_ceiling,routing,377691e3dbc218046453,same,50c70db49767ac2b54fd,101,capacity,0.0
all,budget_ceiling,interaction,377691e3dbc218046453,same,50c70db49767ac2b54fd,101,capacity,0.0
all,budget_ceiling,content,377691e3dbc218046453,transfer,c67bdbfd58d0c0fa905f,101,capacity,0.0
all,budget_ceiling,routing,377691e3dbc218046453,transfer,c67bdbfd58d0c0fa905f,101,capacity,0.0
all,budget_ceiling,interaction,377691e3dbc218046453,transfer,c67bdbfd58d0c0fa905f,101,capacity,0.0
all,budget_ceiling,content,3853022bab19520e686a,same,71980ea830c302a5bcd3,101,coverage,0.0
all,budget_ceiling,routing,3853022bab19520e686a,same,71980ea830c302a5bcd3,101,coverage,0.0
all,budget_ceiling,interaction,3853022bab19520e686a,same,71980ea830c302a5bcd3,101,coverage,0.0
all,budget_ceiling,content,3853022bab19520e686a,transfer,1ec4572a5900b11b10ce,101,coverage,0.0
all,budget_ceiling,routing,3853022bab19520e686a,transfer,1ec4572a5900b11b10ce,101,coverage,0.0
all,budget_ceiling,interaction,3853022bab19520e686a,transfer,1ec4572a5900b11b10ce,101,coverage,0.0
all,budget_ceiling,content,48c3a38c076176e80033,same,42feb0b4436c8f010be0,101,energy,0.0
all,budget_ceiling,routing,48c3a38c076176e80033,same,42feb0b4436c8f010be0,101,energy,0.0
all,budget_ceiling,interaction,48c3a38c076176e80033,same,42feb0b4436c8f010be0,101,energy,0.0
all,budget_ceiling,content,48c3a38c076176e80033,transfer,853941796819126bd7bf,101,energy,0.0
all,budget_ceiling,routing,48c3a38c076176e80033,transfer,853941796819126bd7bf,101,energy,0.0
all,budget_ceiling,interaction,48c3a38c076176e80033,transfer,853941796819126bd7bf,101,energy,0.0
all,budget_ceiling,content,56ef83093d6cfbf2d7ac,same,f5ea8b8682fe2061e5e5,101,coverage,0.0
all,budget_ceiling,routing,56ef83093d6cfbf2d7ac,same,f5ea8b8682fe2061e5e5,101,coverage,0.0
all,budget_ceiling,interaction,56ef83093d6cfbf2d7ac,same,f5ea8b8682fe2061e5e5,101,coverage,0.0
all,budget_ceiling,content,56ef83093d6cfbf2d7ac,transfer,969295e5dcacc083b16e,101,coverage,0.0
all,budget_ceiling,routing,56ef83093d6cfbf2d7ac,transfer,969295e5dcacc083b16e,101,coverage,0.0
all,budget_ceiling,interaction,56ef83093d6cfbf2d7ac,transfer,969295e5dcacc083b16e,101,coverage,0.0
same,first_success,content,02a39a5320597b96fedd,same,e774f186be1e5269714c,101,capacity,0.0
same,first_success,routing,02a39a5320597b96fedd,same,e774f186be1e5269714c,101,capacity,0.0
same,first_success,interaction,02a39a5320597b96fedd,same,e774f186be1e5269714c,101,capacity,0.0
same,first_success,content,03219101985c4a812f33,same,4c80aca5d1439ced1356,101,storage,0.0
same,first_success,routing,03219101985c4a812f33,same,4c80aca5d1439ced1356,101,storage,0.0
same,first_success,interaction,03219101985c4a812f33,same,4c80aca5d1439ced1356,101,storage,0.0
same,first_success,content,042ae2a6f1bbd663e541,same,3d766f486bde3697fcfe,101,capacity,0.0
same,first_success,routing,042ae2a6f1bbd663e541,same,3d766f486bde3697fcfe,101,capacity,0.0
same,first_success,interaction,042ae2a6f1bbd663e541,same,3d766f486bde3697fcfe,101,capacity,0.0
same,first_success,content,05105e2b2401f4b85359,same,4ba9234a48df13dba177,101,penalty,0.0
same,first_success,routing,05105e2b2401f4b85359,same,4ba9234a48df13dba177,101,penalty,0.0
same,first_success,interaction,05105e2b2401f4b85359,same,4ba9234a48df13dba177,101,penalty,0.0
same,first_success,content,06496beef241512a18eb,same,b72394b366ea85326e24,101,energy,0.0
same,first_success,routing,06496beef241512a18eb,same,b72394b366ea85326e24,101,energy,0.0
same,first_success,interaction,06496beef241512a18eb,same,b72394b366ea85326e24,101,energy,0.0
same,first_success,content,089c614941a92a189165,same,ead4ff284929e064707f,101,penalty,0.0
same,first_success,routing,089c614941a92a189165,same,ead4ff284929e064707f,101,penalty,0.0
same,first_success,interaction,089c614941a92a189165,same,ead4ff284929e064707f,101,penalty,0.0
same,first_success,content,0929170251c4d40d7e20,same,e8594d2118c07c5a1814,101,penalty,0.0
same,first_success,routing,0929170251c4d40d7e20,same,e8594d2118c07c5a1814,101,penalty,0.0
same,first_success,interaction,0929170251c4d40d7e20,same,e8594d2118c07c5a1814,101,penalty,0.0
same,first_success,content,09ee9367f1a3ee020716,same,ec91af86b6083e2953b5,101,storage,0.0
same,first_success,routing,09ee9367f1a3ee020716,same,ec91af86b6083e2953b5,101,storage,0.0
same,first_success,interaction,09ee9367f1a3ee020716,same,ec91af86b6083e2953b5,101,storage,0.0
same,first_success,content,0f3b157a54e7a958f30f,same,a7215a5e45561cf480c3,101,dispatch,0.0
same,first_success,routing,0f3b157a54e7a958f30f,same,a7215a5e45561cf480c3,101,dispatch,0.0
same,first_success,interaction,0f3b157a54e7a958f30f,same,a7215a5e45561cf480c3,101,dispatch,0.0
same,first_success,content,106a2be8c3b09c3744b6,same,bb2444843dc023fe637a,101,energy,0.0
same,first_success,routing,106a2be8c3b09c3744b6,same,bb2444843dc023fe637a,101,energy,0.0
same,first_success,interaction,106a2be8c3b09c3744b6,same,bb2444843dc023fe637a,101,energy,0.0
same,first_success,content,11cf04f57e7cf62693fc,same,209b7551f727fc51506e,101,storage,0.0
same,first_success,routing,11cf04f57e7cf62693fc,same,209b7551f727fc51506e,101,storage,0.0
same,first_success,interaction,11cf04f57e7cf62693fc,same,209b7551f727fc51506e,101,storage,0.0
same,first_success,content,13af5df9ee91b4ddddc5,same,f234cde10ec6c1db10a4,101,coverage,0.0
same,first_success,routing,13af5df9ee91b4ddddc5,same,f234cde10ec6c1db10a4,101,coverage,0.0
same,first_success,interaction,13af5df9ee91b4ddddc5,same,f234cde10ec6c1db10a4,101,coverage,0.0
same,first_success,content,16ef7bc916003e74169e,same,c8d453f09e389cec26cf,101,capacity,0.0
same,first_success,routing,16ef7bc916003e74169e,same,c8d453f09e389cec26cf,101,capacity,0.0
same,first_success,interaction,16ef7bc916003e74169e,same,c8d453f09e389cec26cf,101,capacity,0.0
same,first_success,content,1fab7553a93a7929d564,same,f3869c609ea0ea3fba48,101,dispatch,0.0
same,first_success,routing,1fab7553a93a7929d564,same,f3869c609ea0ea3fba48,101,dispatch,0.0
same,first_success,interaction,1fab7553a93a7929d564,same,f3869c609ea0ea3fba48,101,dispatch,0.0
same,first_success,content,25f8b084653617d1e405,same,79d2add418d743759775,101,coverage,0.0
same,first_success,routing,25f8b084653617d1e405,same,79d2add418d743759775,101,coverage,0.0
same,first_success,interaction,25f8b084653617d1e405,same,79d2add418d743759775,101,coverage,0.0
same,first_success,content,2921c8d1b95f8cce6a99,same,c4e02df35c06206f2ea8,101,coverage,0.0
same,first_success,routing,2921c8d1b95f8cce6a99,same,c4e02df35c06206f2ea8,101,coverage,0.0
same,first_success,interaction,2921c8d1b95f8cce6a99,same,c4e02df35c06206f2ea8,101,coverage,0.0
same,first_success,content,2b668e273b98c894674a,same,6817ab3bf1695d6b3fe5,101,energy,0.0
same,first_success,routing,2b668e273b98c894674a,same,6817ab3bf1695d6b3fe5,101,energy,0.0
same,first_success,interaction,2b668e273b98c894674a,same,6817ab3bf1695d6b3fe5,101,energy,0.0
same,first_success,content,2f5b8a5a1eb7b8386a10,same,d3bf94d6313ca5d5aefe,101,capacity,0.0
same,first_success,routing,2f5b8a5a1eb7b8386a10,same,d3bf94d6313ca5d5aefe,101,capacity,0.0
same,first_success,interaction,2f5b8a5a1eb7b8386a10,same,d3bf94d6313ca5d5aefe,101,capacity,0.0
same,first_success,content,30919affcdad33f553a0,same,427545bcf63541ec0753,101,coverage,0.0
same,first_success,routing,30919affcdad33f553a0,same,427545bcf63541ec0753,101,coverage,0.0
same,first_success,interaction,30919affcdad33f553a0,same,427545bcf63541ec0753,101,coverage,0.0
same,first_success,content,35c569b002cf117953b8,same,47e1775ce77c9d9e2a98,101,dispatch,0.0
same,first_success,routing,35c569b002cf117953b8,same,47e1775ce77c9d9e2a98,101,dispatch,0.0
same,first_success,interaction,35c569b002cf117953b8,same,47e1775ce77c9d9e2a98,101,dispatch,0.0
same,first_success,content,377691e3dbc218046453,same,50c70db49767ac2b54fd,101,capacity,0.0
same,first_success,routing,377691e3dbc218046453,same,50c70db49767ac2b54fd,101,capacity,0.0
same,first_success,interaction,377691e3dbc218046453,same,50c70db49767ac2b54fd,101,capacity,0.0
same,first_success,content,3853022bab19520e686a,same,71980ea830c302a5bcd3,101,coverage,0.0
same,first_success,routing,3853022bab19520e686a,same,71980ea830c302a5bcd3,101,coverage,0.0
same,first_success,interaction,3853022bab19520e686a,same,71980ea830c302a5bcd3,101,coverage,0.0
same,first_success,content,48c3a38c076176e80033,same,42feb0b4436c8f010be0,101,energy,0.0
same,first_success,routing,48c3a38c076176e80033,same,42feb0b4436c8f010be0,101,energy,0.0
same,first_success,interaction,48c3a38c076176e80033,same,42feb0b4436c8f010be0,101,energy,0.0
same,first_success,content,56ef83093d6cfbf2d7ac,same,f5ea8b8682fe2061e5e5,101,coverage,0.0
same,first_success,routing,56ef83093d6cfbf2d7ac,same,f5ea8b8682fe2061e5e5,101,coverage,0.0
same,first_success,interaction,56ef83093d6cfbf2d7ac,same,f5ea8b8682fe2061e5e5,101,coverage,0.0
same,final_success,content,02a39a5320597b96fedd,same,e774f186be1e5269714c,101,capacity,0.0
same,final_success,routing,02a39a5320597b96fedd,same,e774f186be1e5269714c,101,capacity,0.0
same,final_success,interaction,02a39a5320597b96fedd,same,e774f186be1e5269714c,101,capacity,0.0
same,final_success,content,03219101985c4a812f33,same,4c80aca5d1439ced1356,101,storage,0.0
same,final_success,routing,03219101985c4a812f33,same,4c80aca5d1439ced1356,101,storage,0.0
same,final_success,interaction,03219101985c4a812f33,same,4c80aca5d1439ced1356,101,storage,0.0
same,final_success,content,042ae2a6f1bbd663e541,same,3d766f486bde3697fcfe,101,capacity,0.0
same,final_success,routing,042ae2a6f1bbd663e541,same,3d766f486bde3697fcfe,101,capacity,0.0
same,final_success,interaction,042ae2a6f1bbd663e541,same,3d766f486bde3697fcfe,101,capacity,0.0
same,final_success,content,05105e2b2401f4b85359,same,4ba9234a48df13dba177,101,penalty,0.0
same,final_success,routing,05105e2b2401f4b85359,same,4ba9234a48df13dba177,101,penalty,0.0
same,final_success,interaction,05105e2b2401f4b85359,same,4ba9234a48df13dba177,101,penalty,0.0
same,final_success,content,06496beef241512a18eb,same,b72394b366ea85326e24,101,energy,0.0
same,final_success,routing,06496beef241512a18eb,same,b72394b366ea85326e24,101,energy,0.0
same,final_success,interaction,06496beef241512a18eb,same,b72394b366ea85326e24,101,energy,0.0
same,final_success,content,089c614941a92a189165,same,ead4ff284929e064707f,101,penalty,0.0
same,final_success,routing,089c614941a92a189165,same,ead4ff284929e064707f,101,penalty,0.0
same,final_success,interaction,089c614941a92a189165,same,ead4ff284929e064707f,101,penalty,0.0
same,final_success,content,0929170251c4d40d7e20,same,e8594d2118c07c5a1814,101,penalty,0.0
same,final_success,routing,0929170251c4d40d7e20,same,e8594d2118c07c5a1814,101,penalty,0.0
same,final_success,interaction,0929170251c4d40d7e20,same,e8594d2118c07c5a1814,101,penalty,0.0
same,final_success,content,09ee9367f1a3ee020716,same,ec91af86b6083e2953b5,101,storage,0.0
same,final_success,routing,09ee9367f1a3ee020716,same,ec91af86b6083e2953b5,101,storage,0.0
same,final_success,interaction,09ee9367f1a3ee020716,same,ec91af86b6083e2953b5,101,storage,0.0
same,final_success,content,0f3b157a54e7a958f30f,same,a7215a5e45561cf480c3,101,dispatch,0.0
same,final_success,routing,0f3b157a54e7a958f30f,same,a7215a5e45561cf480c3,101,dispatch,0.0
same,final_success,interaction,0f3b157a54e7a958f30f,same,a7215a5e45561cf480c3,101,dispatch,0.0
same,final_success,content,106a2be8c3b09c3744b6,same,bb2444843dc023fe637a,101,energy,0.0
same,final_success,routing,106a2be8c3b09c3744b6,same,bb2444843dc023fe637a,101,energy,0.0
same,final_success,interaction,106a2be8c3b09c3744b6,same,bb2444843dc023fe637a,101,energy,0.0
same,final_success,content,11cf04f57e7cf62693fc,same,209b7551f727fc51506e,101,storage,0.0
same,final_success,routing,11cf04f57e7cf62693fc,same,209b7551f727fc51506e,101,storage,0.0
same,final_success,interaction,11cf04f57e7cf62693fc,same,209b7551f727fc51506e,101,storage,0.0
same,final_success,content,13af5df9ee91b4ddddc5,same,f234cde10ec6c1db10a4,101,coverage,0.0
same,final_success,routing,13af5df9ee91b4ddddc5,same,f234cde10ec6c1db10a4,101,coverage,0.0
same,final_success,interaction,13af5df9ee91b4ddddc5,same,f234cde10ec6c1db10a4,101,coverage,0.0
same,final_success,content,16ef7bc916003e74169e,same,c8d453f09e389cec26cf,101,capacity,0.0
same,final_success,routing,16ef7bc916003e74169e,same,c8d453f09e389cec26cf,101,capacity,0.0
same,final_success,interaction,16ef7bc916003e74169e,same,c8d453f09e389cec26cf,101,capacity,0.0
same,final_success,content,1fab7553a93a7929d564,same,f3869c609ea0ea3fba48,101,dispatch,0.0
same,final_success,routing,1fab7553a93a7929d564,same,f3869c609ea0ea3fba48,101,dispatch,0.0
same,final_success,interaction,1fab7553a93a7929d564,same,f3869c609ea0ea3fba48,101,dispatch,0.0
same,final_success,content,25f8b084653617d1e405,same,79d2add418d743759775,101,coverage,0.0
same,final_success,routing,25f8b084653617d1e405,same,79d2add418d743759775,101,coverage,0.0
same,final_success,interaction,25f8b084653617d1e405,same,79d2add418d743759775,101,coverage,0.0
same,final_success,content,2921c8d1b95f8cce6a99,same,c4e02df35c06206f2ea8,101,coverage,0.0
same,final_success,routing,2921c8d1b95f8cce6a99,same,c4e02df35c06206f2ea8,101,coverage,0.0
same,final_success,interaction,2921c8d1b95f8cce6a99,same,c4e02df35c06206f2ea8,101,coverage,0.0
same,final_success,content,2b668e273b98c894674a,same,6817ab3bf1695d6b3fe5,101,energy,0.0
same,final_success,routing,2b668e273b98c894674a,same,6817ab3bf1695d6b3fe5,101,energy,0.0
same,final_success,interaction,2b668e273b98c894674a,same,6817ab3bf1695d6b3fe5,101,energy,0.0
same,final_success,content,2f5b8a5a1eb7b8386a10,same,d3bf94d6313ca5d5aefe,101,capacity,0.0
same,final_success,routing,2f5b8a5a1eb7b8386a10,same,d3bf94d6313ca5d5aefe,101,capacity,0.0
same,final_success,interaction,2f5b8a5a1eb7b8386a10,same,d3bf94d6313ca5d5aefe,101,capacity,0.0
same,final_success,content,30919affcdad33f553a0,same,427545bcf63541ec0753,101,coverage,0.0
same,final_success,routing,30919affcdad33f553a0,same,427545bcf63541ec0753,101,coverage,0.0
same,final_success,interaction,30919affcdad33f553a0,same,427545bcf63541ec0753,101,coverage,0.0
same,final_success,content,35c569b002cf117953b8,same,47e1775ce77c9d9e2a98,101,dispatch,0.0
same,final_success,routing,35c569b002cf117953b8,same,47e1775ce77c9d9e2a98,101,dispatch,0.0
same,final_success,interaction,35c569b002cf117953b8,same,47e1775ce77c9d9e2a98,101,dispatch,0.0
same,final_success,content,377691e3dbc218046453,same,50c70db49767ac2b54fd,101,capacity,0.0
same,final_success,routing,377691e3dbc218046453,same,50c70db49767ac2b54fd,101,capacity,0.0
same,final_success,interaction,377691e3dbc218046453,same,50c70db49767ac2b54fd,101,capacity,0.0
same,final_success,content,3853022bab19520e686a,same,71980ea830c302a5bcd3,101,coverage,0.0
same,final_success,routing,3853022bab19520e686a,same,71980ea830c302a5bcd3,101,coverage,0.0
same,final_success,interaction,3853022bab19520e686a,same,71980ea830c302a5bcd3,101,coverage,0.0
same,final_success,content,48c3a38c076176e80033,same,42feb0b4436c8f010be0,101,energy,0.0
same,final_success,routing,48c3a38c076176e80033,same,42feb0b4436c8f010be0,101,energy,0.0
same,final_success,interaction,48c3a38c076176e80033,same,42feb0b4436c8f010be0,101,energy,0.0
same,final_success,content,56ef83093d6cfbf2d7ac,same,f5ea8b8682fe2061e5e5,101,coverage,0.0
same,final_success,routing,56ef83093d6cfbf2d7ac,same,f5ea8b8682fe2061e5e5,101,coverage,0.0
same,final_success,interaction,56ef83093d6cfbf2d7ac,same,f5ea8b8682fe2061e5e5,101,coverage,0.0
same,abstained,content,02a39a5320597b96fedd,same,e774f186be1e5269714c,101,capacity,0.0
same,abstained,routing,02a39a5320597b96fedd,same,e774f186be1e5269714c,101,capacity,0.0
same,abstained,interaction,02a39a5320597b96fedd,same,e774f186be1e5269714c,101,capacity,0.0
same,abstained,content,03219101985c4a812f33,same,4c80aca5d1439ced1356,101,storage,1.0
same,abstained,routing,03219101985c4a812f33,same,4c80aca5d1439ced1356,101,storage,0.0
same,abstained,interaction,03219101985c4a812f33,same,4c80aca5d1439ced1356,101,storage,0.0
same,abstained,content,042ae2a6f1bbd663e541,same,3d766f486bde3697fcfe,101,capacity,0.0
same,abstained,routing,042ae2a6f1bbd663e541,same,3d766f486bde3697fcfe,101,capacity,0.0
same,abstained,interaction,042ae2a6f1bbd663e541,same,3d766f486bde3697fcfe,101,capacity,0.0
same,abstained,content,05105e2b2401f4b85359,same,4ba9234a48df13dba177,101,penalty,-0.5
same,abstained,routing,05105e2b2401f4b85359,same,4ba9234a48df13dba177,101,penalty,-0.5
same,abstained,interaction,05105e2b2401f4b85359,same,4ba9234a48df13dba177,101,penalty,1.0
same,abstained,content,06496beef241512a18eb,same,b72394b366ea85326e24,101,energy,-0.5
same,abstained,routing,06496beef241512a18eb,same,b72394b366ea85326e24,101,energy,-0.5
same,abstained,interaction,06496beef241512a18eb,same,b72394b366ea85326e24,101,energy,1.0
same,abstained,content,089c614941a92a189165,same,ead4ff284929e064707f,101,penalty,0.5
same,abstained,routing,089c614941a92a189165,same,ead4ff284929e064707f,101,penalty,-0.5
same,abstained,interaction,089c614941a92a189165,same,ead4ff284929e064707f,101,penalty,1.0
same,abstained,content,0929170251c4d40d7e20,same,e8594d2118c07c5a1814,101,penalty,1.0
same,abstained,routing,0929170251c4d40d7e20,same,e8594d2118c07c5a1814,101,penalty,0.0
same,abstained,interaction,0929170251c4d40d7e20,same,e8594d2118c07c5a1814,101,penalty,0.0
same,abstained,content,09ee9367f1a3ee020716,same,ec91af86b6083e2953b5,101,storage,-0.5
same,abstained,routing,09ee9367f1a3ee020716,same,ec91af86b6083e2953b5,101,storage,0.5
same,abstained,interaction,09ee9367f1a3ee020716,same,ec91af86b6083e2953b5,101,storage,1.0
same,abstained,content,0f3b157a54e7a958f30f,same,a7215a5e45561cf480c3,101,dispatch,0.5
same,abstained,routing,0f3b157a54e7a958f30f,same,a7215a5e45561cf480c3,101,dispatch,-0.5
same,abstained,interaction,0f3b157a54e7a958f30f,same,a7215a5e45561cf480c3,101,dispatch,-1.0
same,abstained,content,106a2be8c3b09c3744b6,same,bb2444843dc023fe637a,101,energy,0.0
same,abstained,routing,106a2be8c3b09c3744b6,same,bb2444843dc023fe637a,101,energy,0.0
same,abstained,interaction,106a2be8c3b09c3744b6,same,bb2444843dc023fe637a,101,energy,0.0
same,abstained,content,11cf04f57e7cf62693fc,same,209b7551f727fc51506e,101,storage,0.0
same,abstained,routing,11cf04f57e7cf62693fc,same,209b7551f727fc51506e,101,storage,0.0
same,abstained,interaction,11cf04f57e7cf62693fc,same,209b7551f727fc51506e,101,storage,0.0
same,abstained,content,13af5df9ee91b4ddddc5,same,f234cde10ec6c1db10a4,101,coverage,0.5
same,abstained,routing,13af5df9ee91b4ddddc5,same,f234cde10ec6c1db10a4,101,coverage,-0.5
same,abstained,interaction,13af5df9ee91b4ddddc5,same,f234cde10ec6c1db10a4,101,coverage,-1.0
same,abstained,content,16ef7bc916003e74169e,same,c8d453f09e389cec26cf,101,capacity,0.5
same,abstained,routing,16ef7bc916003e74169e,same,c8d453f09e389cec26cf,101,capacity,-0.5
same,abstained,interaction,16ef7bc916003e74169e,same,c8d453f09e389cec26cf,101,capacity,-1.0
same,abstained,content,1fab7553a93a7929d564,same,f3869c609ea0ea3fba48,101,dispatch,0.0
same,abstained,routing,1fab7553a93a7929d564,same,f3869c609ea0ea3fba48,101,dispatch,-1.0
same,abstained,interaction,1fab7553a93a7929d564,same,f3869c609ea0ea3fba48,101,dispatch,0.0
same,abstained,content,25f8b084653617d1e405,same,79d2add418d743759775,101,coverage,-0.5
same,abstained,routing,25f8b084653617d1e405,same,79d2add418d743759775,101,coverage,0.5
same,abstained,interaction,25f8b084653617d1e405,same,79d2add418d743759775,101,coverage,1.0
same,abstained,content,2921c8d1b95f8cce6a99,same,c4e02df35c06206f2ea8,101,coverage,-1.0
same,abstained,routing,2921c8d1b95f8cce6a99,same,c4e02df35c06206f2ea8,101,coverage,0.0
same,abstained,interaction,2921c8d1b95f8cce6a99,same,c4e02df35c06206f2ea8,101,coverage,0.0
same,abstained,content,2b668e273b98c894674a,same,6817ab3bf1695d6b3fe5,101,energy,-0.5
same,abstained,routing,2b668e273b98c894674a,same,6817ab3bf1695d6b3fe5,101,energy,0.5
same,abstained,interaction,2b668e273b98c894674a,same,6817ab3bf1695d6b3fe5,101,energy,1.0
same,abstained,content,2f5b8a5a1eb7b8386a10,same,d3bf94d6313ca5d5aefe,101,capacity,0.0
same,abstained,routing,2f5b8a5a1eb7b8386a10,same,d3bf94d6313ca5d5aefe,101,capacity,0.0
same,abstained,interaction,2f5b8a5a1eb7b8386a10,same,d3bf94d6313ca5d5aefe,101,capacity,0.0
same,abstained,content,30919affcdad33f553a0,same,427545bcf63541ec0753,101,coverage,0.5
same,abstained,routing,30919affcdad33f553a0,same,427545bcf63541ec0753,101,coverage,0.5
same,abstained,interaction,30919affcdad33f553a0,same,427545bcf63541ec0753,101,coverage,1.0
same,abstained,content,35c569b002cf117953b8,same,47e1775ce77c9d9e2a98,101,dispatch,0.0
same,abstained,routing,35c569b002cf117953b8,same,47e1775ce77c9d9e2a98,101,dispatch,0.0
same,abstained,interaction,35c569b002cf117953b8,same,47e1775ce77c9d9e2a98,101,dispatch,0.0
same,abstained,content,377691e3dbc218046453,same,50c70db49767ac2b54fd,101,capacity,0.0
same,abstained,routing,377691e3dbc218046453,same,50c70db49767ac2b54fd,101,capacity,0.0
same,abstained,interaction,377691e3dbc218046453,same,50c70db49767ac2b54fd,101,capacity,0.0
same,abstained,content,3853022bab19520e686a,same,71980ea830c302a5bcd3,101,coverage,-1.0
same,abstained,routing,3853022bab19520e686a,same,71980ea830c302a5bcd3,101,coverage,0.0
same,abstained,interaction,3853022bab19520e686a,same,71980ea830c302a5bcd3,101,coverage,0.0
same,abstained,content,48c3a38c076176e80033,same,42feb0b4436c8f010be0,101,energy,-0.5
same,abstained,routing,48c3a38c076176e80033,same,42feb0b4436c8f010be0,101,energy,0.5
same,abstained,interaction,48c3a38c076176e80033,same,42feb0b4436c8f010be0,101,energy,-1.0
same,abstained,content,56ef83093d6cfbf2d7ac,same,f5ea8b8682fe2061e5e5,101,coverage,-0.5
same,abstained,routing,56ef83093d6cfbf2d7ac,same,f5ea8b8682fe2061e5e5,101,coverage,-0.5
same,abstained,interaction,56ef83093d6cfbf2d7ac,same,f5ea8b8682fe2061e5e5,101,coverage,1.0
same,recurrence,content,02a39a5320597b96fedd,same,e774f186be1e5269714c,101,capacity,0.0
same,recurrence,routing,02a39a5320597b96fedd,same,e774f186be1e5269714c,101,capacity,0.0
same,recurrence,interaction,02a39a5320597b96fedd,same,e774f186be1e5269714c,101,capacity,0.0
same,recurrence,content,03219101985c4a812f33,same,4c80aca5d1439ced1356,101,storage,-1.0
same,recurrence,routing,03219101985c4a812f33,same,4c80aca5d1439ced1356,101,storage,0.0
same,recurrence,interaction,03219101985c4a812f33,same,4c80aca5d1439ced1356,101,storage,0.0
same,recurrence,content,042ae2a6f1bbd663e541,same,3d766f486bde3697fcfe,101,capacity,0.0
same,recurrence,routing,042ae2a6f1bbd663e541,same,3d766f486bde3697fcfe,101,capacity,0.0
same,recurrence,interaction,042ae2a6f1bbd663e541,same,3d766f486bde3697fcfe,101,capacity,0.0
same,recurrence,content,05105e2b2401f4b85359,same,4ba9234a48df13dba177,101,penalty,0.5
same,recurrence,routing,05105e2b2401f4b85359,same,4ba9234a48df13dba177,101,penalty,0.5
same,recurrence,interaction,05105e2b2401f4b85359,same,4ba9234a48df13dba177,101,penalty,-1.0
same,recurrence,content,06496beef241512a18eb,same,b72394b366ea85326e24,101,energy,0.5
same,recurrence,routing,06496beef241512a18eb,same,b72394b366ea85326e24,101,energy,0.5
same,recurrence,interaction,06496beef241512a18eb,same,b72394b366ea85326e24,101,energy,-1.0
same,recurrence,content,089c614941a92a189165,same,ead4ff284929e064707f,101,penalty,-1.0
same,recurrence,routing,089c614941a92a189165,same,ead4ff284929e064707f,101,penalty,0.0
same,recurrence,interaction,089c614941a92a189165,same,ead4ff284929e064707f,101,penalty,0.0
same,recurrence,content,0929170251c4d40d7e20,same,e8594d2118c07c5a1814,101,penalty,-1.0
same,recurrence,routing,0929170251c4d40d7e20,same,e8594d2118c07c5a1814,101,penalty,0.0
same,recurrence,interaction,0929170251c4d40d7e20,same,e8594d2118c07c5a1814,101,penalty,0.0
same,recurrence,content,09ee9367f1a3ee020716,same,ec91af86b6083e2953b5,101,storage,1.0
same,recurrence,routing,09ee9367f1a3ee020716,same,ec91af86b6083e2953b5,101,storage,0.0
same,recurrence,interaction,09ee9367f1a3ee020716,same,ec91af86b6083e2953b5,101,storage,0.0
same,recurrence,content,0f3b157a54e7a958f30f,same,a7215a5e45561cf480c3,101,dispatch,-0.5
same,recurrence,routing,0f3b157a54e7a958f30f,same,a7215a5e45561cf480c3,101,dispatch,0.5
same,recurrence,interaction,0f3b157a54e7a958f30f,same,a7215a5e45561cf480c3,101,dispatch,1.0
same,recurrence,content,106a2be8c3b09c3744b6,same,bb2444843dc023fe637a,101,energy,0.0
same,recurrence,routing,106a2be8c3b09c3744b6,same,bb2444843dc023fe637a,101,energy,0.0
same,recurrence,interaction,106a2be8c3b09c3744b6,same,bb2444843dc023fe637a,101,energy,0.0
same,recurrence,content,11cf04f57e7cf62693fc,same,209b7551f727fc51506e,101,storage,0.0
same,recurrence,routing,11cf04f57e7cf62693fc,same,209b7551f727fc51506e,101,storage,0.0
same,recurrence,interaction,11cf04f57e7cf62693fc,same,209b7551f727fc51506e,101,storage,0.0
same,recurrence,content,13af5df9ee91b4ddddc5,same,f234cde10ec6c1db10a4,101,coverage,-0.5
same,recurrence,routing,13af5df9ee91b4ddddc5,same,f234cde10ec6c1db10a4,101,coverage,0.5
same,recurrence,interaction,13af5df9ee91b4ddddc5,same,f234cde10ec6c1db10a4,101,coverage,1.0
same,recurrence,content,16ef7bc916003e74169e,same,c8d453f09e389cec26cf,101,capacity,-0.5
same,recurrence,routing,16ef7bc916003e74169e,same,c8d453f09e389cec26cf,101,capacity,0.5
same,recurrence,interaction,16ef7bc916003e74169e,same,c8d453f09e389cec26cf,101,capacity,1.0
same,recurrence,content,1fab7553a93a7929d564,same,f3869c609ea0ea3fba48,101,dispatch,0.0
same,recurrence,routing,1fab7553a93a7929d564,same,f3869c609ea0ea3fba48,101,dispatch,1.0
same,recurrence,interaction,1fab7553a93a7929d564,same,f3869c609ea0ea3fba48,101,dispatch,0.0
same,recurrence,content,25f8b084653617d1e405,same,79d2add418d743759775,101,coverage,0.5
same,recurrence,routing,25f8b084653617d1e405,same,79d2add418d743759775,101,coverage,-0.5
same,recurrence,interaction,25f8b084653617d1e405,same,79d2add418d743759775,101,coverage,-1.0
same,recurrence,content,2921c8d1b95f8cce6a99,same,c4e02df35c06206f2ea8,101,coverage,1.0
same,recurrence,routing,2921c8d1b95f8cce6a99,same,c4e02df35c06206f2ea8,101,coverage,0.0
same,recurrence,interaction,2921c8d1b95f8cce6a99,same,c4e02df35c06206f2ea8,101,coverage,0.0
same,recurrence,content,2b668e273b98c894674a,same,6817ab3bf1695d6b3fe5,101,energy,0.0
same,recurrence,routing,2b668e273b98c894674a,same,6817ab3bf1695d6b3fe5,101,energy,-1.0
same,recurrence,interaction,2b668e273b98c894674a,same,6817ab3bf1695d6b3fe5,101,energy,0.0
same,recurrence,content,2f5b8a5a1eb7b8386a10,same,d3bf94d6313ca5d5aefe,101,capacity,0.0
same,recurrence,routing,2f5b8a5a1eb7b8386a10,same,d3bf94d6313ca5d5aefe,101,capacity,0.0
same,recurrence,interaction,2f5b8a5a1eb7b8386a10,same,d3bf94d6313ca5d5aefe,101,capacity,0.0
same,recurrence,content,30919affcdad33f553a0,same,427545bcf63541ec0753,101,coverage,-0.5
same,recurrence,routing,30919affcdad33f553a0,same,427545bcf63541ec0753,101,coverage,-0.5
same,recurrence,interaction,30919affcdad33f553a0,same,427545bcf63541ec0753,101,coverage,-1.0
same,recurrence,content,35c569b002cf117953b8,same,47e1775ce77c9d9e2a98,101,dispatch,0.0
same,recurrence,routing,35c569b002cf117953b8,same,47e1775ce77c9d9e2a98,101,dispatch,0.0
same,recurrence,interaction,35c569b002cf117953b8,same,47e1775ce77c9d9e2a98,101,dispatch,0.0
same,recurrence,content,377691e3dbc218046453,same,50c70db49767ac2b54fd,101,capacity,0.0
same,recurrence,routing,377691e3dbc218046453,same,50c70db49767ac2b54fd,101,capacity,0.0
same,recurrence,interaction,377691e3dbc218046453,same,50c70db49767ac2b54fd,101,capacity,0.0
same,recurrence,content,3853022bab19520e686a,same,71980ea830c302a5bcd3,101,coverage,1.0
same,recurrence,routing,3853022bab19520e686a,same,71980ea830c302a5bcd3,101,coverage,0.0
same,recurrence,interaction,3853022bab19520e686a,same,71980ea830c302a5bcd3,101,coverage,0.0
same,recurrence,content,48c3a38c076176e80033,same,42feb0b4436c8f010be0,101,energy,0.5
same,recurrence,routing,48c3a38c076176e80033,same,42feb0b4436c8f010be0,101,energy,-0.5
same,recurrence,interaction,48c3a38c076176e80033,same,42feb0b4436c8f010be0,101,energy,1.0
same,recurrence,content,56ef83093d6cfbf2d7ac,same,f5ea8b8682fe2061e5e5,101,coverage,0.5
same,recurrence,routing,56ef83093d6cfbf2d7ac,same,f5ea8b8682fe2061e5e5,101,coverage,0.5
same,recurrence,interaction,56ef83093d6cfbf2d7ac,same,f5ea8b8682fe2061e5e5,101,coverage,-1.0
same,target_avoided_but_failed,content,02a39a5320597b96fedd,same,e774f186be1e5269714c,101,capacity,0.0
same,target_avoided_but_failed,routing,02a39a5320597b96fedd,same,e774f186be1e5269714c,101,capacity,0.0
same,target_avoided_but_failed,interaction,02a39a5320597b96fedd,same,e774f186be1e5269714c,101,capacity,0.0
same,target_avoided_but_failed,content,03219101985c4a812f33,same,4c80aca5d1439ced1356,101,storage,1.0
same,target_avoided_but_failed,routing,03219101985c4a812f33,same,4c80aca5d1439ced1356,101,storage,0.0
same,target_avoided_but_failed,interaction,03219101985c4a812f33,same,4c80aca5d1439ced1356,101,storage,0.0
same,target_avoided_but_failed,content,042ae2a6f1bbd663e541,same,3d766f486bde3697fcfe,101,capacity,0.0
same,target_avoided_but_failed,routing,042ae2a6f1bbd663e541,same,3d766f486bde3697fcfe,101,capacity,0.0
same,target_avoided_but_failed,interaction,042ae2a6f1bbd663e541,same,3d766f486bde3697fcfe,101,capacity,0.0
same,target_avoided_but_failed,content,05105e2b2401f4b85359,same,4ba9234a48df13dba177,101,penalty,-0.5
same,target_avoided_but_failed,routing,05105e2b2401f4b85359,same,4ba9234a48df13dba177,101,penalty,-0.5
same,target_avoided_but_failed,interaction,05105e2b2401f4b85359,same,4ba9234a48df13dba177,101,penalty,1.0
same,target_avoided_but_failed,content,06496beef241512a18eb,same,b72394b366ea85326e24,101,energy,-0.5
same,target_avoided_but_failed,routing,06496beef241512a18eb,same,b72394b366ea85326e24,101,energy,-0.5
same,target_avoided_but_failed,interaction,06496beef241512a18eb,same,b72394b366ea85326e24,101,energy,1.0
same,target_avoided_but_failed,content,089c614941a92a189165,same,ead4ff284929e064707f,101,penalty,1.0
same,target_avoided_but_failed,routing,089c614941a92a189165,same,ead4ff284929e064707f,101,penalty,0.0
same,target_avoided_but_failed,interaction,089c614941a92a189165,same,ead4ff284929e064707f,101,penalty,0.0
same,target_avoided_but_failed,content,0929170251c4d40d7e20,same,e8594d2118c07c5a1814,101,penalty,1.0
same,target_avoided_but_failed,routing,0929170251c4d40d7e20,same,e8594d2118c07c5a1814,101,penalty,0.0
same,target_avoided_but_failed,interaction,0929170251c4d40d7e20,same,e8594d2118c07c5a1814,101,penalty,0.0
same,target_avoided_but_failed,content,09ee9367f1a3ee020716,same,ec91af86b6083e2953b5,101,storage,-1.0
same,target_avoided_but_failed,routing,09ee9367f1a3ee020716,same,ec91af86b6083e2953b5,101,storage,0.0
same,target_avoided_but_failed,interaction,09ee9367f1a3ee020716,same,ec91af86b6083e2953b5,101,storage,0.0
same,target_avoided_but_failed,content,0f3b157a54e7a958f30f,same,a7215a5e45561cf480c3,101,dispatch,0.5
same,target_avoided_but_failed,routing,0f3b157a54e7a958f30f,same,a7215a5e45561cf480c3,101,dispatch,-0.5
same,target_avoided_but_failed,interaction,0f3b157a54e7a958f30f,same,a7215a5e45561cf480c3,101,dispatch,-1.0
same,target_avoided_but_failed,content,106a2be8c3b09c3744b6,same,bb2444843dc023fe637a,101,energy,0.0
same,target_avoided_but_failed,routing,106a2be8c3b09c3744b6,same,bb2444843dc023fe637a,101,energy,0.0
same,target_avoided_but_failed,interaction,106a2be8c3b09c3744b6,same,bb2444843dc023fe637a,101,energy,0.0
same,target_avoided_but_failed,content,11cf04f57e7cf62693fc,same,209b7551f727fc51506e,101,storage,0.0
same,target_avoided_but_failed,routing,11cf04f57e7cf62693fc,same,209b7551f727fc51506e,101,storage,0.0
same,target_avoided_but_failed,interaction,11cf04f57e7cf62693fc,same,209b7551f727fc51506e,101,storage,0.0
same,target_avoided_but_failed,content,13af5df9ee91b4ddddc5,same,f234cde10ec6c1db10a4,101,coverage,0.5
same,target_avoided_but_failed,routing,13af5df9ee91b4ddddc5,same,f234cde10ec6c1db10a4,101,coverage,-0.5
same,target_avoided_but_failed,interaction,13af5df9ee91b4ddddc5,same,f234cde10ec6c1db10a4,101,coverage,-1.0
same,target_avoided_but_failed,content,16ef7bc916003e74169e,same,c8d453f09e389cec26cf,101,capacity,0.5
same,target_avoided_but_failed,routing,16ef7bc916003e74169e,same,c8d453f09e389cec26cf,101,capacity,-0.5
same,target_avoided_but_failed,interaction,16ef7bc916003e74169e,same,c8d453f09e389cec26cf,101,capacity,-1.0
same,target_avoided_but_failed,content,1fab7553a93a7929d564,same,f3869c609ea0ea3fba48,101,dispatch,0.0
same,target_avoided_but_failed,routing,1fab7553a93a7929d564,same,f3869c609ea0ea3fba48,101,dispatch,-1.0
same,target_avoided_but_failed,interaction,1fab7553a93a7929d564,same,f3869c609ea0ea3fba48,101,dispatch,0.0
same,target_avoided_but_failed,content,25f8b084653617d1e405,same,79d2add418d743759775,101,coverage,-0.5
same,target_avoided_but_failed,routing,25f8b084653617d1e405,same,79d2add418d743759775,101,coverage,0.5
same,target_avoided_but_failed,interaction,25f8b084653617d1e405,same,79d2add418d743759775,101,coverage,1.0
same,target_avoided_but_failed,content,2921c8d1b95f8cce6a99,same,c4e02df35c06206f2ea8,101,coverage,-1.0
same,target_avoided_but_failed,routing,2921c8d1b95f8cce6a99,same,c4e02df35c06206f2ea8,101,coverage,0.0
same,target_avoided_but_failed,interaction,2921c8d1b95f8cce6a99,same,c4e02df35c06206f2ea8,101,coverage,0.0
same,target_avoided_but_failed,content,2b668e273b98c894674a,same,6817ab3bf1695d6b3fe5,101,energy,0.0
same,target_avoided_but_failed,routing,2b668e273b98c894674a,same,6817ab3bf1695d6b3fe5,101,energy,1.0
same,target_avoided_but_failed,interaction,2b668e273b98c894674a,same,6817ab3bf1695d6b3fe5,101,energy,0.0
same,target_avoided_but_failed,content,2f5b8a5a1eb7b8386a10,same,d3bf94d6313ca5d5aefe,101,capacity,0.0
same,target_avoided_but_failed,routing,2f5b8a5a1eb7b8386a10,same,d3bf94d6313ca5d5aefe,101,capacity,0.0
same,target_avoided_but_failed,interaction,2f5b8a5a1eb7b8386a10,same,d3bf94d6313ca5d5aefe,101,capacity,0.0
same,target_avoided_but_failed,content,30919affcdad33f553a0,same,427545bcf63541ec0753,101,coverage,0.5
same,target_avoided_but_failed,routing,30919affcdad33f553a0,same,427545bcf63541ec0753,101,coverage,0.5
same,target_avoided_but_failed,interaction,30919affcdad33f553a0,same,427545bcf63541ec0753,101,coverage,1.0
same,target_avoided_but_failed,content,35c569b002cf117953b8,same,47e1775ce77c9d9e2a98,101,dispatch,0.0
same,target_avoided_but_failed,routing,35c569b002cf117953b8,same,47e1775ce77c9d9e2a98,101,dispatch,0.0
same,target_avoided_but_failed,interaction,35c569b002cf117953b8,same,47e1775ce77c9d9e2a98,101,dispatch,0.0
same,target_avoided_but_failed,content,377691e3dbc218046453,same,50c70db49767ac2b54fd,101,capacity,0.0
same,target_avoided_but_failed,routing,377691e3dbc218046453,same,50c70db49767ac2b54fd,101,capacity,0.0
same,target_avoided_but_failed,interaction,377691e3dbc218046453,same,50c70db49767ac2b54fd,101,capacity,0.0
same,target_avoided_but_failed,content,3853022bab19520e686a,same,71980ea830c302a5bcd3,101,coverage,-1.0
same,target_avoided_but_failed,routing,3853022bab19520e686a,same,71980ea830c302a5bcd3,101,coverage,0.0
same,target_avoided_but_failed,interaction,3853022bab19520e686a,same,71980ea830c302a5bcd3,101,coverage,0.0
same,target_avoided_but_failed,content,48c3a38c076176e80033,same,42feb0b4436c8f010be0,101,energy,-0.5
same,target_avoided_but_failed,routing,48c3a38c076176e80033,same,42feb0b4436c8f010be0,101,energy,0.5
same,target_avoided_but_failed,interaction,48c3a38c076176e80033,same,42feb0b4436c8f010be0,101,energy,-1.0
same,target_avoided_but_failed,content,56ef83093d6cfbf2d7ac,same,f5ea8b8682fe2061e5e5,101,coverage,-0.5
same,target_avoided_but_failed,routing,56ef83093d6cfbf2d7ac,same,f5ea8b8682fe2061e5e5,101,coverage,-0.5
same,target_avoided_but_failed,interaction,56ef83093d6cfbf2d7ac,same,f5ea8b8682fe2061e5e5,101,coverage,1.0
same,any_new_error,content,02a39a5320597b96fedd,same,e774f186be1e5269714c,101,capacity,0.0
same,any_new_error,routing,02a39a5320597b96fedd,same,e774f186be1e5269714c,101,capacity,0.0
same,any_new_error,interaction,02a39a5320597b96fedd,same,e774f186be1e5269714c,101,capacity,0.0
same,any_new_error,content,03219101985c4a812f33,same,4c80aca5d1439ced1356,101,storage,-1.0
same,any_new_error,routing,03219101985c4a812f33,same,4c80aca5d1439ced1356,101,storage,0.0
same,any_new_error,interaction,03219101985c4a812f33,same,4c80aca5d1439ced1356,101,storage,0.0
same,any_new_error,content,042ae2a6f1bbd663e541,same,3d766f486bde3697fcfe,101,capacity,0.0
same,any_new_error,routing,042ae2a6f1bbd663e541,same,3d766f486bde3697fcfe,101,capacity,0.0
same,any_new_error,interaction,042ae2a6f1bbd663e541,same,3d766f486bde3697fcfe,101,capacity,0.0
same,any_new_error,content,05105e2b2401f4b85359,same,4ba9234a48df13dba177,101,penalty,0.5
same,any_new_error,routing,05105e2b2401f4b85359,same,4ba9234a48df13dba177,101,penalty,0.5
same,any_new_error,interaction,05105e2b2401f4b85359,same,4ba9234a48df13dba177,101,penalty,-1.0
same,any_new_error,content,06496beef241512a18eb,same,b72394b366ea85326e24,101,energy,0.5
same,any_new_error,routing,06496beef241512a18eb,same,b72394b366ea85326e24,101,energy,0.5
same,any_new_error,interaction,06496beef241512a18eb,same,b72394b366ea85326e24,101,energy,-1.0
same,any_new_error,content,089c614941a92a189165,same,ead4ff284929e064707f,101,penalty,-0.5
same,any_new_error,routing,089c614941a92a189165,same,ead4ff284929e064707f,101,penalty,0.5
same,any_new_error,interaction,089c614941a92a189165,same,ead4ff284929e064707f,101,penalty,-1.0
same,any_new_error,content,0929170251c4d40d7e20,same,e8594d2118c07c5a1814,101,penalty,0.0
same,any_new_error,routing,0929170251c4d40d7e20,same,e8594d2118c07c5a1814,101,penalty,0.0
same,any_new_error,interaction,0929170251c4d40d7e20,same,e8594d2118c07c5a1814,101,penalty,0.0
same,any_new_error,content,09ee9367f1a3ee020716,same,ec91af86b6083e2953b5,101,storage,0.5
same,any_new_error,routing,09ee9367f1a3ee020716,same,ec91af86b6083e2953b5,101,storage,-0.5
same,any_new_error,interaction,09ee9367f1a3ee020716,same,ec91af86b6083e2953b5,101,storage,-1.0
same,any_new_error,content,0f3b157a54e7a958f30f,same,a7215a5e45561cf480c3,101,dispatch,-0.5
same,any_new_error,routing,0f3b157a54e7a958f30f,same,a7215a5e45561cf480c3,101,dispatch,0.5
same,any_new_error,interaction,0f3b157a54e7a958f30f,same,a7215a5e45561cf480c3,101,dispatch,1.0
same,any_new_error,content,106a2be8c3b09c3744b6,same,bb2444843dc023fe637a,101,energy,0.0
same,any_new_error,routing,106a2be8c3b09c3744b6,same,bb2444843dc023fe637a,101,energy,0.0
same,any_new_error,interaction,106a2be8c3b09c3744b6,same,bb2444843dc023fe637a,101,energy,0.0
same,any_new_error,content,11cf04f57e7cf62693fc,same,209b7551f727fc51506e,101,storage,0.0
same,any_new_error,routing,11cf04f57e7cf62693fc,same,209b7551f727fc51506e,101,storage,0.0
same,any_new_error,interaction,11cf04f57e7cf62693fc,same,209b7551f727fc51506e,101,storage,0.0
same,any_new_error,content,13af5df9ee91b4ddddc5,same,f234cde10ec6c1db10a4,101,coverage,-0.5
same,any_new_error,routing,13af5df9ee91b4ddddc5,same,f234cde10ec6c1db10a4,101,coverage,0.5
same,any_new_error,interaction,13af5df9ee91b4ddddc5,same,f234cde10ec6c1db10a4,101,coverage,1.0
same,any_new_error,content,16ef7bc916003e74169e,same,c8d453f09e389cec26cf,101,capacity,-0.5
same,any_new_error,routing,16ef7bc916003e74169e,same,c8d453f09e389cec26cf,101,capacity,0.5
same,any_new_error,interaction,16ef7bc916003e74169e,same,c8d453f09e389cec26cf,101,capacity,1.0
same,any_new_error,content,1fab7553a93a7929d564,same,f3869c609ea0ea3fba48,101,dispatch,0.0
same,any_new_error,routing,1fab7553a93a7929d564,same,f3869c609ea0ea3fba48,101,dispatch,1.0
same,any_new_error,interaction,1fab7553a93a7929d564,same,f3869c609ea0ea3fba48,101,dispatch,0.0
same,any_new_error,content,25f8b084653617d1e405,same,79d2add418d743759775,101,coverage,0.5
same,any_new_error,routing,25f8b084653617d1e405,same,79d2add418d743759775,101,coverage,-0.5
same,any_new_error,interaction,25f8b084653617d1e405,same,79d2add418d743759775,101,coverage,-1.0
same,any_new_error,content,2921c8d1b95f8cce6a99,same,c4e02df35c06206f2ea8,101,coverage,1.0
same,any_new_error,routing,2921c8d1b95f8cce6a99,same,c4e02df35c06206f2ea8,101,coverage,0.0
same,any_new_error,interaction,2921c8d1b95f8cce6a99,same,c4e02df35c06206f2ea8,101,coverage,0.0
same,any_new_error,content,2b668e273b98c894674a,same,6817ab3bf1695d6b3fe5,101,energy,0.5
same,any_new_error,routing,2b668e273b98c894674a,same,6817ab3bf1695d6b3fe5,101,energy,-0.5
same,any_new_error,interaction,2b668e273b98c894674a,same,6817ab3bf1695d6b3fe5,101,energy,-1.0
same,any_new_error,content,2f5b8a5a1eb7b8386a10,same,d3bf94d6313ca5d5aefe,101,capacity,0.0
same,any_new_error,routing,2f5b8a5a1eb7b8386a10,same,d3bf94d6313ca5d5aefe,101,capacity,1.0
same,any_new_error,interaction,2f5b8a5a1eb7b8386a10,same,d3bf94d6313ca5d5aefe,101,capacity,0.0
same,any_new_error,content,30919affcdad33f553a0,same,427545bcf63541ec0753,101,coverage,-0.5
same,any_new_error,routing,30919affcdad33f553a0,same,427545bcf63541ec0753,101,coverage,-0.5
same,any_new_error,interaction,30919affcdad33f553a0,same,427545bcf63541ec0753,101,coverage,-1.0
same,any_new_error,content,35c569b002cf117953b8,same,47e1775ce77c9d9e2a98,101,dispatch,0.0
same,any_new_error,routing,35c569b002cf117953b8,same,47e1775ce77c9d9e2a98,101,dispatch,0.0
same,any_new_error,interaction,35c569b002cf117953b8,same,47e1775ce77c9d9e2a98,101,dispatch,0.0
same,any_new_error,content,377691e3dbc218046453,same,50c70db49767ac2b54fd,101,capacity,0.0
same,any_new_error,routing,377691e3dbc218046453,same,50c70db49767ac2b54fd,101,capacity,0.0
same,any_new_error,interaction,377691e3dbc218046453,same,50c70db49767ac2b54fd,101,capacity,0.0
same,any_new_error,content,3853022bab19520e686a,same,71980ea830c302a5bcd3,101,coverage,0.5
same,any_new_error,routing,3853022bab19520e686a,same,71980ea830c302a5bcd3,101,coverage,-0.5
same,any_new_error,interaction,3853022bab19520e686a,same,71980ea830c302a5bcd3,101,coverage,-1.0
same,any_new_error,content,48c3a38c076176e80033,same,42feb0b4436c8f010be0,101,energy,0.5
same,any_new_error,routing,48c3a38c076176e80033,same,42feb0b4436c8f010be0,101,energy,-0.5
same,any_new_error,interaction,48c3a38c076176e80033,same,42feb0b4436c8f010be0,101,energy,1.0
same,any_new_error,content,56ef83093d6cfbf2d7ac,same,f5ea8b8682fe2061e5e5,101,coverage,0.5
same,any_new_error,routing,56ef83093d6cfbf2d7ac,same,f5ea8b8682fe2061e5e5,101,coverage,0.5
same,any_new_error,interaction,56ef83093d6cfbf2d7ac,same,f5ea8b8682fe2061e5e5,101,coverage,-1.0
same,any_tool_error,content,02a39a5320597b96fedd,same,e774f186be1e5269714c,101,capacity,-0.5
same,any_tool_error,routing,02a39a5320597b96fedd,same,e774f186be1e5269714c,101,capacity,0.5
same,any_tool_error,interaction,02a39a5320597b96fedd,same,e774f186be1e5269714c,101,capacity,-1.0
same,any_tool_error,content,03219101985c4a812f33,same,4c80aca5d1439ced1356,101,storage,0.5
same,any_tool_error,routing,03219101985c4a812f33,same,4c80aca5d1439ced1356,101,storage,0.5
same,any_tool_error,interaction,03219101985c4a812f33,same,4c80aca5d1439ced1356,101,storage,-1.0
same,any_tool_error,content,042ae2a6f1bbd663e541,same,3d766f486bde3697fcfe,101,capacity,0.0
same,any_tool_error,routing,042ae2a6f1bbd663e541,same,3d766f486bde3697fcfe,101,capacity,0.0
same,any_tool_error,interaction,042ae2a6f1bbd663e541,same,3d766f486bde3697fcfe,101,capacity,0.0
same,any_tool_error,content,05105e2b2401f4b85359,same,4ba9234a48df13dba177,101,penalty,0.0
same,any_tool_error,routing,05105e2b2401f4b85359,same,4ba9234a48df13dba177,101,penalty,0.0
same,any_tool_error,interaction,05105e2b2401f4b85359,same,4ba9234a48df13dba177,101,penalty,0.0
same,any_tool_error,content,06496beef241512a18eb,same,b72394b366ea85326e24,101,energy,-0.5
same,any_tool_error,routing,06496beef241512a18eb,same,b72394b366ea85326e24,101,energy,-0.5
same,any_tool_error,interaction,06496beef241512a18eb,same,b72394b366ea85326e24,101,energy,-1.0
same,any_tool_error,content,089c614941a92a189165,same,ead4ff284929e064707f,101,penalty,-0.5
same,any_tool_error,routing,089c614941a92a189165,same,ead4ff284929e064707f,101,penalty,-0.5
same,any_tool_error,interaction,089c614941a92a189165,same,ead4ff284929e064707f,101,penalty,-1.0
same,any_tool_error,content,0929170251c4d40d7e20,same,e8594d2118c07c5a1814,101,penalty,0.0
same,any_tool_error,routing,0929170251c4d40d7e20,same,e8594d2118c07c5a1814,101,penalty,0.0
same,any_tool_error,interaction,0929170251c4d40d7e20,same,e8594d2118c07c5a1814,101,penalty,0.0
same,any_tool_error,content,09ee9367f1a3ee020716,same,ec91af86b6083e2953b5,101,storage,0.0
same,any_tool_error,routing,09ee9367f1a3ee020716,same,ec91af86b6083e2953b5,101,storage,0.0
same,any_tool_error,interaction,09ee9367f1a3ee020716,same,ec91af86b6083e2953b5,101,storage,0.0
same,any_tool_error,content,0f3b157a54e7a958f30f,same,a7215a5e45561cf480c3,101,dispatch,0.5
same,any_tool_error,routing,0f3b157a54e7a958f30f,same,a7215a5e45561cf480c3,101,dispatch,-0.5
same,any_tool_error,interaction,0f3b157a54e7a958f30f,same,a7215a5e45561cf480c3,101,dispatch,1.0
same,any_tool_error,content,106a2be8c3b09c3744b6,same,bb2444843dc023fe637a,101,energy,0.5
same,any_tool_error,routing,106a2be8c3b09c3744b6,same,bb2444843dc023fe637a,101,energy,-0.5
same,any_tool_error,interaction,106a2be8c3b09c3744b6,same,bb2444843dc023fe637a,101,energy,-1.0
same,any_tool_error,content,11cf04f57e7cf62693fc,same,209b7551f727fc51506e,101,storage,-1.0
same,any_tool_error,routing,11cf04f57e7cf62693fc,same,209b7551f727fc51506e,101,storage,0.0
same,any_tool_error,interaction,11cf04f57e7cf62693fc,same,209b7551f727fc51506e,101,storage,0.0
same,any_tool_error,content,13af5df9ee91b4ddddc5,same,f234cde10ec6c1db10a4,101,coverage,-0.5
same,any_tool_error,routing,13af5df9ee91b4ddddc5,same,f234cde10ec6c1db10a4,101,coverage,-0.5
same,any_tool_error,interaction,13af5df9ee91b4ddddc5,same,f234cde10ec6c1db10a4,101,coverage,-1.0
same,any_tool_error,content,16ef7bc916003e74169e,same,c8d453f09e389cec26cf,101,capacity,0.0
same,any_tool_error,routing,16ef7bc916003e74169e,same,c8d453f09e389cec26cf,101,capacity,-1.0
same,any_tool_error,interaction,16ef7bc916003e74169e,same,c8d453f09e389cec26cf,101,capacity,0.0
same,any_tool_error,content,1fab7553a93a7929d564,same,f3869c609ea0ea3fba48,101,dispatch,0.5
same,any_tool_error,routing,1fab7553a93a7929d564,same,f3869c609ea0ea3fba48,101,dispatch,-0.5
same,any_tool_error,interaction,1fab7553a93a7929d564,same,f3869c609ea0ea3fba48,101,dispatch,1.0
same,any_tool_error,content,25f8b084653617d1e405,same,79d2add418d743759775,101,coverage,0.0
same,any_tool_error,routing,25f8b084653617d1e405,same,79d2add418d743759775,101,coverage,0.0
same,any_tool_error,interaction,25f8b084653617d1e405,same,79d2add418d743759775,101,coverage,0.0
same,any_tool_error,content,2921c8d1b95f8cce6a99,same,c4e02df35c06206f2ea8,101,coverage,0.0
same,any_tool_error,routing,2921c8d1b95f8cce6a99,same,c4e02df35c06206f2ea8,101,coverage,0.0
same,any_tool_error,interaction,2921c8d1b95f8cce6a99,same,c4e02df35c06206f2ea8,101,coverage,0.0
same,any_tool_error,content,2b668e273b98c894674a,same,6817ab3bf1695d6b3fe5,101,energy,-0.5
same,any_tool_error,routing,2b668e273b98c894674a,same,6817ab3bf1695d6b3fe5,101,energy,0.5
same,any_tool_error,interaction,2b668e273b98c894674a,same,6817ab3bf1695d6b3fe5,101,energy,1.0
same,any_tool_error,content,2f5b8a5a1eb7b8386a10,same,d3bf94d6313ca5d5aefe,101,capacity,0.5
same,any_tool_error,routing,2f5b8a5a1eb7b8386a10,same,d3bf94d6313ca5d5aefe,101,capacity,0.5
same,any_tool_error,interaction,2f5b8a5a1eb7b8386a10,same,d3bf94d6313ca5d5aefe,101,capacity,-1.0
same,any_tool_error,content,30919affcdad33f553a0,same,427545bcf63541ec0753,101,coverage,0.0
same,any_tool_error,routing,30919affcdad33f553a0,same,427545bcf63541ec0753,101,coverage,0.0
same,any_tool_error,interaction,30919affcdad33f553a0,same,427545bcf63541ec0753,101,coverage,2.0
same,any_tool_error,content,35c569b002cf117953b8,same,47e1775ce77c9d9e2a98,101,dispatch,0.0
same,any_tool_error,routing,35c569b002cf117953b8,same,47e1775ce77c9d9e2a98,101,dispatch,0.0
same,any_tool_error,interaction,35c569b002cf117953b8,same,47e1775ce77c9d9e2a98,101,dispatch,0.0
same,any_tool_error,content,377691e3dbc218046453,same,50c70db49767ac2b54fd,101,capacity,1.0
same,any_tool_error,routing,377691e3dbc218046453,same,50c70db49767ac2b54fd,101,capacity,0.0
same,any_tool_error,interaction,377691e3dbc218046453,same,50c70db49767ac2b54fd,101,capacity,0.0
same,any_tool_error,content,3853022bab19520e686a,same,71980ea830c302a5bcd3,101,coverage,0.0
same,any_tool_error,routing,3853022bab19520e686a,same,71980ea830c302a5bcd3,101,coverage,0.0
same,any_tool_error,interaction,3853022bab19520e686a,same,71980ea830c302a5bcd3,101,coverage,0.0
same,any_tool_error,content,48c3a38c076176e80033,same,42feb0b4436c8f010be0,101,energy,0.0
same,any_tool_error,routing,48c3a38c076176e80033,same,42feb0b4436c8f010be0,101,energy,1.0
same,any_tool_error,interaction,48c3a38c076176e80033,same,42feb0b4436c8f010be0,101,energy,0.0
same,any_tool_error,content,56ef83093d6cfbf2d7ac,same,f5ea8b8682fe2061e5e5,101,coverage,0.5
same,any_tool_error,routing,56ef83093d6cfbf2d7ac,same,f5ea8b8682fe2061e5e5,101,coverage,-0.5
same,any_tool_error,interaction,56ef83093d6cfbf2d7ac,same,f5ea8b8682fe2061e5e5,101,coverage,1.0
same,budget_ceiling,content,02a39a5320597b96fedd,same,e774f186be1e5269714c,101,capacity,0.0
same,budget_ceiling,routing,02a39a5320597b96fedd,same,e774f186be1e5269714c,101,capacity,0.0
same,budget_ceiling,interaction,02a39a5320597b96fedd,same,e774f186be1e5269714c,101,capacity,0.0
same,budget_ceiling,content,03219101985c4a812f33,same,4c80aca5d1439ced1356,101,storage,0.0
same,budget_ceiling,routing,03219101985c4a812f33,same,4c80aca5d1439ced1356,101,storage,0.0
same,budget_ceiling,interaction,03219101985c4a812f33,same,4c80aca5d1439ced1356,101,storage,0.0
same,budget_ceiling,content,042ae2a6f1bbd663e541,same,3d766f486bde3697fcfe,101,capacity,0.0
same,budget_ceiling,routing,042ae2a6f1bbd663e541,same,3d766f486bde3697fcfe,101,capacity,0.0
same,budget_ceiling,interaction,042ae2a6f1bbd663e541,same,3d766f486bde3697fcfe,101,capacity,0.0
same,budget_ceiling,content,05105e2b2401f4b85359,same,4ba9234a48df13dba177,101,penalty,0.0
same,budget_ceiling,routing,05105e2b2401f4b85359,same,4ba9234a48df13dba177,101,penalty,0.0
same,budget_ceiling,interaction,05105e2b2401f4b85359,same,4ba9234a48df13dba177,101,penalty,0.0
same,budget_ceiling,content,06496beef241512a18eb,same,b72394b366ea85326e24,101,energy,0.0
same,budget_ceiling,routing,06496beef241512a18eb,same,b72394b366ea85326e24,101,energy,0.0
same,budget_ceiling,interaction,06496beef241512a18eb,same,b72394b366ea85326e24,101,energy,0.0
same,budget_ceiling,content,089c614941a92a189165,same,ead4ff284929e064707f,101,penalty,0.0
same,budget_ceiling,routing,089c614941a92a189165,same,ead4ff284929e064707f,101,penalty,0.0
same,budget_ceiling,interaction,089c614941a92a189165,same,ead4ff284929e064707f,101,penalty,0.0
same,budget_ceiling,content,0929170251c4d40d7e20,same,e8594d2118c07c5a1814,101,penalty,0.0
same,budget_ceiling,routing,0929170251c4d40d7e20,same,e8594d2118c07c5a1814,101,penalty,0.0
same,budget_ceiling,interaction,0929170251c4d40d7e20,same,e8594d2118c07c5a1814,101,penalty,0.0
same,budget_ceiling,content,09ee9367f1a3ee020716,same,ec91af86b6083e2953b5,101,storage,0.0
same,budget_ceiling,routing,09ee9367f1a3ee020716,same,ec91af86b6083e2953b5,101,storage,0.0
same,budget_ceiling,interaction,09ee9367f1a3ee020716,same,ec91af86b6083e2953b5,101,storage,0.0
same,budget_ceiling,content,0f3b157a54e7a958f30f,same,a7215a5e45561cf480c3,101,dispatch,0.0
same,budget_ceiling,routing,0f3b157a54e7a958f30f,same,a7215a5e45561cf480c3,101,dispatch,0.0
same,budget_ceiling,interaction,0f3b157a54e7a958f30f,same,a7215a5e45561cf480c3,101,dispatch,0.0
same,budget_ceiling,content,106a2be8c3b09c3744b6,same,bb2444843dc023fe637a,101,energy,0.0
same,budget_ceiling,routing,106a2be8c3b09c3744b6,same,bb2444843dc023fe637a,101,energy,0.0
same,budget_ceiling,interaction,106a2be8c3b09c3744b6,same,bb2444843dc023fe637a,101,energy,0.0
same,budget_ceiling,content,11cf04f57e7cf62693fc,same,209b7551f727fc51506e,101,storage,0.0
same,budget_ceiling,routing,11cf04f57e7cf62693fc,same,209b7551f727fc51506e,101,storage,0.0
same,budget_ceiling,interaction,11cf04f57e7cf62693fc,same,209b7551f727fc51506e,101,storage,0.0
same,budget_ceiling,content,13af5df9ee91b4ddddc5,same,f234cde10ec6c1db10a4,101,coverage,0.0
same,budget_ceiling,routing,13af5df9ee91b4ddddc5,same,f234cde10ec6c1db10a4,101,coverage,0.0
same,budget_ceiling,interaction,13af5df9ee91b4ddddc5,same,f234cde10ec6c1db10a4,101,coverage,0.0
same,budget_ceiling,content,16ef7bc916003e74169e,same,c8d453f09e389cec26cf,101,capacity,0.0
same,budget_ceiling,routing,16ef7bc916003e74169e,same,c8d453f09e389cec26cf,101,capacity,0.0
same,budget_ceiling,interaction,16ef7bc916003e74169e,same,c8d453f09e389cec26cf,101,capacity,0.0
same,budget_ceiling,content,1fab7553a93a7929d564,same,f3869c609ea0ea3fba48,101,dispatch,0.0
same,budget_ceiling,routing,1fab7553a93a7929d564,same,f3869c609ea0ea3fba48,101,dispatch,0.0
same,budget_ceiling,interaction,1fab7553a93a7929d564,same,f3869c609ea0ea3fba48,101,dispatch,0.0
same,budget_ceiling,content,25f8b084653617d1e405,same,79d2add418d743759775,101,coverage,0.0
same,budget_ceiling,routing,25f8b084653617d1e405,same,79d2add418d743759775,101,coverage,0.0
same,budget_ceiling,interaction,25f8b084653617d1e405,same,79d2add418d743759775,101,coverage,0.0
same,budget_ceiling,content,2921c8d1b95f8cce6a99,same,c4e02df35c06206f2ea8,101,coverage,0.0
same,budget_ceiling,routing,2921c8d1b95f8cce6a99,same,c4e02df35c06206f2ea8,101,coverage,0.0
same,budget_ceiling,interaction,2921c8d1b95f8cce6a99,same,c4e02df35c06206f2ea8,101,coverage,0.0
same,budget_ceiling,content,2b668e273b98c894674a,same,6817ab3bf1695d6b3fe5,101,energy,0.0
same,budget_ceiling,routing,2b668e273b98c894674a,same,6817ab3bf1695d6b3fe5,101,energy,0.0
same,budget_ceiling,interaction,2b668e273b98c894674a,same,6817ab3bf1695d6b3fe5,101,energy,0.0
same,budget_ceiling,content,2f5b8a5a1eb7b8386a10,same,d3bf94d6313ca5d5aefe,101,capacity,0.0
same,budget_ceiling,routing,2f5b8a5a1eb7b8386a10,same,d3bf94d6313ca5d5aefe,101,capacity,0.0
same,budget_ceiling,interaction,2f5b8a5a1eb7b8386a10,same,d3bf94d6313ca5d5aefe,101,capacity,0.0
same,budget_ceiling,content,30919affcdad33f553a0,same,427545bcf63541ec0753,101,coverage,0.0
same,budget_ceiling,routing,30919affcdad33f553a0,same,427545bcf63541ec0753,101,coverage,0.0
same,budget_ceiling,interaction,30919affcdad33f553a0,same,427545bcf63541ec0753,101,coverage,0.0
same,budget_ceiling,content,35c569b002cf117953b8,same,47e1775ce77c9d9e2a98,101,dispatch,0.0
same,budget_ceiling,routing,35c569b002cf117953b8,same,47e1775ce77c9d9e2a98,101,dispatch,0.0
same,budget_ceiling,interaction,35c569b002cf117953b8,same,47e1775ce77c9d9e2a98,101,dispatch,0.0
same,budget_ceiling,content,377691e3dbc218046453,same,50c70db49767ac2b54fd,101,capacity,0.0
same,budget_ceiling,routing,377691e3dbc218046453,same,50c70db49767ac2b54fd,101,capacity,0.0
same,budget_ceiling,interaction,377691e3dbc218046453,same,50c70db49767ac2b54fd,101,capacity,0.0
same,budget_ceiling,content,3853022bab19520e686a,same,71980ea830c302a5bcd3,101,coverage,0.0
same,budget_ceiling,routing,3853022bab19520e686a,same,71980ea830c302a5bcd3,101,coverage,0.0
same,budget_ceiling,interaction,3853022bab19520e686a,same,71980ea830c302a5bcd3,101,coverage,0.0
same,budget_ceiling,content,48c3a38c076176e80033,same,42feb0b4436c8f010be0,101,energy,0.0
same,budget_ceiling,routing,48c3a38c076176e80033,same,42feb0b4436c8f010be0,101,energy,0.0
same,budget_ceiling,interaction,48c3a38c076176e80033,same,42feb0b4436c8f010be0,101,energy,0.0
same,budget_ceiling,content,56ef83093d6cfbf2d7ac,same,f5ea8b8682fe2061e5e5,101,coverage,0.0
same,budget_ceiling,routing,56ef83093d6cfbf2d7ac,same,f5ea8b8682fe2061e5e5,101,coverage,0.0
same,budget_ceiling,interaction,56ef83093d6cfbf2d7ac,same,f5ea8b8682fe2061e5e5,101,coverage,0.0
transfer,first_success,content,02a39a5320597b96fedd,transfer,89e55df7434b1477acdf,101,capacity,0.0
transfer,first_success,routing,02a39a5320597b96fedd,transfer,89e55df7434b1477acdf,101,capacity,0.0
transfer,first_success,interaction,02a39a5320597b96fedd,transfer,89e55df7434b1477acdf,101,capacity,0.0
transfer,first_success,content,03219101985c4a812f33,transfer,485e72e394c56d2a9a7d,101,storage,0.0
transfer,first_success,routing,03219101985c4a812f33,transfer,485e72e394c56d2a9a7d,101,storage,0.0
transfer,first_success,interaction,03219101985c4a812f33,transfer,485e72e394c56d2a9a7d,101,storage,0.0
transfer,first_success,content,042ae2a6f1bbd663e541,transfer,6f6932a6216fc5333006,101,capacity,0.0
transfer,first_success,routing,042ae2a6f1bbd663e541,transfer,6f6932a6216fc5333006,101,capacity,0.0
transfer,first_success,interaction,042ae2a6f1bbd663e541,transfer,6f6932a6216fc5333006,101,capacity,0.0
transfer,first_success,content,05105e2b2401f4b85359,transfer,4cedddea146c5c62c87f,101,penalty,0.0
transfer,first_success,routing,05105e2b2401f4b85359,transfer,4cedddea146c5c62c87f,101,penalty,0.0
transfer,first_success,interaction,05105e2b2401f4b85359,transfer,4cedddea146c5c62c87f,101,penalty,0.0
transfer,first_success,content,06496beef241512a18eb,transfer,59cec6cf031f1b4641d6,101,energy,0.0
transfer,first_success,routing,06496beef241512a18eb,transfer,59cec6cf031f1b4641d6,101,energy,0.0
transfer,first_success,interaction,06496beef241512a18eb,transfer,59cec6cf031f1b4641d6,101,energy,0.0
transfer,first_success,content,089c614941a92a189165,transfer,7d003427097c9bde2d35,101,penalty,0.0
transfer,first_success,routing,089c614941a92a189165,transfer,7d003427097c9bde2d35,101,penalty,0.0
transfer,first_success,interaction,089c614941a92a189165,transfer,7d003427097c9bde2d35,101,penalty,0.0
transfer,first_success,content,0929170251c4d40d7e20,transfer,c629ad33503d7610097b,101,penalty,0.0
transfer,first_success,routing,0929170251c4d40d7e20,transfer,c629ad33503d7610097b,101,penalty,0.0
transfer,first_success,interaction,0929170251c4d40d7e20,transfer,c629ad33503d7610097b,101,penalty,0.0
transfer,first_success,content,09ee9367f1a3ee020716,transfer,5e182303f627200f5cf2,101,storage,0.0
transfer,first_success,routing,09ee9367f1a3ee020716,transfer,5e182303f627200f5cf2,101,storage,0.0
transfer,first_success,interaction,09ee9367f1a3ee020716,transfer,5e182303f627200f5cf2,101,storage,0.0
transfer,first_success,content,0f3b157a54e7a958f30f,transfer,e9eef8850639ebde4807,101,dispatch,0.0
transfer,first_success,routing,0f3b157a54e7a958f30f,transfer,e9eef8850639ebde4807,101,dispatch,0.0
transfer,first_success,interaction,0f3b157a54e7a958f30f,transfer,e9eef8850639ebde4807,101,dispatch,0.0
transfer,first_success,content,106a2be8c3b09c3744b6,transfer,4698caafe8d15b69d12e,101,energy,0.0
transfer,first_success,routing,106a2be8c3b09c3744b6,transfer,4698caafe8d15b69d12e,101,energy,0.0
transfer,first_success,interaction,106a2be8c3b09c3744b6,transfer,4698caafe8d15b69d12e,101,energy,0.0
transfer,first_success,content,11cf04f57e7cf62693fc,transfer,710e4b81f0caf532f31b,101,storage,0.0
transfer,first_success,routing,11cf04f57e7cf62693fc,transfer,710e4b81f0caf532f31b,101,storage,0.0
transfer,first_success,interaction,11cf04f57e7cf62693fc,transfer,710e4b81f0caf532f31b,101,storage,0.0
transfer,first_success,content,13af5df9ee91b4ddddc5,transfer,e0f7ae38aa1819681d94,101,coverage,0.0
transfer,first_success,routing,13af5df9ee91b4ddddc5,transfer,e0f7ae38aa1819681d94,101,coverage,0.0
transfer,first_success,interaction,13af5df9ee91b4ddddc5,transfer,e0f7ae38aa1819681d94,101,coverage,0.0
transfer,first_success,content,16ef7bc916003e74169e,transfer,989814b7f01cf3a7b647,101,capacity,0.0
transfer,first_success,routing,16ef7bc916003e74169e,transfer,989814b7f01cf3a7b647,101,capacity,0.0
transfer,first_success,interaction,16ef7bc916003e74169e,transfer,989814b7f01cf3a7b647,101,capacity,0.0
transfer,first_success,content,1fab7553a93a7929d564,transfer,96740845b77be39efb55,101,dispatch,0.0
transfer,first_success,routing,1fab7553a93a7929d564,transfer,96740845b77be39efb55,101,dispatch,0.0
transfer,first_success,interaction,1fab7553a93a7929d564,transfer,96740845b77be39efb55,101,dispatch,0.0
transfer,first_success,content,25f8b084653617d1e405,transfer,33bc5de6e9494599f629,101,coverage,0.0
transfer,first_success,routing,25f8b084653617d1e405,transfer,33bc5de6e9494599f629,101,coverage,0.0
transfer,first_success,interaction,25f8b084653617d1e405,transfer,33bc5de6e9494599f629,101,coverage,0.0
transfer,first_success,content,2921c8d1b95f8cce6a99,transfer,5d95b77f9a0ff0664ef6,101,coverage,0.0
transfer,first_success,routing,2921c8d1b95f8cce6a99,transfer,5d95b77f9a0ff0664ef6,101,coverage,0.0
transfer,first_success,interaction,2921c8d1b95f8cce6a99,transfer,5d95b77f9a0ff0664ef6,101,coverage,0.0
transfer,first_success,content,2b668e273b98c894674a,transfer,432b90738c3f2452a0c8,101,energy,0.0
transfer,first_success,routing,2b668e273b98c894674a,transfer,432b90738c3f2452a0c8,101,energy,0.0
transfer,first_success,interaction,2b668e273b98c894674a,transfer,432b90738c3f2452a0c8,101,energy,0.0
transfer,first_success,content,2f5b8a5a1eb7b8386a10,transfer,40fd4a9415a73f11a0f3,101,capacity,0.0
transfer,first_success,routing,2f5b8a5a1eb7b8386a10,transfer,40fd4a9415a73f11a0f3,101,capacity,0.0
transfer,first_success,interaction,2f5b8a5a1eb7b8386a10,transfer,40fd4a9415a73f11a0f3,101,capacity,0.0
transfer,first_success,content,30919affcdad33f553a0,transfer,9195c26ffc0e47c47675,101,coverage,0.0
transfer,first_success,routing,30919affcdad33f553a0,transfer,9195c26ffc0e47c47675,101,coverage,0.0
transfer,first_success,interaction,30919affcdad33f553a0,transfer,9195c26ffc0e47c47675,101,coverage,0.0
transfer,first_success,content,35c569b002cf117953b8,transfer,40a8d93ef6bc7525f055,101,dispatch,0.0
transfer,first_success,routing,35c569b002cf117953b8,transfer,40a8d93ef6bc7525f055,101,dispatch,0.0
transfer,first_success,interaction,35c569b002cf117953b8,transfer,40a8d93ef6bc7525f055,101,dispatch,0.0
transfer,first_success,content,377691e3dbc218046453,transfer,c67bdbfd58d0c0fa905f,101,capacity,0.0
transfer,first_success,routing,377691e3dbc218046453,transfer,c67bdbfd58d0c0fa905f,101,capacity,0.0
transfer,first_success,interaction,377691e3dbc218046453,transfer,c67bdbfd58d0c0fa905f,101,capacity,0.0
transfer,first_success,content,3853022bab19520e686a,transfer,1ec4572a5900b11b10ce,101,coverage,0.0
transfer,first_success,routing,3853022bab19520e686a,transfer,1ec4572a5900b11b10ce,101,coverage,0.0
transfer,first_success,interaction,3853022bab19520e686a,transfer,1ec4572a5900b11b10ce,101,coverage,0.0
transfer,first_success,content,48c3a38c076176e80033,transfer,853941796819126bd7bf,101,energy,0.0
transfer,first_success,routing,48c3a38c076176e80033,transfer,853941796819126bd7bf,101,energy,0.0
transfer,first_success,interaction,48c3a38c076176e80033,transfer,853941796819126bd7bf,101,energy,0.0
transfer,first_success,content,56ef83093d6cfbf2d7ac,transfer,969295e5dcacc083b16e,101,coverage,0.0
transfer,first_success,routing,56ef83093d6cfbf2d7ac,transfer,969295e5dcacc083b16e,101,coverage,0.0
transfer,first_success,interaction,56ef83093d6cfbf2d7ac,transfer,969295e5dcacc083b16e,101,coverage,0.0
transfer,final_success,content,02a39a5320597b96fedd,transfer,89e55df7434b1477acdf,101,capacity,0.0
transfer,final_success,routing,02a39a5320597b96fedd,transfer,89e55df7434b1477acdf,101,capacity,0.0
transfer,final_success,interaction,02a39a5320597b96fedd,transfer,89e55df7434b1477acdf,101,capacity,0.0
transfer,final_success,content,03219101985c4a812f33,transfer,485e72e394c56d2a9a7d,101,storage,0.0
transfer,final_success,routing,03219101985c4a812f33,transfer,485e72e394c56d2a9a7d,101,storage,0.0
transfer,final_success,interaction,03219101985c4a812f33,transfer,485e72e394c56d2a9a7d,101,storage,0.0
transfer,final_success,content,042ae2a6f1bbd663e541,transfer,6f6932a6216fc5333006,101,capacity,0.0
transfer,final_success,routing,042ae2a6f1bbd663e541,transfer,6f6932a6216fc5333006,101,capacity,0.0
transfer,final_success,interaction,042ae2a6f1bbd663e541,transfer,6f6932a6216fc5333006,101,capacity,0.0
transfer,final_success,content,05105e2b2401f4b85359,transfer,4cedddea146c5c62c87f,101,penalty,0.0
transfer,final_success,routing,05105e2b2401f4b85359,transfer,4cedddea146c5c62c87f,101,penalty,0.0
transfer,final_success,interaction,05105e2b2401f4b85359,transfer,4cedddea146c5c62c87f,101,penalty,0.0
transfer,final_success,content,06496beef241512a18eb,transfer,59cec6cf031f1b4641d6,101,energy,0.0
transfer,final_success,routing,06496beef241512a18eb,transfer,59cec6cf031f1b4641d6,101,energy,0.0
transfer,final_success,interaction,06496beef241512a18eb,transfer,59cec6cf031f1b4641d6,101,energy,0.0
transfer,final_success,content,089c614941a92a189165,transfer,7d003427097c9bde2d35,101,penalty,0.0
transfer,final_success,routing,089c614941a92a189165,transfer,7d003427097c9bde2d35,101,penalty,0.0
transfer,final_success,interaction,089c614941a92a189165,transfer,7d003427097c9bde2d35,101,penalty,0.0
transfer,final_success,content,0929170251c4d40d7e20,transfer,c629ad33503d7610097b,101,penalty,0.0
transfer,final_success,routing,0929170251c4d40d7e20,transfer,c629ad33503d7610097b,101,penalty,0.0
transfer,final_success,interaction,0929170251c4d40d7e20,transfer,c629ad33503d7610097b,101,penalty,0.0
transfer,final_success,content,09ee9367f1a3ee020716,transfer,5e182303f627200f5cf2,101,storage,0.0
transfer,final_success,routing,09ee9367f1a3ee020716,transfer,5e182303f627200f5cf2,101,storage,0.0
transfer,final_success,interaction,09ee9367f1a3ee020716,transfer,5e182303f627200f5cf2,101,storage,0.0
transfer,final_success,content,0f3b157a54e7a958f30f,transfer,e9eef8850639ebde4807,101,dispatch,0.0
transfer,final_success,routing,0f3b157a54e7a958f30f,transfer,e9eef8850639ebde4807,101,dispatch,0.0
transfer,final_success,interaction,0f3b157a54e7a958f30f,transfer,e9eef8850639ebde4807,101,dispatch,0.0
transfer,final_success,content,106a2be8c3b09c3744b6,transfer,4698caafe8d15b69d12e,101,energy,0.0
transfer,final_success,routing,106a2be8c3b09c3744b6,transfer,4698caafe8d15b69d12e,101,energy,0.0
transfer,final_success,interaction,106a2be8c3b09c3744b6,transfer,4698caafe8d15b69d12e,101,energy,0.0
transfer,final_success,content,11cf04f57e7cf62693fc,transfer,710e4b81f0caf532f31b,101,storage,0.0
transfer,final_success,routing,11cf04f57e7cf62693fc,transfer,710e4b81f0caf532f31b,101,storage,0.0
transfer,final_success,interaction,11cf04f57e7cf62693fc,transfer,710e4b81f0caf532f31b,101,storage,0.0
transfer,final_success,content,13af5df9ee91b4ddddc5,transfer,e0f7ae38aa1819681d94,101,coverage,0.0
transfer,final_success,routing,13af5df9ee91b4ddddc5,transfer,e0f7ae38aa1819681d94,101,coverage,0.0
transfer,final_success,interaction,13af5df9ee91b4ddddc5,transfer,e0f7ae38aa1819681d94,101,coverage,0.0
transfer,final_success,content,16ef7bc916003e74169e,transfer,989814b7f01cf3a7b647,101,capacity,0.0
transfer,final_success,routing,16ef7bc916003e74169e,transfer,989814b7f01cf3a7b647,101,capacity,0.0
transfer,final_success,interaction,16ef7bc916003e74169e,transfer,989814b7f01cf3a7b647,101,capacity,0.0
transfer,final_success,content,1fab7553a93a7929d564,transfer,96740845b77be39efb55,101,dispatch,0.0
transfer,final_success,routing,1fab7553a93a7929d564,transfer,96740845b77be39efb55,101,dispatch,0.0
transfer,final_success,interaction,1fab7553a93a7929d564,transfer,96740845b77be39efb55,101,dispatch,0.0
transfer,final_success,content,25f8b084653617d1e405,transfer,33bc5de6e9494599f629,101,coverage,0.0
transfer,final_success,routing,25f8b084653617d1e405,transfer,33bc5de6e9494599f629,101,coverage,0.0
transfer,final_success,interaction,25f8b084653617d1e405,transfer,33bc5de6e9494599f629,101,coverage,0.0
transfer,final_success,content,2921c8d1b95f8cce6a99,transfer,5d95b77f9a0ff0664ef6,101,coverage,0.0
transfer,final_success,routing,2921c8d1b95f8cce6a99,transfer,5d95b77f9a0ff0664ef6,101,coverage,0.0
transfer,final_success,interaction,2921c8d1b95f8cce6a99,transfer,5d95b77f9a0ff0664ef6,101,coverage,0.0
transfer,final_success,content,2b668e273b98c894674a,transfer,432b90738c3f2452a0c8,101,energy,0.0
transfer,final_success,routing,2b668e273b98c894674a,transfer,432b90738c3f2452a0c8,101,energy,0.0
transfer,final_success,interaction,2b668e273b98c894674a,transfer,432b90738c3f2452a0c8,101,energy,0.0
transfer,final_success,content,2f5b8a5a1eb7b8386a10,transfer,40fd4a9415a73f11a0f3,101,capacity,0.0
transfer,final_success,routing,2f5b8a5a1eb7b8386a10,transfer,40fd4a9415a73f11a0f3,101,capacity,0.0
transfer,final_success,interaction,2f5b8a5a1eb7b8386a10,transfer,40fd4a9415a73f11a0f3,101,capacity,0.0
transfer,final_success,content,30919affcdad33f553a0,transfer,9195c26ffc0e47c47675,101,coverage,0.0
transfer,final_success,routing,30919affcdad33f553a0,transfer,9195c26ffc0e47c47675,101,coverage,0.0
transfer,final_success,interaction,30919affcdad33f553a0,transfer,9195c26ffc0e47c47675,101,coverage,0.0
transfer,final_success,content,35c569b002cf117953b8,transfer,40a8d93ef6bc7525f055,101,dispatch,0.0
transfer,final_success,routing,35c569b002cf117953b8,transfer,40a8d93ef6bc7525f055,101,dispatch,0.0
transfer,final_success,interaction,35c569b002cf117953b8,transfer,40a8d93ef6bc7525f055,101,dispatch,0.0
transfer,final_success,content,377691e3dbc218046453,transfer,c67bdbfd58d0c0fa905f,101,capacity,0.0
transfer,final_success,routing,377691e3dbc218046453,transfer,c67bdbfd58d0c0fa905f,101,capacity,0.0
transfer,final_success,interaction,377691e3dbc218046453,transfer,c67bdbfd58d0c0fa905f,101,capacity,0.0
transfer,final_success,content,3853022bab19520e686a,transfer,1ec4572a5900b11b10ce,101,coverage,0.0
transfer,final_success,routing,3853022bab19520e686a,transfer,1ec4572a5900b11b10ce,101,coverage,0.0
transfer,final_success,interaction,3853022bab19520e686a,transfer,1ec4572a5900b11b10ce,101,coverage,0.0
transfer,final_success,content,48c3a38c076176e80033,transfer,853941796819126bd7bf,101,energy,0.0
transfer,final_success,routing,48c3a38c076176e80033,transfer,853941796819126bd7bf,101,energy,0.0
transfer,final_success,interaction,48c3a38c076176e80033,transfer,853941796819126bd7bf,101,energy,0.0
transfer,final_success,content,56ef83093d6cfbf2d7ac,transfer,969295e5dcacc083b16e,101,coverage,0.0
transfer,final_success,routing,56ef83093d6cfbf2d7ac,transfer,969295e5dcacc083b16e,101,coverage,0.0
transfer,final_success,interaction,56ef83093d6cfbf2d7ac,transfer,969295e5dcacc083b16e,101,coverage,0.0
transfer,abstained,content,02a39a5320597b96fedd,transfer,89e55df7434b1477acdf,101,capacity,1.0
transfer,abstained,routing,02a39a5320597b96fedd,transfer,89e55df7434b1477acdf,101,capacity,0.0
transfer,abstained,interaction,02a39a5320597b96fedd,transfer,89e55df7434b1477acdf,101,capacity,0.0
transfer,abstained,content,03219101985c4a812f33,transfer,485e72e394c56d2a9a7d,101,storage,0.0
transfer,abstained,routing,03219101985c4a812f33,transfer,485e72e394c56d2a9a7d,101,storage,0.0
transfer,abstained,interaction,03219101985c4a812f33,transfer,485e72e394c56d2a9a7d,101,storage,0.0
transfer,abstained,content,042ae2a6f1bbd663e541,transfer,6f6932a6216fc5333006,101,capacity,0.0
transfer,abstained,routing,042ae2a6f1bbd663e541,transfer,6f6932a6216fc5333006,101,capacity,0.0
transfer,abstained,interaction,042ae2a6f1bbd663e541,transfer,6f6932a6216fc5333006,101,capacity,0.0
transfer,abstained,content,05105e2b2401f4b85359,transfer,4cedddea146c5c62c87f,101,penalty,0.0
transfer,abstained,routing,05105e2b2401f4b85359,transfer,4cedddea146c5c62c87f,101,penalty,0.0
transfer,abstained,interaction,05105e2b2401f4b85359,transfer,4cedddea146c5c62c87f,101,penalty,0.0
transfer,abstained,content,06496beef241512a18eb,transfer,59cec6cf031f1b4641d6,101,energy,0.0
transfer,abstained,routing,06496beef241512a18eb,transfer,59cec6cf031f1b4641d6,101,energy,0.0
transfer,abstained,interaction,06496beef241512a18eb,transfer,59cec6cf031f1b4641d6,101,energy,0.0
transfer,abstained,content,089c614941a92a189165,transfer,7d003427097c9bde2d35,101,penalty,0.0
transfer,abstained,routing,089c614941a92a189165,transfer,7d003427097c9bde2d35,101,penalty,0.0
transfer,abstained,interaction,089c614941a92a189165,transfer,7d003427097c9bde2d35,101,penalty,0.0
transfer,abstained,content,0929170251c4d40d7e20,transfer,c629ad33503d7610097b,101,penalty,0.0
transfer,abstained,routing,0929170251c4d40d7e20,transfer,c629ad33503d7610097b,101,penalty,0.0
transfer,abstained,interaction,0929170251c4d40d7e20,transfer,c629ad33503d7610097b,101,penalty,0.0
transfer,abstained,content,09ee9367f1a3ee020716,transfer,5e182303f627200f5cf2,101,storage,0.0
transfer,abstained,routing,09ee9367f1a3ee020716,transfer,5e182303f627200f5cf2,101,storage,0.0
transfer,abstained,interaction,09ee9367f1a3ee020716,transfer,5e182303f627200f5cf2,101,storage,0.0
transfer,abstained,content,0f3b157a54e7a958f30f,transfer,e9eef8850639ebde4807,101,dispatch,0.0
transfer,abstained,routing,0f3b157a54e7a958f30f,transfer,e9eef8850639ebde4807,101,dispatch,0.0
transfer,abstained,interaction,0f3b157a54e7a958f30f,transfer,e9eef8850639ebde4807,101,dispatch,0.0
transfer,abstained,content,106a2be8c3b09c3744b6,transfer,4698caafe8d15b69d12e,101,energy,1.0
transfer,abstained,routing,106a2be8c3b09c3744b6,transfer,4698caafe8d15b69d12e,101,energy,0.0
transfer,abstained,interaction,106a2be8c3b09c3744b6,transfer,4698caafe8d15b69d12e,101,energy,0.0
transfer,abstained,content,11cf04f57e7cf62693fc,transfer,710e4b81f0caf532f31b,101,storage,0.0
transfer,abstained,routing,11cf04f57e7cf62693fc,transfer,710e4b81f0caf532f31b,101,storage,0.0
transfer,abstained,interaction,11cf04f57e7cf62693fc,transfer,710e4b81f0caf532f31b,101,storage,0.0
transfer,abstained,content,13af5df9ee91b4ddddc5,transfer,e0f7ae38aa1819681d94,101,coverage,0.0
transfer,abstained,routing,13af5df9ee91b4ddddc5,transfer,e0f7ae38aa1819681d94,101,coverage,0.0
transfer,abstained,interaction,13af5df9ee91b4ddddc5,transfer,e0f7ae38aa1819681d94,101,coverage,0.0
transfer,abstained,content,16ef7bc916003e74169e,transfer,989814b7f01cf3a7b647,101,capacity,0.0
transfer,abstained,routing,16ef7bc916003e74169e,transfer,989814b7f01cf3a7b647,101,capacity,0.0
transfer,abstained,interaction,16ef7bc916003e74169e,transfer,989814b7f01cf3a7b647,101,capacity,0.0
transfer,abstained,content,1fab7553a93a7929d564,transfer,96740845b77be39efb55,101,dispatch,0.0
transfer,abstained,routing,1fab7553a93a7929d564,transfer,96740845b77be39efb55,101,dispatch,0.0
transfer,abstained,interaction,1fab7553a93a7929d564,transfer,96740845b77be39efb55,101,dispatch,0.0
transfer,abstained,content,25f8b084653617d1e405,transfer,33bc5de6e9494599f629,101,coverage,-1.0
transfer,abstained,routing,25f8b084653617d1e405,transfer,33bc5de6e9494599f629,101,coverage,0.0
transfer,abstained,interaction,25f8b084653617d1e405,transfer,33bc5de6e9494599f629,101,coverage,0.0
transfer,abstained,content,2921c8d1b95f8cce6a99,transfer,5d95b77f9a0ff0664ef6,101,coverage,1.0
transfer,abstained,routing,2921c8d1b95f8cce6a99,transfer,5d95b77f9a0ff0664ef6,101,coverage,0.0
transfer,abstained,interaction,2921c8d1b95f8cce6a99,transfer,5d95b77f9a0ff0664ef6,101,coverage,0.0
transfer,abstained,content,2b668e273b98c894674a,transfer,432b90738c3f2452a0c8,101,energy,0.0
transfer,abstained,routing,2b668e273b98c894674a,transfer,432b90738c3f2452a0c8,101,energy,0.0
transfer,abstained,interaction,2b668e273b98c894674a,transfer,432b90738c3f2452a0c8,101,energy,0.0
transfer,abstained,content,2f5b8a5a1eb7b8386a10,transfer,40fd4a9415a73f11a0f3,101,capacity,0.0
transfer,abstained,routing,2f5b8a5a1eb7b8386a10,transfer,40fd4a9415a73f11a0f3,101,capacity,0.0
transfer,abstained,interaction,2f5b8a5a1eb7b8386a10,transfer,40fd4a9415a73f11a0f3,101,capacity,0.0
transfer,abstained,content,30919affcdad33f553a0,transfer,9195c26ffc0e47c47675,101,coverage,0.0
transfer,abstained,routing,30919affcdad33f553a0,transfer,9195c26ffc0e47c47675,101,coverage,0.0
transfer,abstained,interaction,30919affcdad33f553a0,transfer,9195c26ffc0e47c47675,101,coverage,0.0
transfer,abstained,content,35c569b002cf117953b8,transfer,40a8d93ef6bc7525f055,101,dispatch,0.0
transfer,abstained,routing,35c569b002cf117953b8,transfer,40a8d93ef6bc7525f055,101,dispatch,0.0
transfer,abstained,interaction,35c569b002cf117953b8,transfer,40a8d93ef6bc7525f055,101,dispatch,0.0
transfer,abstained,content,377691e3dbc218046453,transfer,c67bdbfd58d0c0fa905f,101,capacity,0.5
transfer,abstained,routing,377691e3dbc218046453,transfer,c67bdbfd58d0c0fa905f,101,capacity,0.5
transfer,abstained,interaction,377691e3dbc218046453,transfer,c67bdbfd58d0c0fa905f,101,capacity,1.0
transfer,abstained,content,3853022bab19520e686a,transfer,1ec4572a5900b11b10ce,101,coverage,0.0
transfer,abstained,routing,3853022bab19520e686a,transfer,1ec4572a5900b11b10ce,101,coverage,0.0
transfer,abstained,interaction,3853022bab19520e686a,transfer,1ec4572a5900b11b10ce,101,coverage,0.0
transfer,abstained,content,48c3a38c076176e80033,transfer,853941796819126bd7bf,101,energy,-1.0
transfer,abstained,routing,48c3a38c076176e80033,transfer,853941796819126bd7bf,101,energy,0.0
transfer,abstained,interaction,48c3a38c076176e80033,transfer,853941796819126bd7bf,101,energy,0.0
transfer,abstained,content,56ef83093d6cfbf2d7ac,transfer,969295e5dcacc083b16e,101,coverage,1.0
transfer,abstained,routing,56ef83093d6cfbf2d7ac,transfer,969295e5dcacc083b16e,101,coverage,0.0
transfer,abstained,interaction,56ef83093d6cfbf2d7ac,transfer,969295e5dcacc083b16e,101,coverage,0.0
transfer,recurrence,content,02a39a5320597b96fedd,transfer,89e55df7434b1477acdf,101,capacity,-1.0
transfer,recurrence,routing,02a39a5320597b96fedd,transfer,89e55df7434b1477acdf,101,capacity,0.0
transfer,recurrence,interaction,02a39a5320597b96fedd,transfer,89e55df7434b1477acdf,101,capacity,0.0
transfer,recurrence,content,03219101985c4a812f33,transfer,485e72e394c56d2a9a7d,101,storage,0.0
transfer,recurrence,routing,03219101985c4a812f33,transfer,485e72e394c56d2a9a7d,101,storage,0.0
transfer,recurrence,interaction,03219101985c4a812f33,transfer,485e72e394c56d2a9a7d,101,storage,0.0
transfer,recurrence,content,042ae2a6f1bbd663e541,transfer,6f6932a6216fc5333006,101,capacity,0.0
transfer,recurrence,routing,042ae2a6f1bbd663e541,transfer,6f6932a6216fc5333006,101,capacity,0.0
transfer,recurrence,interaction,042ae2a6f1bbd663e541,transfer,6f6932a6216fc5333006,101,capacity,0.0
transfer,recurrence,content,05105e2b2401f4b85359,transfer,4cedddea146c5c62c87f,101,penalty,0.0
transfer,recurrence,routing,05105e2b2401f4b85359,transfer,4cedddea146c5c62c87f,101,penalty,0.0
transfer,recurrence,interaction,05105e2b2401f4b85359,transfer,4cedddea146c5c62c87f,101,penalty,0.0
transfer,recurrence,content,06496beef241512a18eb,transfer,59cec6cf031f1b4641d6,101,energy,0.0
transfer,recurrence,routing,06496beef241512a18eb,transfer,59cec6cf031f1b4641d6,101,energy,0.0
transfer,recurrence,interaction,06496beef241512a18eb,transfer,59cec6cf031f1b4641d6,101,energy,0.0
transfer,recurrence,content,089c614941a92a189165,transfer,7d003427097c9bde2d35,101,penalty,0.0
transfer,recurrence,routing,089c614941a92a189165,transfer,7d003427097c9bde2d35,101,penalty,0.0
transfer,recurrence,interaction,089c614941a92a189165,transfer,7d003427097c9bde2d35,101,penalty,0.0
transfer,recurrence,content,0929170251c4d40d7e20,transfer,c629ad33503d7610097b,101,penalty,0.0
transfer,recurrence,routing,0929170251c4d40d7e20,transfer,c629ad33503d7610097b,101,penalty,0.0
transfer,recurrence,interaction,0929170251c4d40d7e20,transfer,c629ad33503d7610097b,101,penalty,0.0
transfer,recurrence,content,09ee9367f1a3ee020716,transfer,5e182303f627200f5cf2,101,storage,0.0
transfer,recurrence,routing,09ee9367f1a3ee020716,transfer,5e182303f627200f5cf2,101,storage,0.0
transfer,recurrence,interaction,09ee9367f1a3ee020716,transfer,5e182303f627200f5cf2,101,storage,0.0
transfer,recurrence,content,0f3b157a54e7a958f30f,transfer,e9eef8850639ebde4807,101,dispatch,0.0
transfer,recurrence,routing,0f3b157a54e7a958f30f,transfer,e9eef8850639ebde4807,101,dispatch,0.0
transfer,recurrence,interaction,0f3b157a54e7a958f30f,transfer,e9eef8850639ebde4807,101,dispatch,0.0
transfer,recurrence,content,106a2be8c3b09c3744b6,transfer,4698caafe8d15b69d12e,101,energy,0.0
transfer,recurrence,routing,106a2be8c3b09c3744b6,transfer,4698caafe8d15b69d12e,101,energy,0.0
transfer,recurrence,interaction,106a2be8c3b09c3744b6,transfer,4698caafe8d15b69d12e,101,energy,0.0
transfer,recurrence,content,11cf04f57e7cf62693fc,transfer,710e4b81f0caf532f31b,101,storage,0.0
transfer,recurrence,routing,11cf04f57e7cf62693fc,transfer,710e4b81f0caf532f31b,101,storage,0.0
transfer,recurrence,interaction,11cf04f57e7cf62693fc,transfer,710e4b81f0caf532f31b,101,storage,0.0
transfer,recurrence,content,13af5df9ee91b4ddddc5,transfer,e0f7ae38aa1819681d94,101,coverage,0.0
transfer,recurrence,routing,13af5df9ee91b4ddddc5,transfer,e0f7ae38aa1819681d94,101,coverage,0.0
transfer,recurrence,interaction,13af5df9ee91b4ddddc5,transfer,e0f7ae38aa1819681d94,101,coverage,0.0
transfer,recurrence,content,16ef7bc916003e74169e,transfer,989814b7f01cf3a7b647,101,capacity,0.0
transfer,recurrence,routing,16ef7bc916003e74169e,transfer,989814b7f01cf3a7b647,101,capacity,0.0
transfer,recurrence,interaction,16ef7bc916003e74169e,transfer,989814b7f01cf3a7b647,101,capacity,0.0
transfer,recurrence,content,1fab7553a93a7929d564,transfer,96740845b77be39efb55,101,dispatch,-1.0
transfer,recurrence,routing,1fab7553a93a7929d564,transfer,96740845b77be39efb55,101,dispatch,0.0
transfer,recurrence,interaction,1fab7553a93a7929d564,transfer,96740845b77be39efb55,101,dispatch,0.0
transfer,recurrence,content,25f8b084653617d1e405,transfer,33bc5de6e9494599f629,101,coverage,0.0
transfer,recurrence,routing,25f8b084653617d1e405,transfer,33bc5de6e9494599f629,101,coverage,0.0
transfer,recurrence,interaction,25f8b084653617d1e405,transfer,33bc5de6e9494599f629,101,coverage,0.0
transfer,recurrence,content,2921c8d1b95f8cce6a99,transfer,5d95b77f9a0ff0664ef6,101,coverage,-1.0
transfer,recurrence,routing,2921c8d1b95f8cce6a99,transfer,5d95b77f9a0ff0664ef6,101,coverage,0.0
transfer,recurrence,interaction,2921c8d1b95f8cce6a99,transfer,5d95b77f9a0ff0664ef6,101,coverage,0.0
transfer,recurrence,content,2b668e273b98c894674a,transfer,432b90738c3f2452a0c8,101,energy,0.0
transfer,recurrence,routing,2b668e273b98c894674a,transfer,432b90738c3f2452a0c8,101,energy,0.0
transfer,recurrence,interaction,2b668e273b98c894674a,transfer,432b90738c3f2452a0c8,101,energy,0.0
transfer,recurrence,content,2f5b8a5a1eb7b8386a10,transfer,40fd4a9415a73f11a0f3,101,capacity,0.0
transfer,recurrence,routing,2f5b8a5a1eb7b8386a10,transfer,40fd4a9415a73f11a0f3,101,capacity,0.0
transfer,recurrence,interaction,2f5b8a5a1eb7b8386a10,transfer,40fd4a9415a73f11a0f3,101,capacity,0.0
transfer,recurrence,content,30919affcdad33f553a0,transfer,9195c26ffc0e47c47675,101,coverage,0.0
transfer,recurrence,routing,30919affcdad33f553a0,transfer,9195c26ffc0e47c47675,101,coverage,0.0
transfer,recurrence,interaction,30919affcdad33f553a0,transfer,9195c26ffc0e47c47675,101,coverage,0.0
transfer,recurrence,content,35c569b002cf117953b8,transfer,40a8d93ef6bc7525f055,101,dispatch,0.0
transfer,recurrence,routing,35c569b002cf117953b8,transfer,40a8d93ef6bc7525f055,101,dispatch,0.0
transfer,recurrence,interaction,35c569b002cf117953b8,transfer,40a8d93ef6bc7525f055,101,dispatch,0.0
transfer,recurrence,content,377691e3dbc218046453,transfer,c67bdbfd58d0c0fa905f,101,capacity,-0.5
transfer,recurrence,routing,377691e3dbc218046453,transfer,c67bdbfd58d0c0fa905f,101,capacity,-0.5
transfer,recurrence,interaction,377691e3dbc218046453,transfer,c67bdbfd58d0c0fa905f,101,capacity,-1.0
transfer,recurrence,content,3853022bab19520e686a,transfer,1ec4572a5900b11b10ce,101,coverage,0.0
transfer,recurrence,routing,3853022bab19520e686a,transfer,1ec4572a5900b11b10ce,101,coverage,0.0
transfer,recurrence,interaction,3853022bab19520e686a,transfer,1ec4572a5900b11b10ce,101,coverage,0.0
transfer,recurrence,content,48c3a38c076176e80033,transfer,853941796819126bd7bf,101,energy,1.0
transfer,recurrence,routing,48c3a38c076176e80033,transfer,853941796819126bd7bf,101,energy,0.0
transfer,recurrence,interaction,48c3a38c076176e80033,transfer,853941796819126bd7bf,101,energy,0.0
transfer,recurrence,content,56ef83093d6cfbf2d7ac,transfer,969295e5dcacc083b16e,101,coverage,-1.0
transfer,recurrence,routing,56ef83093d6cfbf2d7ac,transfer,969295e5dcacc083b16e,101,coverage,0.0
transfer,recurrence,interaction,56ef83093d6cfbf2d7ac,transfer,969295e5dcacc083b16e,101,coverage,0.0
transfer,target_avoided_but_failed,content,02a39a5320597b96fedd,transfer,89e55df7434b1477acdf,101,capacity,1.0
transfer,target_avoided_but_failed,routing,02a39a5320597b96fedd,transfer,89e55df7434b1477acdf,101,capacity,0.0
transfer,target_avoided_but_failed,interaction,02a39a5320597b96fedd,transfer,89e55df7434b1477acdf,101,capacity,0.0
transfer,target_avoided_but_failed,content,03219101985c4a812f33,transfer,485e72e394c56d2a9a7d,101,storage,0.0
transfer,target_avoided_but_failed,routing,03219101985c4a812f33,transfer,485e72e394c56d2a9a7d,101,storage,0.0
transfer,target_avoided_but_failed,interaction,03219101985c4a812f33,transfer,485e72e394c56d2a9a7d,101,storage,0.0
transfer,target_avoided_but_failed,content,042ae2a6f1bbd663e541,transfer,6f6932a6216fc5333006,101,capacity,0.0
transfer,target_avoided_but_failed,routing,042ae2a6f1bbd663e541,transfer,6f6932a6216fc5333006,101,capacity,0.0
transfer,target_avoided_but_failed,interaction,042ae2a6f1bbd663e541,transfer,6f6932a6216fc5333006,101,capacity,0.0
transfer,target_avoided_but_failed,content,05105e2b2401f4b85359,transfer,4cedddea146c5c62c87f,101,penalty,0.0
transfer,target_avoided_but_failed,routing,05105e2b2401f4b85359,transfer,4cedddea146c5c62c87f,101,penalty,0.0
transfer,target_avoided_but_failed,interaction,05105e2b2401f4b85359,transfer,4cedddea146c5c62c87f,101,penalty,0.0
transfer,target_avoided_but_failed,content,06496beef241512a18eb,transfer,59cec6cf031f1b4641d6,101,energy,0.0
transfer,target_avoided_but_failed,routing,06496beef241512a18eb,transfer,59cec6cf031f1b4641d6,101,energy,0.0
transfer,target_avoided_but_failed,interaction,06496beef241512a18eb,transfer,59cec6cf031f1b4641d6,101,energy,0.0
transfer,target_avoided_but_failed,content,089c614941a92a189165,transfer,7d003427097c9bde2d35,101,penalty,0.0
transfer,target_avoided_but_failed,routing,089c614941a92a189165,transfer,7d003427097c9bde2d35,101,penalty,0.0
transfer,target_avoided_but_failed,interaction,089c614941a92a189165,transfer,7d003427097c9bde2d35,101,penalty,0.0
transfer,target_avoided_but_failed,content,0929170251c4d40d7e20,transfer,c629ad33503d7610097b,101,penalty,0.0
transfer,target_avoided_but_failed,routing,0929170251c4d40d7e20,transfer,c629ad33503d7610097b,101,penalty,0.0
transfer,target_avoided_but_failed,interaction,0929170251c4d40d7e20,transfer,c629ad33503d7610097b,101,penalty,0.0
transfer,target_avoided_but_failed,content,09ee9367f1a3ee020716,transfer,5e182303f627200f5cf2,101,storage,0.0
transfer,target_avoided_but_failed,routing,09ee9367f1a3ee020716,transfer,5e182303f627200f5cf2,101,storage,0.0
transfer,target_avoided_but_failed,interaction,09ee9367f1a3ee020716,transfer,5e182303f627200f5cf2,101,storage,0.0
transfer,target_avoided_but_failed,content,0f3b157a54e7a958f30f,transfer,e9eef8850639ebde4807,101,dispatch,0.0
transfer,target_avoided_but_failed,routing,0f3b157a54e7a958f30f,transfer,e9eef8850639ebde4807,101,dispatch,0.0
transfer,target_avoided_but_failed,interaction,0f3b157a54e7a958f30f,transfer,e9eef8850639ebde4807,101,dispatch,0.0
transfer,target_avoided_but_failed,content,106a2be8c3b09c3744b6,transfer,4698caafe8d15b69d12e,101,energy,0.0
transfer,target_avoided_but_failed,routing,106a2be8c3b09c3744b6,transfer,4698caafe8d15b69d12e,101,energy,0.0
transfer,target_avoided_but_failed,interaction,106a2be8c3b09c3744b6,transfer,4698caafe8d15b69d12e,101,energy,0.0
transfer,target_avoided_but_failed,content,11cf04f57e7cf62693fc,transfer,710e4b81f0caf532f31b,101,storage,0.0
transfer,target_avoided_but_failed,routing,11cf04f57e7cf62693fc,transfer,710e4b81f0caf532f31b,101,storage,0.0
transfer,target_avoided_but_failed,interaction,11cf04f57e7cf62693fc,transfer,710e4b81f0caf532f31b,101,storage,0.0
transfer,target_avoided_but_failed,content,13af5df9ee91b4ddddc5,transfer,e0f7ae38aa1819681d94,101,coverage,0.0
transfer,target_avoided_but_failed,routing,13af5df9ee91b4ddddc5,transfer,e0f7ae38aa1819681d94,101,coverage,0.0
transfer,target_avoided_but_failed,interaction,13af5df9ee91b4ddddc5,transfer,e0f7ae38aa1819681d94,101,coverage,0.0
transfer,target_avoided_but_failed,content,16ef7bc916003e74169e,transfer,989814b7f01cf3a7b647,101,capacity,0.0
transfer,target_avoided_but_failed,routing,16ef7bc916003e74169e,transfer,989814b7f01cf3a7b647,101,capacity,0.0
transfer,target_avoided_but_failed,interaction,16ef7bc916003e74169e,transfer,989814b7f01cf3a7b647,101,capacity,0.0
transfer,target_avoided_but_failed,content,1fab7553a93a7929d564,transfer,96740845b77be39efb55,101,dispatch,1.0
transfer,target_avoided_but_failed,routing,1fab7553a93a7929d564,transfer,96740845b77be39efb55,101,dispatch,0.0
transfer,target_avoided_but_failed,interaction,1fab7553a93a7929d564,transfer,96740845b77be39efb55,101,dispatch,0.0
transfer,target_avoided_but_failed,content,25f8b084653617d1e405,transfer,33bc5de6e9494599f629,101,coverage,0.0
transfer,target_avoided_but_failed,routing,25f8b084653617d1e405,transfer,33bc5de6e9494599f629,101,coverage,0.0
transfer,target_avoided_but_failed,interaction,25f8b084653617d1e405,transfer,33bc5de6e9494599f629,101,coverage,0.0
transfer,target_avoided_but_failed,content,2921c8d1b95f8cce6a99,transfer,5d95b77f9a0ff0664ef6,101,coverage,1.0
transfer,target_avoided_but_failed,routing,2921c8d1b95f8cce6a99,transfer,5d95b77f9a0ff0664ef6,101,coverage,0.0
transfer,target_avoided_but_failed,interaction,2921c8d1b95f8cce6a99,transfer,5d95b77f9a0ff0664ef6,101,coverage,0.0
transfer,target_avoided_but_failed,content,2b668e273b98c894674a,transfer,432b90738c3f2452a0c8,101,energy,0.0
transfer,target_avoided_but_failed,routing,2b668e273b98c894674a,transfer,432b90738c3f2452a0c8,101,energy,0.0
transfer,target_avoided_but_failed,interaction,2b668e273b98c894674a,transfer,432b90738c3f2452a0c8,101,energy,0.0
transfer,target_avoided_but_failed,content,2f5b8a5a1eb7b8386a10,transfer,40fd4a9415a73f11a0f3,101,capacity,0.0
transfer,target_avoided_but_failed,routing,2f5b8a5a1eb7b8386a10,transfer,40fd4a9415a73f11a0f3,101,capacity,0.0
transfer,target_avoided_but_failed,interaction,2f5b8a5a1eb7b8386a10,transfer,40fd4a9415a73f11a0f3,101,capacity,0.0
transfer,target_avoided_but_failed,content,30919affcdad33f553a0,transfer,9195c26ffc0e47c47675,101,coverage,0.0
transfer,target_avoided_but_failed,routing,30919affcdad33f553a0,transfer,9195c26ffc0e47c47675,101,coverage,0.0
transfer,target_avoided_but_failed,interaction,30919affcdad33f553a0,transfer,9195c26ffc0e47c47675,101,coverage,0.0
transfer,target_avoided_but_failed,content,35c569b002cf117953b8,transfer,40a8d93ef6bc7525f055,101,dispatch,0.0
transfer,target_avoided_but_failed,routing,35c569b002cf117953b8,transfer,40a8d93ef6bc7525f055,101,dispatch,0.0
transfer,target_avoided_but_failed,interaction,35c569b002cf117953b8,transfer,40a8d93ef6bc7525f055,101,dispatch,0.0
transfer,target_avoided_but_failed,content,377691e3dbc218046453,transfer,c67bdbfd58d0c0fa905f,101,capacity,0.5
transfer,target_avoided_but_failed,routing,377691e3dbc218046453,transfer,c67bdbfd58d0c0fa905f,101,capacity,0.5
transfer,target_avoided_but_failed,interaction,377691e3dbc218046453,transfer,c67bdbfd58d0c0fa905f,101,capacity,1.0
transfer,target_avoided_but_failed,content,3853022bab19520e686a,transfer,1ec4572a5900b11b10ce,101,coverage,0.0
transfer,target_avoided_but_failed,routing,3853022bab19520e686a,transfer,1ec4572a5900b11b10ce,101,coverage,0.0
transfer,target_avoided_but_failed,interaction,3853022bab19520e686a,transfer,1ec4572a5900b11b10ce,101,coverage,0.0
transfer,target_avoided_but_failed,content,48c3a38c076176e80033,transfer,853941796819126bd7bf,101,energy,-1.0
transfer,target_avoided_but_failed,routing,48c3a38c076176e80033,transfer,853941796819126bd7bf,101,energy,0.0
transfer,target_avoided_but_failed,interaction,48c3a38c076176e80033,transfer,853941796819126bd7bf,101,energy,0.0
transfer,target_avoided_but_failed,content,56ef83093d6cfbf2d7ac,transfer,969295e5dcacc083b16e,101,coverage,1.0
transfer,target_avoided_but_failed,routing,56ef83093d6cfbf2d7ac,transfer,969295e5dcacc083b16e,101,coverage,0.0
transfer,target_avoided_but_failed,interaction,56ef83093d6cfbf2d7ac,transfer,969295e5dcacc083b16e,101,coverage,0.0
transfer,any_new_error,content,02a39a5320597b96fedd,transfer,89e55df7434b1477acdf,101,capacity,-1.0
transfer,any_new_error,routing,02a39a5320597b96fedd,transfer,89e55df7434b1477acdf,101,capacity,0.0
transfer,any_new_error,interaction,02a39a5320597b96fedd,transfer,89e55df7434b1477acdf,101,capacity,0.0
transfer,any_new_error,content,03219101985c4a812f33,transfer,485e72e394c56d2a9a7d,101,storage,0.0
transfer,any_new_error,routing,03219101985c4a812f33,transfer,485e72e394c56d2a9a7d,101,storage,0.0
transfer,any_new_error,interaction,03219101985c4a812f33,transfer,485e72e394c56d2a9a7d,101,storage,0.0
transfer,any_new_error,content,042ae2a6f1bbd663e541,transfer,6f6932a6216fc5333006,101,capacity,0.0
transfer,any_new_error,routing,042ae2a6f1bbd663e541,transfer,6f6932a6216fc5333006,101,capacity,0.0
transfer,any_new_error,interaction,042ae2a6f1bbd663e541,transfer,6f6932a6216fc5333006,101,capacity,0.0
transfer,any_new_error,content,05105e2b2401f4b85359,transfer,4cedddea146c5c62c87f,101,penalty,0.0
transfer,any_new_error,routing,05105e2b2401f4b85359,transfer,4cedddea146c5c62c87f,101,penalty,0.0
transfer,any_new_error,interaction,05105e2b2401f4b85359,transfer,4cedddea146c5c62c87f,101,penalty,0.0
transfer,any_new_error,content,06496beef241512a18eb,transfer,59cec6cf031f1b4641d6,101,energy,0.0
transfer,any_new_error,routing,06496beef241512a18eb,transfer,59cec6cf031f1b4641d6,101,energy,0.0
transfer,any_new_error,interaction,06496beef241512a18eb,transfer,59cec6cf031f1b4641d6,101,energy,0.0
transfer,any_new_error,content,089c614941a92a189165,transfer,7d003427097c9bde2d35,101,penalty,0.0
transfer,any_new_error,routing,089c614941a92a189165,transfer,7d003427097c9bde2d35,101,penalty,0.0
transfer,any_new_error,interaction,089c614941a92a189165,transfer,7d003427097c9bde2d35,101,penalty,0.0
transfer,any_new_error,content,0929170251c4d40d7e20,transfer,c629ad33503d7610097b,101,penalty,-0.5
transfer,any_new_error,routing,0929170251c4d40d7e20,transfer,c629ad33503d7610097b,101,penalty,-0.5
transfer,any_new_error,interaction,0929170251c4d40d7e20,transfer,c629ad33503d7610097b,101,penalty,-1.0
transfer,any_new_error,content,09ee9367f1a3ee020716,transfer,5e182303f627200f5cf2,101,storage,-0.5
transfer,any_new_error,routing,09ee9367f1a3ee020716,transfer,5e182303f627200f5cf2,101,storage,-0.5
transfer,any_new_error,interaction,09ee9367f1a3ee020716,transfer,5e182303f627200f5cf2,101,storage,-1.0
transfer,any_new_error,content,0f3b157a54e7a958f30f,transfer,e9eef8850639ebde4807,101,dispatch,0.0
transfer,any_new_error,routing,0f3b157a54e7a958f30f,transfer,e9eef8850639ebde4807,101,dispatch,0.0
transfer,any_new_error,interaction,0f3b157a54e7a958f30f,transfer,e9eef8850639ebde4807,101,dispatch,0.0
transfer,any_new_error,content,106a2be8c3b09c3744b6,transfer,4698caafe8d15b69d12e,101,energy,-1.0
transfer,any_new_error,routing,106a2be8c3b09c3744b6,transfer,4698caafe8d15b69d12e,101,energy,0.0
transfer,any_new_error,interaction,106a2be8c3b09c3744b6,transfer,4698caafe8d15b69d12e,101,energy,0.0
transfer,any_new_error,content,11cf04f57e7cf62693fc,transfer,710e4b81f0caf532f31b,101,storage,0.0
transfer,any_new_error,routing,11cf04f57e7cf62693fc,transfer,710e4b81f0caf532f31b,101,storage,0.0
transfer,any_new_error,interaction,11cf04f57e7cf62693fc,transfer,710e4b81f0caf532f31b,101,storage,0.0
transfer,any_new_error,content,13af5df9ee91b4ddddc5,transfer,e0f7ae38aa1819681d94,101,coverage,0.0
transfer,any_new_error,routing,13af5df9ee91b4ddddc5,transfer,e0f7ae38aa1819681d94,101,coverage,0.0
transfer,any_new_error,interaction,13af5df9ee91b4ddddc5,transfer,e0f7ae38aa1819681d94,101,coverage,0.0
transfer,any_new_error,content,16ef7bc916003e74169e,transfer,989814b7f01cf3a7b647,101,capacity,0.0
transfer,any_new_error,routing,16ef7bc916003e74169e,transfer,989814b7f01cf3a7b647,101,capacity,0.0
transfer,any_new_error,interaction,16ef7bc916003e74169e,transfer,989814b7f01cf3a7b647,101,capacity,0.0
transfer,any_new_error,content,1fab7553a93a7929d564,transfer,96740845b77be39efb55,101,dispatch,0.0
transfer,any_new_error,routing,1fab7553a93a7929d564,transfer,96740845b77be39efb55,101,dispatch,0.0
transfer,any_new_error,interaction,1fab7553a93a7929d564,transfer,96740845b77be39efb55,101,dispatch,0.0
transfer,any_new_error,content,25f8b084653617d1e405,transfer,33bc5de6e9494599f629,101,coverage,0.5
transfer,any_new_error,routing,25f8b084653617d1e405,transfer,33bc5de6e9494599f629,101,coverage,-0.5
transfer,any_new_error,interaction,25f8b084653617d1e405,transfer,33bc5de6e9494599f629,101,coverage,-1.0
transfer,any_new_error,content,2921c8d1b95f8cce6a99,transfer,5d95b77f9a0ff0664ef6,101,coverage,-1.0
transfer,any_new_error,routing,2921c8d1b95f8cce6a99,transfer,5d95b77f9a0ff0664ef6,101,coverage,0.0
transfer,any_new_error,interaction,2921c8d1b95f8cce6a99,transfer,5d95b77f9a0ff0664ef6,101,coverage,0.0
transfer,any_new_error,content,2b668e273b98c894674a,transfer,432b90738c3f2452a0c8,101,energy,0.0
transfer,any_new_error,routing,2b668e273b98c894674a,transfer,432b90738c3f2452a0c8,101,energy,-1.0
transfer,any_new_error,interaction,2b668e273b98c894674a,transfer,432b90738c3f2452a0c8,101,energy,0.0
transfer,any_new_error,content,2f5b8a5a1eb7b8386a10,transfer,40fd4a9415a73f11a0f3,101,capacity,0.0
transfer,any_new_error,routing,2f5b8a5a1eb7b8386a10,transfer,40fd4a9415a73f11a0f3,101,capacity,1.0
transfer,any_new_error,interaction,2f5b8a5a1eb7b8386a10,transfer,40fd4a9415a73f11a0f3,101,capacity,0.0
transfer,any_new_error,content,30919affcdad33f553a0,transfer,9195c26ffc0e47c47675,101,coverage,0.0
transfer,any_new_error,routing,30919affcdad33f553a0,transfer,9195c26ffc0e47c47675,101,coverage,0.0
transfer,any_new_error,interaction,30919affcdad33f553a0,transfer,9195c26ffc0e47c47675,101,coverage,0.0
transfer,any_new_error,content,35c569b002cf117953b8,transfer,40a8d93ef6bc7525f055,101,dispatch,0.0
transfer,any_new_error,routing,35c569b002cf117953b8,transfer,40a8d93ef6bc7525f055,101,dispatch,0.0
transfer,any_new_error,interaction,35c569b002cf117953b8,transfer,40a8d93ef6bc7525f055,101,dispatch,0.0
transfer,any_new_error,content,377691e3dbc218046453,transfer,c67bdbfd58d0c0fa905f,101,capacity,-0.5
transfer,any_new_error,routing,377691e3dbc218046453,transfer,c67bdbfd58d0c0fa905f,101,capacity,-0.5
transfer,any_new_error,interaction,377691e3dbc218046453,transfer,c67bdbfd58d0c0fa905f,101,capacity,-1.0
transfer,any_new_error,content,3853022bab19520e686a,transfer,1ec4572a5900b11b10ce,101,coverage,0.0
transfer,any_new_error,routing,3853022bab19520e686a,transfer,1ec4572a5900b11b10ce,101,coverage,1.0
transfer,any_new_error,interaction,3853022bab19520e686a,transfer,1ec4572a5900b11b10ce,101,coverage,0.0
transfer,any_new_error,content,48c3a38c076176e80033,transfer,853941796819126bd7bf,101,energy,1.0
transfer,any_new_error,routing,48c3a38c076176e80033,transfer,853941796819126bd7bf,101,energy,0.0
transfer,any_new_error,interaction,48c3a38c076176e80033,transfer,853941796819126bd7bf,101,energy,0.0
transfer,any_new_error,content,56ef83093d6cfbf2d7ac,transfer,969295e5dcacc083b16e,101,coverage,-1.0
transfer,any_new_error,routing,56ef83093d6cfbf2d7ac,transfer,969295e5dcacc083b16e,101,coverage,0.0
transfer,any_new_error,interaction,56ef83093d6cfbf2d7ac,transfer,969295e5dcacc083b16e,101,coverage,0.0
transfer,any_tool_error,content,02a39a5320597b96fedd,transfer,89e55df7434b1477acdf,101,capacity,0.0
transfer,any_tool_error,routing,02a39a5320597b96fedd,transfer,89e55df7434b1477acdf,101,capacity,0.0
transfer,any_tool_error,interaction,02a39a5320597b96fedd,transfer,89e55df7434b1477acdf,101,capacity,0.0
transfer,any_tool_error,content,03219101985c4a812f33,transfer,485e72e394c56d2a9a7d,101,storage,-0.5
transfer,any_tool_error,routing,03219101985c4a812f33,transfer,485e72e394c56d2a9a7d,101,storage,-0.5
transfer,any_tool_error,interaction,03219101985c4a812f33,transfer,485e72e394c56d2a9a7d,101,storage,-1.0
transfer,any_tool_error,content,042ae2a6f1bbd663e541,transfer,6f6932a6216fc5333006,101,capacity,0.0
transfer,any_tool_error,routing,042ae2a6f1bbd663e541,transfer,6f6932a6216fc5333006,101,capacity,0.0
transfer,any_tool_error,interaction,042ae2a6f1bbd663e541,transfer,6f6932a6216fc5333006,101,capacity,0.0
transfer,any_tool_error,content,05105e2b2401f4b85359,transfer,4cedddea146c5c62c87f,101,penalty,0.0
transfer,any_tool_error,routing,05105e2b2401f4b85359,transfer,4cedddea146c5c62c87f,101,penalty,0.0
transfer,any_tool_error,interaction,05105e2b2401f4b85359,transfer,4cedddea146c5c62c87f,101,penalty,-2.0
transfer,any_tool_error,content,06496beef241512a18eb,transfer,59cec6cf031f1b4641d6,101,energy,-0.5
transfer,any_tool_error,routing,06496beef241512a18eb,transfer,59cec6cf031f1b4641d6,101,energy,0.5
transfer,any_tool_error,interaction,06496beef241512a18eb,transfer,59cec6cf031f1b4641d6,101,energy,-1.0
transfer,any_tool_error,content,089c614941a92a189165,transfer,7d003427097c9bde2d35,101,penalty,-0.5
transfer,any_tool_error,routing,089c614941a92a189165,transfer,7d003427097c9bde2d35,101,penalty,0.5
transfer,any_tool_error,interaction,089c614941a92a189165,transfer,7d003427097c9bde2d35,101,penalty,-1.0
transfer,any_tool_error,content,0929170251c4d40d7e20,transfer,c629ad33503d7610097b,101,penalty,-0.5
transfer,any_tool_error,routing,0929170251c4d40d7e20,transfer,c629ad33503d7610097b,101,penalty,0.5
transfer,any_tool_error,interaction,0929170251c4d40d7e20,transfer,c629ad33503d7610097b,101,penalty,-1.0
transfer,any_tool_error,content,09ee9367f1a3ee020716,transfer,5e182303f627200f5cf2,101,storage,-0.5
transfer,any_tool_error,routing,09ee9367f1a3ee020716,transfer,5e182303f627200f5cf2,101,storage,-0.5
transfer,any_tool_error,interaction,09ee9367f1a3ee020716,transfer,5e182303f627200f5cf2,101,storage,-1.0
transfer,any_tool_error,content,0f3b157a54e7a958f30f,transfer,e9eef8850639ebde4807,101,dispatch,-0.5
transfer,any_tool_error,routing,0f3b157a54e7a958f30f,transfer,e9eef8850639ebde4807,101,dispatch,-0.5
transfer,any_tool_error,interaction,0f3b157a54e7a958f30f,transfer,e9eef8850639ebde4807,101,dispatch,1.0
transfer,any_tool_error,content,106a2be8c3b09c3744b6,transfer,4698caafe8d15b69d12e,101,energy,1.0
transfer,any_tool_error,routing,106a2be8c3b09c3744b6,transfer,4698caafe8d15b69d12e,101,energy,0.0
transfer,any_tool_error,interaction,106a2be8c3b09c3744b6,transfer,4698caafe8d15b69d12e,101,energy,0.0
transfer,any_tool_error,content,11cf04f57e7cf62693fc,transfer,710e4b81f0caf532f31b,101,storage,-1.0
transfer,any_tool_error,routing,11cf04f57e7cf62693fc,transfer,710e4b81f0caf532f31b,101,storage,0.0
transfer,any_tool_error,interaction,11cf04f57e7cf62693fc,transfer,710e4b81f0caf532f31b,101,storage,0.0
transfer,any_tool_error,content,13af5df9ee91b4ddddc5,transfer,e0f7ae38aa1819681d94,101,coverage,0.0
transfer,any_tool_error,routing,13af5df9ee91b4ddddc5,transfer,e0f7ae38aa1819681d94,101,coverage,0.0
transfer,any_tool_error,interaction,13af5df9ee91b4ddddc5,transfer,e0f7ae38aa1819681d94,101,coverage,0.0
transfer,any_tool_error,content,16ef7bc916003e74169e,transfer,989814b7f01cf3a7b647,101,capacity,0.0
transfer,any_tool_error,routing,16ef7bc916003e74169e,transfer,989814b7f01cf3a7b647,101,capacity,0.0
transfer,any_tool_error,interaction,16ef7bc916003e74169e,transfer,989814b7f01cf3a7b647,101,capacity,0.0
transfer,any_tool_error,content,1fab7553a93a7929d564,transfer,96740845b77be39efb55,101,dispatch,0.0
transfer,any_tool_error,routing,1fab7553a93a7929d564,transfer,96740845b77be39efb55,101,dispatch,0.0
transfer,any_tool_error,interaction,1fab7553a93a7929d564,transfer,96740845b77be39efb55,101,dispatch,2.0
transfer,any_tool_error,content,25f8b084653617d1e405,transfer,33bc5de6e9494599f629,101,coverage,-0.5
transfer,any_tool_error,routing,25f8b084653617d1e405,transfer,33bc5de6e9494599f629,101,coverage,-0.5
transfer,any_tool_error,interaction,25f8b084653617d1e405,transfer,33bc5de6e9494599f629,101,coverage,-1.0
transfer,any_tool_error,content,2921c8d1b95f8cce6a99,transfer,5d95b77f9a0ff0664ef6,101,coverage,0.0
transfer,any_tool_error,routing,2921c8d1b95f8cce6a99,transfer,5d95b77f9a0ff0664ef6,101,coverage,0.0
transfer,any_tool_error,interaction,2921c8d1b95f8cce6a99,transfer,5d95b77f9a0ff0664ef6,101,coverage,0.0
transfer,any_tool_error,content,2b668e273b98c894674a,transfer,432b90738c3f2452a0c8,101,energy,0.0
transfer,any_tool_error,routing,2b668e273b98c894674a,transfer,432b90738c3f2452a0c8,101,energy,0.0
transfer,any_tool_error,interaction,2b668e273b98c894674a,transfer,432b90738c3f2452a0c8,101,energy,0.0
transfer,any_tool_error,content,2f5b8a5a1eb7b8386a10,transfer,40fd4a9415a73f11a0f3,101,capacity,0.0
transfer,any_tool_error,routing,2f5b8a5a1eb7b8386a10,transfer,40fd4a9415a73f11a0f3,101,capacity,0.0
transfer,any_tool_error,interaction,2f5b8a5a1eb7b8386a10,transfer,40fd4a9415a73f11a0f3,101,capacity,0.0
transfer,any_tool_error,content,30919affcdad33f553a0,transfer,9195c26ffc0e47c47675,101,coverage,-1.0
transfer,any_tool_error,routing,30919affcdad33f553a0,transfer,9195c26ffc0e47c47675,101,coverage,0.0
transfer,any_tool_error,interaction,30919affcdad33f553a0,transfer,9195c26ffc0e47c47675,101,coverage,0.0
transfer,any_tool_error,content,35c569b002cf117953b8,transfer,40a8d93ef6bc7525f055,101,dispatch,-0.5
transfer,any_tool_error,routing,35c569b002cf117953b8,transfer,40a8d93ef6bc7525f055,101,dispatch,-0.5
transfer,any_tool_error,interaction,35c569b002cf117953b8,transfer,40a8d93ef6bc7525f055,101,dispatch,-1.0
transfer,any_tool_error,content,377691e3dbc218046453,transfer,c67bdbfd58d0c0fa905f,101,capacity,1.0
transfer,any_tool_error,routing,377691e3dbc218046453,transfer,c67bdbfd58d0c0fa905f,101,capacity,0.0
transfer,any_tool_error,interaction,377691e3dbc218046453,transfer,c67bdbfd58d0c0fa905f,101,capacity,0.0
transfer,any_tool_error,content,3853022bab19520e686a,transfer,1ec4572a5900b11b10ce,101,coverage,0.5
transfer,any_tool_error,routing,3853022bab19520e686a,transfer,1ec4572a5900b11b10ce,101,coverage,0.5
transfer,any_tool_error,interaction,3853022bab19520e686a,transfer,1ec4572a5900b11b10ce,101,coverage,1.0
transfer,any_tool_error,content,48c3a38c076176e80033,transfer,853941796819126bd7bf,101,energy,-1.0
transfer,any_tool_error,routing,48c3a38c076176e80033,transfer,853941796819126bd7bf,101,energy,0.0
transfer,any_tool_error,interaction,48c3a38c076176e80033,transfer,853941796819126bd7bf,101,energy,0.0
transfer,any_tool_error,content,56ef83093d6cfbf2d7ac,transfer,969295e5dcacc083b16e,101,coverage,1.0
transfer,any_tool_error,routing,56ef83093d6cfbf2d7ac,transfer,969295e5dcacc083b16e,101,coverage,0.0
transfer,any_tool_error,interaction,56ef83093d6cfbf2d7ac,transfer,969295e5dcacc083b16e,101,coverage,0.0
transfer,budget_ceiling,content,02a39a5320597b96fedd,transfer,89e55df7434b1477acdf,101,capacity,0.0
transfer,budget_ceiling,routing,02a39a5320597b96fedd,transfer,89e55df7434b1477acdf,101,capacity,0.0
transfer,budget_ceiling,interaction,02a39a5320597b96fedd,transfer,89e55df7434b1477acdf,101,capacity,0.0
transfer,budget_ceiling,content,03219101985c4a812f33,transfer,485e72e394c56d2a9a7d,101,storage,0.0
transfer,budget_ceiling,routing,03219101985c4a812f33,transfer,485e72e394c56d2a9a7d,101,storage,0.0
transfer,budget_ceiling,interaction,03219101985c4a812f33,transfer,485e72e394c56d2a9a7d,101,storage,0.0
transfer,budget_ceiling,content,042ae2a6f1bbd663e541,transfer,6f6932a6216fc5333006,101,capacity,0.0
transfer,budget_ceiling,routing,042ae2a6f1bbd663e541,transfer,6f6932a6216fc5333006,101,capacity,0.0
transfer,budget_ceiling,interaction,042ae2a6f1bbd663e541,transfer,6f6932a6216fc5333006,101,capacity,0.0
transfer,budget_ceiling,content,05105e2b2401f4b85359,transfer,4cedddea146c5c62c87f,101,penalty,0.0
transfer,budget_ceiling,routing,05105e2b2401f4b85359,transfer,4cedddea146c5c62c87f,101,penalty,0.0
transfer,budget_ceiling,interaction,05105e2b2401f4b85359,transfer,4cedddea146c5c62c87f,101,penalty,0.0
transfer,budget_ceiling,content,06496beef241512a18eb,transfer,59cec6cf031f1b4641d6,101,energy,0.0
transfer,budget_ceiling,routing,06496beef241512a18eb,transfer,59cec6cf031f1b4641d6,101,energy,0.0
transfer,budget_ceiling,interaction,06496beef241512a18eb,transfer,59cec6cf031f1b4641d6,101,energy,0.0
transfer,budget_ceiling,content,089c614941a92a189165,transfer,7d003427097c9bde2d35,101,penalty,0.0
transfer,budget_ceiling,routing,089c614941a92a189165,transfer,7d003427097c9bde2d35,101,penalty,0.0
transfer,budget_ceiling,interaction,089c614941a92a189165,transfer,7d003427097c9bde2d35,101,penalty,0.0
transfer,budget_ceiling,content,0929170251c4d40d7e20,transfer,c629ad33503d7610097b,101,penalty,0.0
transfer,budget_ceiling,routing,0929170251c4d40d7e20,transfer,c629ad33503d7610097b,101,penalty,0.0
transfer,budget_ceiling,interaction,0929170251c4d40d7e20,transfer,c629ad33503d7610097b,101,penalty,0.0
transfer,budget_ceiling,content,09ee9367f1a3ee020716,transfer,5e182303f627200f5cf2,101,storage,0.0
transfer,budget_ceiling,routing,09ee9367f1a3ee020716,transfer,5e182303f627200f5cf2,101,storage,0.0
transfer,budget_ceiling,interaction,09ee9367f1a3ee020716,transfer,5e182303f627200f5cf2,101,storage,0.0
transfer,budget_ceiling,content,0f3b157a54e7a958f30f,transfer,e9eef8850639ebde4807,101,dispatch,0.0
transfer,budget_ceiling,routing,0f3b157a54e7a958f30f,transfer,e9eef8850639ebde4807,101,dispatch,0.0
transfer,budget_ceiling,interaction,0f3b157a54e7a958f30f,transfer,e9eef8850639ebde4807,101,dispatch,0.0
transfer,budget_ceiling,content,106a2be8c3b09c3744b6,transfer,4698caafe8d15b69d12e,101,energy,0.0
transfer,budget_ceiling,routing,106a2be8c3b09c3744b6,transfer,4698caafe8d15b69d12e,101,energy,0.0
transfer,budget_ceiling,interaction,106a2be8c3b09c3744b6,transfer,4698caafe8d15b69d12e,101,energy,0.0
transfer,budget_ceiling,content,11cf04f57e7cf62693fc,transfer,710e4b81f0caf532f31b,101,storage,0.0
transfer,budget_ceiling,routing,11cf04f57e7cf62693fc,transfer,710e4b81f0caf532f31b,101,storage,0.0
transfer,budget_ceiling,interaction,11cf04f57e7cf62693fc,transfer,710e4b81f0caf532f31b,101,storage,0.0
transfer,budget_ceiling,content,13af5df9ee91b4ddddc5,transfer,e0f7ae38aa1819681d94,101,coverage,0.0
transfer,budget_ceiling,routing,13af5df9ee91b4ddddc5,transfer,e0f7ae38aa1819681d94,101,coverage,0.0
transfer,budget_ceiling,interaction,13af5df9ee91b4ddddc5,transfer,e0f7ae38aa1819681d94,101,coverage,0.0
transfer,budget_ceiling,content,16ef7bc916003e74169e,transfer,989814b7f01cf3a7b647,101,capacity,0.0
transfer,budget_ceiling,routing,16ef7bc916003e74169e,transfer,989814b7f01cf3a7b647,101,capacity,0.0
transfer,budget_ceiling,interaction,16ef7bc916003e74169e,transfer,989814b7f01cf3a7b647,101,capacity,0.0
transfer,budget_ceiling,content,1fab7553a93a7929d564,transfer,96740845b77be39efb55,101,dispatch,0.0
transfer,budget_ceiling,routing,1fab7553a93a7929d564,transfer,96740845b77be39efb55,101,dispatch,0.0
transfer,budget_ceiling,interaction,1fab7553a93a7929d564,transfer,96740845b77be39efb55,101,dispatch,0.0
transfer,budget_ceiling,content,25f8b084653617d1e405,transfer,33bc5de6e9494599f629,101,coverage,0.0
transfer,budget_ceiling,routing,25f8b084653617d1e405,transfer,33bc5de6e9494599f629,101,coverage,0.0
transfer,budget_ceiling,interaction,25f8b084653617d1e405,transfer,33bc5de6e9494599f629,101,coverage,0.0
transfer,budget_ceiling,content,2921c8d1b95f8cce6a99,transfer,5d95b77f9a0ff0664ef6,101,coverage,0.0
transfer,budget_ceiling,routing,2921c8d1b95f8cce6a99,transfer,5d95b77f9a0ff0664ef6,101,coverage,0.0
transfer,budget_ceiling,interaction,2921c8d1b95f8cce6a99,transfer,5d95b77f9a0ff0664ef6,101,coverage,0.0
transfer,budget_ceiling,content,2b668e273b98c894674a,transfer,432b90738c3f2452a0c8,101,energy,0.0
transfer,budget_ceiling,routing,2b668e273b98c894674a,transfer,432b90738c3f2452a0c8,101,energy,0.0
transfer,budget_ceiling,interaction,2b668e273b98c894674a,transfer,432b90738c3f2452a0c8,101,energy,0.0
transfer,budget_ceiling,content,2f5b8a5a1eb7b8386a10,transfer,40fd4a9415a73f11a0f3,101,capacity,0.0
transfer,budget_ceiling,routing,2f5b8a5a1eb7b8386a10,transfer,40fd4a9415a73f11a0f3,101,capacity,0.0
transfer,budget_ceiling,interaction,2f5b8a5a1eb7b8386a10,transfer,40fd4a9415a73f11a0f3,101,capacity,0.0
transfer,budget_ceiling,content,30919affcdad33f553a0,transfer,9195c26ffc0e47c47675,101,coverage,0.0
transfer,budget_ceiling,routing,30919affcdad33f553a0,transfer,9195c26ffc0e47c47675,101,coverage,0.0
transfer,budget_ceiling,interaction,30919affcdad33f553a0,transfer,9195c26ffc0e47c47675,101,coverage,0.0
transfer,budget_ceiling,content,35c569b002cf117953b8,transfer,40a8d93ef6bc7525f055,101,dispatch,0.0
transfer,budget_ceiling,routing,35c569b002cf117953b8,transfer,40a8d93ef6bc7525f055,101,dispatch,0.0
transfer,budget_ceiling,interaction,35c569b002cf117953b8,transfer,40a8d93ef6bc7525f055,101,dispatch,0.0
transfer,budget_ceiling,content,377691e3dbc218046453,transfer,c67bdbfd58d0c0fa905f,101,capacity,0.0
transfer,budget_ceiling,routing,377691e3dbc218046453,transfer,c67bdbfd58d0c0fa905f,101,capacity,0.0
transfer,budget_ceiling,interaction,377691e3dbc218046453,transfer,c67bdbfd58d0c0fa905f,101,capacity,0.0
transfer,budget_ceiling,content,3853022bab19520e686a,transfer,1ec4572a5900b11b10ce,101,coverage,0.0
transfer,budget_ceiling,routing,3853022bab19520e686a,transfer,1ec4572a5900b11b10ce,101,coverage,0.0
transfer,budget_ceiling,interaction,3853022bab19520e686a,transfer,1ec4572a5900b11b10ce,101,coverage,0.0
transfer,budget_ceiling,content,48c3a38c076176e80033,transfer,853941796819126bd7bf,101,energy,0.0
transfer,budget_ceiling,routing,48c3a38c076176e80033,transfer,853941796819126bd7bf,101,energy,0.0
transfer,budget_ceiling,interaction,48c3a38c076176e80033,transfer,853941796819126bd7bf,101,energy,0.0
transfer,budget_ceiling,content,56ef83093d6cfbf2d7ac,transfer,969295e5dcacc083b16e,101,coverage,0.0
transfer,budget_ceiling,routing,56ef83093d6cfbf2d7ac,transfer,969295e5dcacc083b16e,101,coverage,0.0
transfer,budget_ceiling,interaction,56ef83093d6cfbf2d7ac,transfer,969295e5dcacc083b16e,101,coverage,0.0
F1,first_success,content,042ae2a6f1bbd663e541,same,3d766f486bde3697fcfe,101,capacity,0.0
F1,first_success,routing,042ae2a6f1bbd663e541,same,3d766f486bde3697fcfe,101,capacity,0.0
F1,first_success,interaction,042ae2a6f1bbd663e541,same,3d766f486bde3697fcfe,101,capacity,0.0
F1,first_success,content,042ae2a6f1bbd663e541,transfer,6f6932a6216fc5333006,101,capacity,0.0
F1,first_success,routing,042ae2a6f1bbd663e541,transfer,6f6932a6216fc5333006,101,capacity,0.0
F1,first_success,interaction,042ae2a6f1bbd663e541,transfer,6f6932a6216fc5333006,101,capacity,0.0
F1,first_success,content,0929170251c4d40d7e20,same,e8594d2118c07c5a1814,101,penalty,0.0
F1,first_success,routing,0929170251c4d40d7e20,same,e8594d2118c07c5a1814,101,penalty,0.0
F1,first_success,interaction,0929170251c4d40d7e20,same,e8594d2118c07c5a1814,101,penalty,0.0
F1,first_success,content,0929170251c4d40d7e20,transfer,c629ad33503d7610097b,101,penalty,0.0
F1,first_success,routing,0929170251c4d40d7e20,transfer,c629ad33503d7610097b,101,penalty,0.0
F1,first_success,interaction,0929170251c4d40d7e20,transfer,c629ad33503d7610097b,101,penalty,0.0
F1,first_success,content,09ee9367f1a3ee020716,same,ec91af86b6083e2953b5,101,storage,0.0
F1,first_success,routing,09ee9367f1a3ee020716,same,ec91af86b6083e2953b5,101,storage,0.0
F1,first_success,interaction,09ee9367f1a3ee020716,same,ec91af86b6083e2953b5,101,storage,0.0
F1,first_success,content,09ee9367f1a3ee020716,transfer,5e182303f627200f5cf2,101,storage,0.0
F1,first_success,routing,09ee9367f1a3ee020716,transfer,5e182303f627200f5cf2,101,storage,0.0
F1,first_success,interaction,09ee9367f1a3ee020716,transfer,5e182303f627200f5cf2,101,storage,0.0
F1,first_success,content,25f8b084653617d1e405,same,79d2add418d743759775,101,coverage,0.0
F1,first_success,routing,25f8b084653617d1e405,same,79d2add418d743759775,101,coverage,0.0
F1,first_success,interaction,25f8b084653617d1e405,same,79d2add418d743759775,101,coverage,0.0
F1,first_success,content,25f8b084653617d1e405,transfer,33bc5de6e9494599f629,101,coverage,0.0
F1,first_success,routing,25f8b084653617d1e405,transfer,33bc5de6e9494599f629,101,coverage,0.0
F1,first_success,interaction,25f8b084653617d1e405,transfer,33bc5de6e9494599f629,101,coverage,0.0
F1,first_success,content,2b668e273b98c894674a,same,6817ab3bf1695d6b3fe5,101,energy,0.0
F1,first_success,routing,2b668e273b98c894674a,same,6817ab3bf1695d6b3fe5,101,energy,0.0
F1,first_success,interaction,2b668e273b98c894674a,same,6817ab3bf1695d6b3fe5,101,energy,0.0
F1,first_success,content,2b668e273b98c894674a,transfer,432b90738c3f2452a0c8,101,energy,0.0
F1,first_success,routing,2b668e273b98c894674a,transfer,432b90738c3f2452a0c8,101,energy,0.0
F1,first_success,interaction,2b668e273b98c894674a,transfer,432b90738c3f2452a0c8,101,energy,0.0
F1,first_success,content,3853022bab19520e686a,same,71980ea830c302a5bcd3,101,coverage,0.0
F1,first_success,routing,3853022bab19520e686a,same,71980ea830c302a5bcd3,101,coverage,0.0
F1,first_success,interaction,3853022bab19520e686a,same,71980ea830c302a5bcd3,101,coverage,0.0
F1,first_success,content,3853022bab19520e686a,transfer,1ec4572a5900b11b10ce,101,coverage,0.0
F1,first_success,routing,3853022bab19520e686a,transfer,1ec4572a5900b11b10ce,101,coverage,0.0
F1,first_success,interaction,3853022bab19520e686a,transfer,1ec4572a5900b11b10ce,101,coverage,0.0
F1,final_success,content,042ae2a6f1bbd663e541,same,3d766f486bde3697fcfe,101,capacity,0.0
F1,final_success,routing,042ae2a6f1bbd663e541,same,3d766f486bde3697fcfe,101,capacity,0.0
F1,final_success,interaction,042ae2a6f1bbd663e541,same,3d766f486bde3697fcfe,101,capacity,0.0
F1,final_success,content,042ae2a6f1bbd663e541,transfer,6f6932a6216fc5333006,101,capacity,0.0
F1,final_success,routing,042ae2a6f1bbd663e541,transfer,6f6932a6216fc5333006,101,capacity,0.0
F1,final_success,interaction,042ae2a6f1bbd663e541,transfer,6f6932a6216fc5333006,101,capacity,0.0
F1,final_success,content,0929170251c4d40d7e20,same,e8594d2118c07c5a1814,101,penalty,0.0
F1,final_success,routing,0929170251c4d40d7e20,same,e8594d2118c07c5a1814,101,penalty,0.0
F1,final_success,interaction,0929170251c4d40d7e20,same,e8594d2118c07c5a1814,101,penalty,0.0
F1,final_success,content,0929170251c4d40d7e20,transfer,c629ad33503d7610097b,101,penalty,0.0
F1,final_success,routing,0929170251c4d40d7e20,transfer,c629ad33503d7610097b,101,penalty,0.0
F1,final_success,interaction,0929170251c4d40d7e20,transfer,c629ad33503d7610097b,101,penalty,0.0
F1,final_success,content,09ee9367f1a3ee020716,same,ec91af86b6083e2953b5,101,storage,0.0
F1,final_success,routing,09ee9367f1a3ee020716,same,ec91af86b6083e2953b5,101,storage,0.0
F1,final_success,interaction,09ee9367f1a3ee020716,same,ec91af86b6083e2953b5,101,storage,0.0
F1,final_success,content,09ee9367f1a3ee020716,transfer,5e182303f627200f5cf2,101,storage,0.0
F1,final_success,routing,09ee9367f1a3ee020716,transfer,5e182303f627200f5cf2,101,storage,0.0
F1,final_success,interaction,09ee9367f1a3ee020716,transfer,5e182303f627200f5cf2,101,storage,0.0
F1,final_success,content,25f8b084653617d1e405,same,79d2add418d743759775,101,coverage,0.0
F1,final_success,routing,25f8b084653617d1e405,same,79d2add418d743759775,101,coverage,0.0
F1,final_success,interaction,25f8b084653617d1e405,same,79d2add418d743759775,101,coverage,0.0
F1,final_success,content,25f8b084653617d1e405,transfer,33bc5de6e9494599f629,101,coverage,0.0
F1,final_success,routing,25f8b084653617d1e405,transfer,33bc5de6e9494599f629,101,coverage,0.0
F1,final_success,interaction,25f8b084653617d1e405,transfer,33bc5de6e9494599f629,101,coverage,0.0
F1,final_success,content,2b668e273b98c894674a,same,6817ab3bf1695d6b3fe5,101,energy,0.0
F1,final_success,routing,2b668e273b98c894674a,same,6817ab3bf1695d6b3fe5,101,energy,0.0
F1,final_success,interaction,2b668e273b98c894674a,same,6817ab3bf1695d6b3fe5,101,energy,0.0
F1,final_success,content,2b668e273b98c894674a,transfer,432b90738c3f2452a0c8,101,energy,0.0
F1,final_success,routing,2b668e273b98c894674a,transfer,432b90738c3f2452a0c8,101,energy,0.0
F1,final_success,interaction,2b668e273b98c894674a,transfer,432b90738c3f2452a0c8,101,energy,0.0
F1,final_success,content,3853022bab19520e686a,same,71980ea830c302a5bcd3,101,coverage,0.0
F1,final_success,routing,3853022bab19520e686a,same,71980ea830c302a5bcd3,101,coverage,0.0
F1,final_success,interaction,3853022bab19520e686a,same,71980ea830c302a5bcd3,101,coverage,0.0
F1,final_success,content,3853022bab19520e686a,transfer,1ec4572a5900b11b10ce,101,coverage,0.0
F1,final_success,routing,3853022bab19520e686a,transfer,1ec4572a5900b11b10ce,101,coverage,0.0
F1,final_success,interaction,3853022bab19520e686a,transfer,1ec4572a5900b11b10ce,101,coverage,0.0
F1,abstained,content,042ae2a6f1bbd663e541,same,3d766f486bde3697fcfe,101,capacity,0.0
F1,abstained,routing,042ae2a6f1bbd663e541,same,3d766f486bde3697fcfe,101,capacity,0.0
F1,abstained,interaction,042ae2a6f1bbd663e541,same,3d766f486bde3697fcfe,101,capacity,0.0
F1,abstained,content,042ae2a6f1bbd663e541,transfer,6f6932a6216fc5333006,101,capacity,0.0
F1,abstained,routing,042ae2a6f1bbd663e541,transfer,6f6932a6216fc5333006,101,capacity,0.0
F1,abstained,interaction,042ae2a6f1bbd663e541,transfer,6f6932a6216fc5333006,101,capacity,0.0
F1,abstained,content,0929170251c4d40d7e20,same,e8594d2118c07c5a1814,101,penalty,1.0
F1,abstained,routing,0929170251c4d40d7e20,same,e8594d2118c07c5a1814,101,penalty,0.0
F1,abstained,interaction,0929170251c4d40d7e20,same,e8594d2118c07c5a1814,101,penalty,0.0
F1,abstained,content,0929170251c4d40d7e20,transfer,c629ad33503d7610097b,101,penalty,0.0
F1,abstained,routing,0929170251c4d40d7e20,transfer,c629ad33503d7610097b,101,penalty,0.0
F1,abstained,interaction,0929170251c4d40d7e20,transfer,c629ad33503d7610097b,101,penalty,0.0
F1,abstained,content,09ee9367f1a3ee020716,same,ec91af86b6083e2953b5,101,storage,-0.5
F1,abstained,routing,09ee9367f1a3ee020716,same,ec91af86b6083e2953b5,101,storage,0.5
F1,abstained,interaction,09ee9367f1a3ee020716,same,ec91af86b6083e2953b5,101,storage,1.0
F1,abstained,content,09ee9367f1a3ee020716,transfer,5e182303f627200f5cf2,101,storage,0.0
F1,abstained,routing,09ee9367f1a3ee020716,transfer,5e182303f627200f5cf2,101,storage,0.0
F1,abstained,interaction,09ee9367f1a3ee020716,transfer,5e182303f627200f5cf2,101,storage,0.0
F1,abstained,content,25f8b084653617d1e405,same,79d2add418d743759775,101,coverage,-0.5
F1,abstained,routing,25f8b084653617d1e405,same,79d2add418d743759775,101,coverage,0.5
F1,abstained,interaction,25f8b084653617d1e405,same,79d2add418d743759775,101,coverage,1.0
F1,abstained,content,25f8b084653617d1e405,transfer,33bc5de6e9494599f629,101,coverage,-1.0
F1,abstained,routing,25f8b084653617d1e405,transfer,33bc5de6e9494599f629,101,coverage,0.0
F1,abstained,interaction,25f8b084653617d1e405,transfer,33bc5de6e9494599f629,101,coverage,0.0
F1,abstained,content,2b668e273b98c894674a,same,6817ab3bf1695d6b3fe5,101,energy,-0.5
F1,abstained,routing,2b668e273b98c894674a,same,6817ab3bf1695d6b3fe5,101,energy,0.5
F1,abstained,interaction,2b668e273b98c894674a,same,6817ab3bf1695d6b3fe5,101,energy,1.0
F1,abstained,content,2b668e273b98c894674a,transfer,432b90738c3f2452a0c8,101,energy,0.0
F1,abstained,routing,2b668e273b98c894674a,transfer,432b90738c3f2452a0c8,101,energy,0.0
F1,abstained,interaction,2b668e273b98c894674a,transfer,432b90738c3f2452a0c8,101,energy,0.0
F1,abstained,content,3853022bab19520e686a,same,71980ea830c302a5bcd3,101,coverage,-1.0
F1,abstained,routing,3853022bab19520e686a,same,71980ea830c302a5bcd3,101,coverage,0.0
F1,abstained,interaction,3853022bab19520e686a,same,71980ea830c302a5bcd3,101,coverage,0.0
F1,abstained,content,3853022bab19520e686a,transfer,1ec4572a5900b11b10ce,101,coverage,0.0
F1,abstained,routing,3853022bab19520e686a,transfer,1ec4572a5900b11b10ce,101,coverage,0.0
F1,abstained,interaction,3853022bab19520e686a,transfer,1ec4572a5900b11b10ce,101,coverage,0.0
F1,recurrence,content,042ae2a6f1bbd663e541,same,3d766f486bde3697fcfe,101,capacity,0.0
F1,recurrence,routing,042ae2a6f1bbd663e541,same,3d766f486bde3697fcfe,101,capacity,0.0
F1,recurrence,interaction,042ae2a6f1bbd663e541,same,3d766f486bde3697fcfe,101,capacity,0.0
F1,recurrence,content,042ae2a6f1bbd663e541,transfer,6f6932a6216fc5333006,101,capacity,0.0
F1,recurrence,routing,042ae2a6f1bbd663e541,transfer,6f6932a6216fc5333006,101,capacity,0.0
F1,recurrence,interaction,042ae2a6f1bbd663e541,transfer,6f6932a6216fc5333006,101,capacity,0.0
F1,recurrence,content,0929170251c4d40d7e20,same,e8594d2118c07c5a1814,101,penalty,-1.0
F1,recurrence,routing,0929170251c4d40d7e20,same,e8594d2118c07c5a1814,101,penalty,0.0
F1,recurrence,interaction,0929170251c4d40d7e20,same,e8594d2118c07c5a1814,101,penalty,0.0
F1,recurrence,content,0929170251c4d40d7e20,transfer,c629ad33503d7610097b,101,penalty,0.0
F1,recurrence,routing,0929170251c4d40d7e20,transfer,c629ad33503d7610097b,101,penalty,0.0
F1,recurrence,interaction,0929170251c4d40d7e20,transfer,c629ad33503d7610097b,101,penalty,0.0
F1,recurrence,content,09ee9367f1a3ee020716,same,ec91af86b6083e2953b5,101,storage,1.0
F1,recurrence,routing,09ee9367f1a3ee020716,same,ec91af86b6083e2953b5,101,storage,0.0
F1,recurrence,interaction,09ee9367f1a3ee020716,same,ec91af86b6083e2953b5,101,storage,0.0
F1,recurrence,content,09ee9367f1a3ee020716,transfer,5e182303f627200f5cf2,101,storage,0.0
F1,recurrence,routing,09ee9367f1a3ee020716,transfer,5e182303f627200f5cf2,101,storage,0.0
F1,recurrence,interaction,09ee9367f1a3ee020716,transfer,5e182303f627200f5cf2,101,storage,0.0
F1,recurrence,content,25f8b084653617d1e405,same,79d2add418d743759775,101,coverage,0.5
F1,recurrence,routing,25f8b084653617d1e405,same,79d2add418d743759775,101,coverage,-0.5
F1,recurrence,interaction,25f8b084653617d1e405,same,79d2add418d743759775,101,coverage,-1.0
F1,recurrence,content,25f8b084653617d1e405,transfer,33bc5de6e9494599f629,101,coverage,0.0
F1,recurrence,routing,25f8b084653617d1e405,transfer,33bc5de6e9494599f629,101,coverage,0.0
F1,recurrence,interaction,25f8b084653617d1e405,transfer,33bc5de6e9494599f629,101,coverage,0.0
F1,recurrence,content,2b668e273b98c894674a,same,6817ab3bf1695d6b3fe5,101,energy,0.0
F1,recurrence,routing,2b668e273b98c894674a,same,6817ab3bf1695d6b3fe5,101,energy,-1.0
F1,recurrence,interaction,2b668e273b98c894674a,same,6817ab3bf1695d6b3fe5,101,energy,0.0
F1,recurrence,content,2b668e273b98c894674a,transfer,432b90738c3f2452a0c8,101,energy,0.0
F1,recurrence,routing,2b668e273b98c894674a,transfer,432b90738c3f2452a0c8,101,energy,0.0
F1,recurrence,interaction,2b668e273b98c894674a,transfer,432b90738c3f2452a0c8,101,energy,0.0
F1,recurrence,content,3853022bab19520e686a,same,71980ea830c302a5bcd3,101,coverage,1.0
F1,recurrence,routing,3853022bab19520e686a,same,71980ea830c302a5bcd3,101,coverage,0.0
F1,recurrence,interaction,3853022bab19520e686a,same,71980ea830c302a5bcd3,101,coverage,0.0
F1,recurrence,content,3853022bab19520e686a,transfer,1ec4572a5900b11b10ce,101,coverage,0.0
F1,recurrence,routing,3853022bab19520e686a,transfer,1ec4572a5900b11b10ce,101,coverage,0.0
F1,recurrence,interaction,3853022bab19520e686a,transfer,1ec4572a5900b11b10ce,101,coverage,0.0
F1,target_avoided_but_failed,content,042ae2a6f1bbd663e541,same,3d766f486bde3697fcfe,101,capacity,0.0
F1,target_avoided_but_failed,routing,042ae2a6f1bbd663e541,same,3d766f486bde3697fcfe,101,capacity,0.0
F1,target_avoided_but_failed,interaction,042ae2a6f1bbd663e541,same,3d766f486bde3697fcfe,101,capacity,0.0
F1,target_avoided_but_failed,content,042ae2a6f1bbd663e541,transfer,6f6932a6216fc5333006,101,capacity,0.0
F1,target_avoided_but_failed,routing,042ae2a6f1bbd663e541,transfer,6f6932a6216fc5333006,101,capacity,0.0
F1,target_avoided_but_failed,interaction,042ae2a6f1bbd663e541,transfer,6f6932a6216fc5333006,101,capacity,0.0
F1,target_avoided_but_failed,content,0929170251c4d40d7e20,same,e8594d2118c07c5a1814,101,penalty,1.0
F1,target_avoided_but_failed,routing,0929170251c4d40d7e20,same,e8594d2118c07c5a1814,101,penalty,0.0
F1,target_avoided_but_failed,interaction,0929170251c4d40d7e20,same,e8594d2118c07c5a1814,101,penalty,0.0
F1,target_avoided_but_failed,content,0929170251c4d40d7e20,transfer,c629ad33503d7610097b,101,penalty,0.0
F1,target_avoided_but_failed,routing,0929170251c4d40d7e20,transfer,c629ad33503d7610097b,101,penalty,0.0
F1,target_avoided_but_failed,interaction,0929170251c4d40d7e20,transfer,c629ad33503d7610097b,101,penalty,0.0
F1,target_avoided_but_failed,content,09ee9367f1a3ee020716,same,ec91af86b6083e2953b5,101,storage,-1.0
F1,target_avoided_but_failed,routing,09ee9367f1a3ee020716,same,ec91af86b6083e2953b5,101,storage,0.0
F1,target_avoided_but_failed,interaction,09ee9367f1a3ee020716,same,ec91af86b6083e2953b5,101,storage,0.0
F1,target_avoided_but_failed,content,09ee9367f1a3ee020716,transfer,5e182303f627200f5cf2,101,storage,0.0
F1,target_avoided_but_failed,routing,09ee9367f1a3ee020716,transfer,5e182303f627200f5cf2,101,storage,0.0
F1,target_avoided_but_failed,interaction,09ee9367f1a3ee020716,transfer,5e182303f627200f5cf2,101,storage,0.0
F1,target_avoided_but_failed,content,25f8b084653617d1e405,same,79d2add418d743759775,101,coverage,-0.5
F1,target_avoided_but_failed,routing,25f8b084653617d1e405,same,79d2add418d743759775,101,coverage,0.5
F1,target_avoided_but_failed,interaction,25f8b084653617d1e405,same,79d2add418d743759775,101,coverage,1.0
F1,target_avoided_but_failed,content,25f8b084653617d1e405,transfer,33bc5de6e9494599f629,101,coverage,0.0
F1,target_avoided_but_failed,routing,25f8b084653617d1e405,transfer,33bc5de6e9494599f629,101,coverage,0.0
F1,target_avoided_but_failed,interaction,25f8b084653617d1e405,transfer,33bc5de6e9494599f629,101,coverage,0.0
F1,target_avoided_but_failed,content,2b668e273b98c894674a,same,6817ab3bf1695d6b3fe5,101,energy,0.0
F1,target_avoided_but_failed,routing,2b668e273b98c894674a,same,6817ab3bf1695d6b3fe5,101,energy,1.0
F1,target_avoided_but_failed,interaction,2b668e273b98c894674a,same,6817ab3bf1695d6b3fe5,101,energy,0.0
F1,target_avoided_but_failed,content,2b668e273b98c894674a,transfer,432b90738c3f2452a0c8,101,energy,0.0
F1,target_avoided_but_failed,routing,2b668e273b98c894674a,transfer,432b90738c3f2452a0c8,101,energy,0.0
F1,target_avoided_but_failed,interaction,2b668e273b98c894674a,transfer,432b90738c3f2452a0c8,101,energy,0.0
F1,target_avoided_but_failed,content,3853022bab19520e686a,same,71980ea830c302a5bcd3,101,coverage,-1.0
F1,target_avoided_but_failed,routing,3853022bab19520e686a,same,71980ea830c302a5bcd3,101,coverage,0.0
F1,target_avoided_but_failed,interaction,3853022bab19520e686a,same,71980ea830c302a5bcd3,101,coverage,0.0
F1,target_avoided_but_failed,content,3853022bab19520e686a,transfer,1ec4572a5900b11b10ce,101,coverage,0.0
F1,target_avoided_but_failed,routing,3853022bab19520e686a,transfer,1ec4572a5900b11b10ce,101,coverage,0.0
F1,target_avoided_but_failed,interaction,3853022bab19520e686a,transfer,1ec4572a5900b11b10ce,101,coverage,0.0
F1,any_new_error,content,042ae2a6f1bbd663e541,same,3d766f486bde3697fcfe,101,capacity,0.0
F1,any_new_error,routing,042ae2a6f1bbd663e541,same,3d766f486bde3697fcfe,101,capacity,0.0
F1,any_new_error,interaction,042ae2a6f1bbd663e541,same,3d766f486bde3697fcfe,101,capacity,0.0
F1,any_new_error,content,042ae2a6f1bbd663e541,transfer,6f6932a6216fc5333006,101,capacity,0.0
F1,any_new_error,routing,042ae2a6f1bbd663e541,transfer,6f6932a6216fc5333006,101,capacity,0.0
F1,any_new_error,interaction,042ae2a6f1bbd663e541,transfer,6f6932a6216fc5333006,101,capacity,0.0
F1,any_new_error,content,0929170251c4d40d7e20,same,e8594d2118c07c5a1814,101,penalty,0.0
F1,any_new_error,routing,0929170251c4d40d7e20,same,e8594d2118c07c5a1814,101,penalty,0.0
F1,any_new_error,interaction,0929170251c4d40d7e20,same,e8594d2118c07c5a1814,101,penalty,0.0
F1,any_new_error,content,0929170251c4d40d7e20,transfer,c629ad33503d7610097b,101,penalty,-0.5
F1,any_new_error,routing,0929170251c4d40d7e20,transfer,c629ad33503d7610097b,101,penalty,-0.5
F1,any_new_error,interaction,0929170251c4d40d7e20,transfer,c629ad33503d7610097b,101,penalty,-1.0
F1,any_new_error,content,09ee9367f1a3ee020716,same,ec91af86b6083e2953b5,101,storage,0.5
F1,any_new_error,routing,09ee9367f1a3ee020716,same,ec91af86b6083e2953b5,101,storage,-0.5
F1,any_new_error,interaction,09ee9367f1a3ee020716,same,ec91af86b6083e2953b5,101,storage,-1.0
F1,any_new_error,content,09ee9367f1a3ee020716,transfer,5e182303f627200f5cf2,101,storage,-0.5
F1,any_new_error,routing,09ee9367f1a3ee020716,transfer,5e182303f627200f5cf2,101,storage,-0.5
F1,any_new_error,interaction,09ee9367f1a3ee020716,transfer,5e182303f627200f5cf2,101,storage,-1.0
F1,any_new_error,content,25f8b084653617d1e405,same,79d2add418d743759775,101,coverage,0.5
F1,any_new_error,routing,25f8b084653617d1e405,same,79d2add418d743759775,101,coverage,-0.5
F1,any_new_error,interaction,25f8b084653617d1e405,same,79d2add418d743759775,101,coverage,-1.0
F1,any_new_error,content,25f8b084653617d1e405,transfer,33bc5de6e9494599f629,101,coverage,0.5
F1,any_new_error,routing,25f8b084653617d1e405,transfer,33bc5de6e9494599f629,101,coverage,-0.5
F1,any_new_error,interaction,25f8b084653617d1e405,transfer,33bc5de6e9494599f629,101,coverage,-1.0
F1,any_new_error,content,2b668e273b98c894674a,same,6817ab3bf1695d6b3fe5,101,energy,0.5
F1,any_new_error,routing,2b668e273b98c894674a,same,6817ab3bf1695d6b3fe5,101,energy,-0.5
F1,any_new_error,interaction,2b668e273b98c894674a,same,6817ab3bf1695d6b3fe5,101,energy,-1.0
F1,any_new_error,content,2b668e273b98c894674a,transfer,432b90738c3f2452a0c8,101,energy,0.0
F1,any_new_error,routing,2b668e273b98c894674a,transfer,432b90738c3f2452a0c8,101,energy,-1.0
F1,any_new_error,interaction,2b668e273b98c894674a,transfer,432b90738c3f2452a0c8,101,energy,0.0
F1,any_new_error,content,3853022bab19520e686a,same,71980ea830c302a5bcd3,101,coverage,0.5
F1,any_new_error,routing,3853022bab19520e686a,same,71980ea830c302a5bcd3,101,coverage,-0.5
F1,any_new_error,interaction,3853022bab19520e686a,same,71980ea830c302a5bcd3,101,coverage,-1.0
F1,any_new_error,content,3853022bab19520e686a,transfer,1ec4572a5900b11b10ce,101,coverage,0.0
F1,any_new_error,routing,3853022bab19520e686a,transfer,1ec4572a5900b11b10ce,101,coverage,1.0
F1,any_new_error,interaction,3853022bab19520e686a,transfer,1ec4572a5900b11b10ce,101,coverage,0.0
F1,any_tool_error,content,042ae2a6f1bbd663e541,same,3d766f486bde3697fcfe,101,capacity,0.0
F1,any_tool_error,routing,042ae2a6f1bbd663e541,same,3d766f486bde3697fcfe,101,capacity,0.0
F1,any_tool_error,interaction,042ae2a6f1bbd663e541,same,3d766f486bde3697fcfe,101,capacity,0.0
F1,any_tool_error,content,042ae2a6f1bbd663e541,transfer,6f6932a6216fc5333006,101,capacity,0.0
F1,any_tool_error,routing,042ae2a6f1bbd663e541,transfer,6f6932a6216fc5333006,101,capacity,0.0
F1,any_tool_error,interaction,042ae2a6f1bbd663e541,transfer,6f6932a6216fc5333006,101,capacity,0.0
F1,any_tool_error,content,0929170251c4d40d7e20,same,e8594d2118c07c5a1814,101,penalty,0.0
F1,any_tool_error,routing,0929170251c4d40d7e20,same,e8594d2118c07c5a1814,101,penalty,0.0
F1,any_tool_error,interaction,0929170251c4d40d7e20,same,e8594d2118c07c5a1814,101,penalty,0.0
F1,any_tool_error,content,0929170251c4d40d7e20,transfer,c629ad33503d7610097b,101,penalty,-0.5
F1,any_tool_error,routing,0929170251c4d40d7e20,transfer,c629ad33503d7610097b,101,penalty,0.5
F1,any_tool_error,interaction,0929170251c4d40d7e20,transfer,c629ad33503d7610097b,101,penalty,-1.0
F1,any_tool_error,content,09ee9367f1a3ee020716,same,ec91af86b6083e2953b5,101,storage,0.0
F1,any_tool_error,routing,09ee9367f1a3ee020716,same,ec91af86b6083e2953b5,101,storage,0.0
F1,any_tool_error,interaction,09ee9367f1a3ee020716,same,ec91af86b6083e2953b5,101,storage,0.0
F1,any_tool_error,content,09ee9367f1a3ee020716,transfer,5e182303f627200f5cf2,101,storage,-0.5
F1,any_tool_error,routing,09ee9367f1a3ee020716,transfer,5e182303f627200f5cf2,101,storage,-0.5
F1,any_tool_error,interaction,09ee9367f1a3ee020716,transfer,5e182303f627200f5cf2,101,storage,-1.0
F1,any_tool_error,content,25f8b084653617d1e405,same,79d2add418d743759775,101,coverage,0.0
F1,any_tool_error,routing,25f8b084653617d1e405,same,79d2add418d743759775,101,coverage,0.0
F1,any_tool_error,interaction,25f8b084653617d1e405,same,79d2add418d743759775,101,coverage,0.0
F1,any_tool_error,content,25f8b084653617d1e405,transfer,33bc5de6e9494599f629,101,coverage,-0.5
F1,any_tool_error,routing,25f8b084653617d1e405,transfer,33bc5de6e9494599f629,101,coverage,-0.5
F1,any_tool_error,interaction,25f8b084653617d1e405,transfer,33bc5de6e9494599f629,101,coverage,-1.0
F1,any_tool_error,content,2b668e273b98c894674a,same,6817ab3bf1695d6b3fe5,101,energy,-0.5
F1,any_tool_error,routing,2b668e273b98c894674a,same,6817ab3bf1695d6b3fe5,101,energy,0.5
F1,any_tool_error,interaction,2b668e273b98c894674a,same,6817ab3bf1695d6b3fe5,101,energy,1.0
F1,any_tool_error,content,2b668e273b98c894674a,transfer,432b90738c3f2452a0c8,101,energy,0.0
F1,any_tool_error,routing,2b668e273b98c894674a,transfer,432b90738c3f2452a0c8,101,energy,0.0
F1,any_tool_error,interaction,2b668e273b98c894674a,transfer,432b90738c3f2452a0c8,101,energy,0.0
F1,any_tool_error,content,3853022bab19520e686a,same,71980ea830c302a5bcd3,101,coverage,0.0
F1,any_tool_error,routing,3853022bab19520e686a,same,71980ea830c302a5bcd3,101,coverage,0.0
F1,any_tool_error,interaction,3853022bab19520e686a,same,71980ea830c302a5bcd3,101,coverage,0.0
F1,any_tool_error,content,3853022bab19520e686a,transfer,1ec4572a5900b11b10ce,101,coverage,0.5
F1,any_tool_error,routing,3853022bab19520e686a,transfer,1ec4572a5900b11b10ce,101,coverage,0.5
F1,any_tool_error,interaction,3853022bab19520e686a,transfer,1ec4572a5900b11b10ce,101,coverage,1.0
F1,budget_ceiling,content,042ae2a6f1bbd663e541,same,3d766f486bde3697fcfe,101,capacity,0.0
F1,budget_ceiling,routing,042ae2a6f1bbd663e541,same,3d766f486bde3697fcfe,101,capacity,0.0
F1,budget_ceiling,interaction,042ae2a6f1bbd663e541,same,3d766f486bde3697fcfe,101,capacity,0.0
F1,budget_ceiling,content,042ae2a6f1bbd663e541,transfer,6f6932a6216fc5333006,101,capacity,0.0
F1,budget_ceiling,routing,042ae2a6f1bbd663e541,transfer,6f6932a6216fc5333006,101,capacity,0.0
F1,budget_ceiling,interaction,042ae2a6f1bbd663e541,transfer,6f6932a6216fc5333006,101,capacity,0.0
F1,budget_ceiling,content,0929170251c4d40d7e20,same,e8594d2118c07c5a1814,101,penalty,0.0
F1,budget_ceiling,routing,0929170251c4d40d7e20,same,e8594d2118c07c5a1814,101,penalty,0.0
F1,budget_ceiling,interaction,0929170251c4d40d7e20,same,e8594d2118c07c5a1814,101,penalty,0.0
F1,budget_ceiling,content,0929170251c4d40d7e20,transfer,c629ad33503d7610097b,101,penalty,0.0
F1,budget_ceiling,routing,0929170251c4d40d7e20,transfer,c629ad33503d7610097b,101,penalty,0.0
F1,budget_ceiling,interaction,0929170251c4d40d7e20,transfer,c629ad33503d7610097b,101,penalty,0.0
F1,budget_ceiling,content,09ee9367f1a3ee020716,same,ec91af86b6083e2953b5,101,storage,0.0
F1,budget_ceiling,routing,09ee9367f1a3ee020716,same,ec91af86b6083e2953b5,101,storage,0.0
F1,budget_ceiling,interaction,09ee9367f1a3ee020716,same,ec91af86b6083e2953b5,101,storage,0.0
F1,budget_ceiling,content,09ee9367f1a3ee020716,transfer,5e182303f627200f5cf2,101,storage,0.0
F1,budget_ceiling,routing,09ee9367f1a3ee020716,transfer,5e182303f627200f5cf2,101,storage,0.0
F1,budget_ceiling,interaction,09ee9367f1a3ee020716,transfer,5e182303f627200f5cf2,101,storage,0.0
F1,budget_ceiling,content,25f8b084653617d1e405,same,79d2add418d743759775,101,coverage,0.0
F1,budget_ceiling,routing,25f8b084653617d1e405,same,79d2add418d743759775,101,coverage,0.0
F1,budget_ceiling,interaction,25f8b084653617d1e405,same,79d2add418d743759775,101,coverage,0.0
F1,budget_ceiling,content,25f8b084653617d1e405,transfer,33bc5de6e9494599f629,101,coverage,0.0
F1,budget_ceiling,routing,25f8b084653617d1e405,transfer,33bc5de6e9494599f629,101,coverage,0.0
F1,budget_ceiling,interaction,25f8b084653617d1e405,transfer,33bc5de6e9494599f629,101,coverage,0.0
F1,budget_ceiling,content,2b668e273b98c894674a,same,6817ab3bf1695d6b3fe5,101,energy,0.0
F1,budget_ceiling,routing,2b668e273b98c894674a,same,6817ab3bf1695d6b3fe5,101,energy,0.0
F1,budget_ceiling,interaction,2b668e273b98c894674a,same,6817ab3bf1695d6b3fe5,101,energy,0.0
F1,budget_ceiling,content,2b668e273b98c894674a,transfer,432b90738c3f2452a0c8,101,energy,0.0
F1,budget_ceiling,routing,2b668e273b98c894674a,transfer,432b90738c3f2452a0c8,101,energy,0.0
F1,budget_ceiling,interaction,2b668e273b98c894674a,transfer,432b90738c3f2452a0c8,101,energy,0.0
F1,budget_ceiling,content,3853022bab19520e686a,same,71980ea830c302a5bcd3,101,coverage,0.0
F1,budget_ceiling,routing,3853022bab19520e686a,same,71980ea830c302a5bcd3,101,coverage,0.0
F1,budget_ceiling,interaction,3853022bab19520e686a,same,71980ea830c302a5bcd3,101,coverage,0.0
F1,budget_ceiling,content,3853022bab19520e686a,transfer,1ec4572a5900b11b10ce,101,coverage,0.0
F1,budget_ceiling,routing,3853022bab19520e686a,transfer,1ec4572a5900b11b10ce,101,coverage,0.0
F1,budget_ceiling,interaction,3853022bab19520e686a,transfer,1ec4572a5900b11b10ce,101,coverage,0.0
F2,first_success,content,02a39a5320597b96fedd,same,e774f186be1e5269714c,101,capacity,0.0
F2,first_success,routing,02a39a5320597b96fedd,same,e774f186be1e5269714c,101,capacity,0.0
F2,first_success,interaction,02a39a5320597b96fedd,same,e774f186be1e5269714c,101,capacity,0.0
F2,first_success,content,02a39a5320597b96fedd,transfer,89e55df7434b1477acdf,101,capacity,0.0
F2,first_success,routing,02a39a5320597b96fedd,transfer,89e55df7434b1477acdf,101,capacity,0.0
F2,first_success,interaction,02a39a5320597b96fedd,transfer,89e55df7434b1477acdf,101,capacity,0.0
F2,first_success,content,106a2be8c3b09c3744b6,same,bb2444843dc023fe637a,101,energy,0.0
F2,first_success,routing,106a2be8c3b09c3744b6,same,bb2444843dc023fe637a,101,energy,0.0
F2,first_success,interaction,106a2be8c3b09c3744b6,same,bb2444843dc023fe637a,101,energy,0.0
F2,first_success,content,106a2be8c3b09c3744b6,transfer,4698caafe8d15b69d12e,101,energy,0.0
F2,first_success,routing,106a2be8c3b09c3744b6,transfer,4698caafe8d15b69d12e,101,energy,0.0
F2,first_success,interaction,106a2be8c3b09c3744b6,transfer,4698caafe8d15b69d12e,101,energy,0.0
F2,first_success,content,1fab7553a93a7929d564,same,f3869c609ea0ea3fba48,101,dispatch,0.0
F2,first_success,routing,1fab7553a93a7929d564,same,f3869c609ea0ea3fba48,101,dispatch,0.0
F2,first_success,interaction,1fab7553a93a7929d564,same,f3869c609ea0ea3fba48,101,dispatch,0.0
F2,first_success,content,1fab7553a93a7929d564,transfer,96740845b77be39efb55,101,dispatch,0.0
F2,first_success,routing,1fab7553a93a7929d564,transfer,96740845b77be39efb55,101,dispatch,0.0
F2,first_success,interaction,1fab7553a93a7929d564,transfer,96740845b77be39efb55,101,dispatch,0.0
F2,first_success,content,2921c8d1b95f8cce6a99,same,c4e02df35c06206f2ea8,101,coverage,0.0
F2,first_success,routing,2921c8d1b95f8cce6a99,same,c4e02df35c06206f2ea8,101,coverage,0.0
F2,first_success,interaction,2921c8d1b95f8cce6a99,same,c4e02df35c06206f2ea8,101,coverage,0.0
F2,first_success,content,2921c8d1b95f8cce6a99,transfer,5d95b77f9a0ff0664ef6,101,coverage,0.0
F2,first_success,routing,2921c8d1b95f8cce6a99,transfer,5d95b77f9a0ff0664ef6,101,coverage,0.0
F2,first_success,interaction,2921c8d1b95f8cce6a99,transfer,5d95b77f9a0ff0664ef6,101,coverage,0.0
F2,first_success,content,377691e3dbc218046453,same,50c70db49767ac2b54fd,101,capacity,0.0
F2,first_success,routing,377691e3dbc218046453,same,50c70db49767ac2b54fd,101,capacity,0.0
F2,first_success,interaction,377691e3dbc218046453,same,50c70db49767ac2b54fd,101,capacity,0.0
F2,first_success,content,377691e3dbc218046453,transfer,c67bdbfd58d0c0fa905f,101,capacity,0.0
F2,first_success,routing,377691e3dbc218046453,transfer,c67bdbfd58d0c0fa905f,101,capacity,0.0
F2,first_success,interaction,377691e3dbc218046453,transfer,c67bdbfd58d0c0fa905f,101,capacity,0.0
F2,first_success,content,56ef83093d6cfbf2d7ac,same,f5ea8b8682fe2061e5e5,101,coverage,0.0
F2,first_success,routing,56ef83093d6cfbf2d7ac,same,f5ea8b8682fe2061e5e5,101,coverage,0.0
F2,first_success,interaction,56ef83093d6cfbf2d7ac,same,f5ea8b8682fe2061e5e5,101,coverage,0.0
F2,first_success,content,56ef83093d6cfbf2d7ac,transfer,969295e5dcacc083b16e,101,coverage,0.0
F2,first_success,routing,56ef83093d6cfbf2d7ac,transfer,969295e5dcacc083b16e,101,coverage,0.0
F2,first_success,interaction,56ef83093d6cfbf2d7ac,transfer,969295e5dcacc083b16e,101,coverage,0.0
F2,final_success,content,02a39a5320597b96fedd,same,e774f186be1e5269714c,101,capacity,0.0
F2,final_success,routing,02a39a5320597b96fedd,same,e774f186be1e5269714c,101,capacity,0.0
F2,final_success,interaction,02a39a5320597b96fedd,same,e774f186be1e5269714c,101,capacity,0.0
F2,final_success,content,02a39a5320597b96fedd,transfer,89e55df7434b1477acdf,101,capacity,0.0
F2,final_success,routing,02a39a5320597b96fedd,transfer,89e55df7434b1477acdf,101,capacity,0.0
F2,final_success,interaction,02a39a5320597b96fedd,transfer,89e55df7434b1477acdf,101,capacity,0.0
F2,final_success,content,106a2be8c3b09c3744b6,same,bb2444843dc023fe637a,101,energy,0.0
F2,final_success,routing,106a2be8c3b09c3744b6,same,bb2444843dc023fe637a,101,energy,0.0
F2,final_success,interaction,106a2be8c3b09c3744b6,same,bb2444843dc023fe637a,101,energy,0.0
F2,final_success,content,106a2be8c3b09c3744b6,transfer,4698caafe8d15b69d12e,101,energy,0.0
F2,final_success,routing,106a2be8c3b09c3744b6,transfer,4698caafe8d15b69d12e,101,energy,0.0
F2,final_success,interaction,106a2be8c3b09c3744b6,transfer,4698caafe8d15b69d12e,101,energy,0.0
F2,final_success,content,1fab7553a93a7929d564,same,f3869c609ea0ea3fba48,101,dispatch,0.0
F2,final_success,routing,1fab7553a93a7929d564,same,f3869c609ea0ea3fba48,101,dispatch,0.0
F2,final_success,interaction,1fab7553a93a7929d564,same,f3869c609ea0ea3fba48,101,dispatch,0.0
F2,final_success,content,1fab7553a93a7929d564,transfer,96740845b77be39efb55,101,dispatch,0.0
F2,final_success,routing,1fab7553a93a7929d564,transfer,96740845b77be39efb55,101,dispatch,0.0
F2,final_success,interaction,1fab7553a93a7929d564,transfer,96740845b77be39efb55,101,dispatch,0.0
F2,final_success,content,2921c8d1b95f8cce6a99,same,c4e02df35c06206f2ea8,101,coverage,0.0
F2,final_success,routing,2921c8d1b95f8cce6a99,same,c4e02df35c06206f2ea8,101,coverage,0.0
F2,final_success,interaction,2921c8d1b95f8cce6a99,same,c4e02df35c06206f2ea8,101,coverage,0.0
F2,final_success,content,2921c8d1b95f8cce6a99,transfer,5d95b77f9a0ff0664ef6,101,coverage,0.0
F2,final_success,routing,2921c8d1b95f8cce6a99,transfer,5d95b77f9a0ff0664ef6,101,coverage,0.0
F2,final_success,interaction,2921c8d1b95f8cce6a99,transfer,5d95b77f9a0ff0664ef6,101,coverage,0.0
F2,final_success,content,377691e3dbc218046453,same,50c70db49767ac2b54fd,101,capacity,0.0
F2,final_success,routing,377691e3dbc218046453,same,50c70db49767ac2b54fd,101,capacity,0.0
F2,final_success,interaction,377691e3dbc218046453,same,50c70db49767ac2b54fd,101,capacity,0.0
F2,final_success,content,377691e3dbc218046453,transfer,c67bdbfd58d0c0fa905f,101,capacity,0.0
F2,final_success,routing,377691e3dbc218046453,transfer,c67bdbfd58d0c0fa905f,101,capacity,0.0
F2,final_success,interaction,377691e3dbc218046453,transfer,c67bdbfd58d0c0fa905f,101,capacity,0.0
F2,final_success,content,56ef83093d6cfbf2d7ac,same,f5ea8b8682fe2061e5e5,101,coverage,0.0
F2,final_success,routing,56ef83093d6cfbf2d7ac,same,f5ea8b8682fe2061e5e5,101,coverage,0.0
F2,final_success,interaction,56ef83093d6cfbf2d7ac,same,f5ea8b8682fe2061e5e5,101,coverage,0.0
F2,final_success,content,56ef83093d6cfbf2d7ac,transfer,969295e5dcacc083b16e,101,coverage,0.0
F2,final_success,routing,56ef83093d6cfbf2d7ac,transfer,969295e5dcacc083b16e,101,coverage,0.0
F2,final_success,interaction,56ef83093d6cfbf2d7ac,transfer,969295e5dcacc083b16e,101,coverage,0.0
F2,abstained,content,02a39a5320597b96fedd,same,e774f186be1e5269714c,101,capacity,0.0
F2,abstained,routing,02a39a5320597b96fedd,same,e774f186be1e5269714c,101,capacity,0.0
F2,abstained,interaction,02a39a5320597b96fedd,same,e774f186be1e5269714c,101,capacity,0.0
F2,abstained,content,02a39a5320597b96fedd,transfer,89e55df7434b1477acdf,101,capacity,1.0
F2,abstained,routing,02a39a5320597b96fedd,transfer,89e55df7434b1477acdf,101,capacity,0.0
F2,abstained,interaction,02a39a5320597b96fedd,transfer,89e55df7434b1477acdf,101,capacity,0.0
F2,abstained,content,106a2be8c3b09c3744b6,same,bb2444843dc023fe637a,101,energy,0.0
F2,abstained,routing,106a2be8c3b09c3744b6,same,bb2444843dc023fe637a,101,energy,0.0
F2,abstained,interaction,106a2be8c3b09c3744b6,same,bb2444843dc023fe637a,101,energy,0.0
F2,abstained,content,106a2be8c3b09c3744b6,transfer,4698caafe8d15b69d12e,101,energy,1.0
F2,abstained,routing,106a2be8c3b09c3744b6,transfer,4698caafe8d15b69d12e,101,energy,0.0
F2,abstained,interaction,106a2be8c3b09c3744b6,transfer,4698caafe8d15b69d12e,101,energy,0.0
F2,abstained,content,1fab7553a93a7929d564,same,f3869c609ea0ea3fba48,101,dispatch,0.0
F2,abstained,routing,1fab7553a93a7929d564,same,f3869c609ea0ea3fba48,101,dispatch,-1.0
F2,abstained,interaction,1fab7553a93a7929d564,same,f3869c609ea0ea3fba48,101,dispatch,0.0
F2,abstained,content,1fab7553a93a7929d564,transfer,96740845b77be39efb55,101,dispatch,0.0
F2,abstained,routing,1fab7553a93a7929d564,transfer,96740845b77be39efb55,101,dispatch,0.0
F2,abstained,interaction,1fab7553a93a7929d564,transfer,96740845b77be39efb55,101,dispatch,0.0
F2,abstained,content,2921c8d1b95f8cce6a99,same,c4e02df35c06206f2ea8,101,coverage,-1.0
F2,abstained,routing,2921c8d1b95f8cce6a99,same,c4e02df35c06206f2ea8,101,coverage,0.0
F2,abstained,interaction,2921c8d1b95f8cce6a99,same,c4e02df35c06206f2ea8,101,coverage,0.0
F2,abstained,content,2921c8d1b95f8cce6a99,transfer,5d95b77f9a0ff0664ef6,101,coverage,1.0
F2,abstained,routing,2921c8d1b95f8cce6a99,transfer,5d95b77f9a0ff0664ef6,101,coverage,0.0
F2,abstained,interaction,2921c8d1b95f8cce6a99,transfer,5d95b77f9a0ff0664ef6,101,coverage,0.0
F2,abstained,content,377691e3dbc218046453,same,50c70db49767ac2b54fd,101,capacity,0.0
F2,abstained,routing,377691e3dbc218046453,same,50c70db49767ac2b54fd,101,capacity,0.0
F2,abstained,interaction,377691e3dbc218046453,same,50c70db49767ac2b54fd,101,capacity,0.0
F2,abstained,content,377691e3dbc218046453,transfer,c67bdbfd58d0c0fa905f,101,capacity,0.5
F2,abstained,routing,377691e3dbc218046453,transfer,c67bdbfd58d0c0fa905f,101,capacity,0.5
F2,abstained,interaction,377691e3dbc218046453,transfer,c67bdbfd58d0c0fa905f,101,capacity,1.0
F2,abstained,content,56ef83093d6cfbf2d7ac,same,f5ea8b8682fe2061e5e5,101,coverage,-0.5
F2,abstained,routing,56ef83093d6cfbf2d7ac,same,f5ea8b8682fe2061e5e5,101,coverage,-0.5
F2,abstained,interaction,56ef83093d6cfbf2d7ac,same,f5ea8b8682fe2061e5e5,101,coverage,1.0
F2,abstained,content,56ef83093d6cfbf2d7ac,transfer,969295e5dcacc083b16e,101,coverage,1.0
F2,abstained,routing,56ef83093d6cfbf2d7ac,transfer,969295e5dcacc083b16e,101,coverage,0.0
F2,abstained,interaction,56ef83093d6cfbf2d7ac,transfer,969295e5dcacc083b16e,101,coverage,0.0
F2,recurrence,content,02a39a5320597b96fedd,same,e774f186be1e5269714c,101,capacity,0.0
F2,recurrence,routing,02a39a5320597b96fedd,same,e774f186be1e5269714c,101,capacity,0.0
F2,recurrence,interaction,02a39a5320597b96fedd,same,e774f186be1e5269714c,101,capacity,0.0
F2,recurrence,content,02a39a5320597b96fedd,transfer,89e55df7434b1477acdf,101,capacity,-1.0
F2,recurrence,routing,02a39a5320597b96fedd,transfer,89e55df7434b1477acdf,101,capacity,0.0
F2,recurrence,interaction,02a39a5320597b96fedd,transfer,89e55df7434b1477acdf,101,capacity,0.0
F2,recurrence,content,106a2be8c3b09c3744b6,same,bb2444843dc023fe637a,101,energy,0.0
F2,recurrence,routing,106a2be8c3b09c3744b6,same,bb2444843dc023fe637a,101,energy,0.0
F2,recurrence,interaction,106a2be8c3b09c3744b6,same,bb2444843dc023fe637a,101,energy,0.0
F2,recurrence,content,106a2be8c3b09c3744b6,transfer,4698caafe8d15b69d12e,101,energy,0.0
F2,recurrence,routing,106a2be8c3b09c3744b6,transfer,4698caafe8d15b69d12e,101,energy,0.0
F2,recurrence,interaction,106a2be8c3b09c3744b6,transfer,4698caafe8d15b69d12e,101,energy,0.0
F2,recurrence,content,1fab7553a93a7929d564,same,f3869c609ea0ea3fba48,101,dispatch,0.0
F2,recurrence,routing,1fab7553a93a7929d564,same,f3869c609ea0ea3fba48,101,dispatch,1.0
F2,recurrence,interaction,1fab7553a93a7929d564,same,f3869c609ea0ea3fba48,101,dispatch,0.0
F2,recurrence,content,1fab7553a93a7929d564,transfer,96740845b77be39efb55,101,dispatch,-1.0
F2,recurrence,routing,1fab7553a93a7929d564,transfer,96740845b77be39efb55,101,dispatch,0.0
F2,recurrence,interaction,1fab7553a93a7929d564,transfer,96740845b77be39efb55,101,dispatch,0.0
F2,recurrence,content,2921c8d1b95f8cce6a99,same,c4e02df35c06206f2ea8,101,coverage,1.0
F2,recurrence,routing,2921c8d1b95f8cce6a99,same,c4e02df35c06206f2ea8,101,coverage,0.0
F2,recurrence,interaction,2921c8d1b95f8cce6a99,same,c4e02df35c06206f2ea8,101,coverage,0.0
F2,recurrence,content,2921c8d1b95f8cce6a99,transfer,5d95b77f9a0ff0664ef6,101,coverage,-1.0
F2,recurrence,routing,2921c8d1b95f8cce6a99,transfer,5d95b77f9a0ff0664ef6,101,coverage,0.0
F2,recurrence,interaction,2921c8d1b95f8cce6a99,transfer,5d95b77f9a0ff0664ef6,101,coverage,0.0
F2,recurrence,content,377691e3dbc218046453,same,50c70db49767ac2b54fd,101,capacity,0.0
F2,recurrence,routing,377691e3dbc218046453,same,50c70db49767ac2b54fd,101,capacity,0.0
F2,recurrence,interaction,377691e3dbc218046453,same,50c70db49767ac2b54fd,101,capacity,0.0
F2,recurrence,content,377691e3dbc218046453,transfer,c67bdbfd58d0c0fa905f,101,capacity,-0.5
F2,recurrence,routing,377691e3dbc218046453,transfer,c67bdbfd58d0c0fa905f,101,capacity,-0.5
F2,recurrence,interaction,377691e3dbc218046453,transfer,c67bdbfd58d0c0fa905f,101,capacity,-1.0
F2,recurrence,content,56ef83093d6cfbf2d7ac,same,f5ea8b8682fe2061e5e5,101,coverage,0.5
F2,recurrence,routing,56ef83093d6cfbf2d7ac,same,f5ea8b8682fe2061e5e5,101,coverage,0.5
F2,recurrence,interaction,56ef83093d6cfbf2d7ac,same,f5ea8b8682fe2061e5e5,101,coverage,-1.0
F2,recurrence,content,56ef83093d6cfbf2d7ac,transfer,969295e5dcacc083b16e,101,coverage,-1.0
F2,recurrence,routing,56ef83093d6cfbf2d7ac,transfer,969295e5dcacc083b16e,101,coverage,0.0
F2,recurrence,interaction,56ef83093d6cfbf2d7ac,transfer,969295e5dcacc083b16e,101,coverage,0.0
F2,target_avoided_but_failed,content,02a39a5320597b96fedd,same,e774f186be1e5269714c,101,capacity,0.0
F2,target_avoided_but_failed,routing,02a39a5320597b96fedd,same,e774f186be1e5269714c,101,capacity,0.0
F2,target_avoided_but_failed,interaction,02a39a5320597b96fedd,same,e774f186be1e5269714c,101,capacity,0.0
F2,target_avoided_but_failed,content,02a39a5320597b96fedd,transfer,89e55df7434b1477acdf,101,capacity,1.0
F2,target_avoided_but_failed,routing,02a39a5320597b96fedd,transfer,89e55df7434b1477acdf,101,capacity,0.0
F2,target_avoided_but_failed,interaction,02a39a5320597b96fedd,transfer,89e55df7434b1477acdf,101,capacity,0.0
F2,target_avoided_but_failed,content,106a2be8c3b09c3744b6,same,bb2444843dc023fe637a,101,energy,0.0
F2,target_avoided_but_failed,routing,106a2be8c3b09c3744b6,same,bb2444843dc023fe637a,101,energy,0.0
F2,target_avoided_but_failed,interaction,106a2be8c3b09c3744b6,same,bb2444843dc023fe637a,101,energy,0.0
F2,target_avoided_but_failed,content,106a2be8c3b09c3744b6,transfer,4698caafe8d15b69d12e,101,energy,0.0
F2,target_avoided_but_failed,routing,106a2be8c3b09c3744b6,transfer,4698caafe8d15b69d12e,101,energy,0.0
F2,target_avoided_but_failed,interaction,106a2be8c3b09c3744b6,transfer,4698caafe8d15b69d12e,101,energy,0.0
F2,target_avoided_but_failed,content,1fab7553a93a7929d564,same,f3869c609ea0ea3fba48,101,dispatch,0.0
F2,target_avoided_but_failed,routing,1fab7553a93a7929d564,same,f3869c609ea0ea3fba48,101,dispatch,-1.0
F2,target_avoided_but_failed,interaction,1fab7553a93a7929d564,same,f3869c609ea0ea3fba48,101,dispatch,0.0
F2,target_avoided_but_failed,content,1fab7553a93a7929d564,transfer,96740845b77be39efb55,101,dispatch,1.0
F2,target_avoided_but_failed,routing,1fab7553a93a7929d564,transfer,96740845b77be39efb55,101,dispatch,0.0
F2,target_avoided_but_failed,interaction,1fab7553a93a7929d564,transfer,96740845b77be39efb55,101,dispatch,0.0
F2,target_avoided_but_failed,content,2921c8d1b95f8cce6a99,same,c4e02df35c06206f2ea8,101,coverage,-1.0
F2,target_avoided_but_failed,routing,2921c8d1b95f8cce6a99,same,c4e02df35c06206f2ea8,101,coverage,0.0
F2,target_avoided_but_failed,interaction,2921c8d1b95f8cce6a99,same,c4e02df35c06206f2ea8,101,coverage,0.0
F2,target_avoided_but_failed,content,2921c8d1b95f8cce6a99,transfer,5d95b77f9a0ff0664ef6,101,coverage,1.0
F2,target_avoided_but_failed,routing,2921c8d1b95f8cce6a99,transfer,5d95b77f9a0ff0664ef6,101,coverage,0.0
F2,target_avoided_but_failed,interaction,2921c8d1b95f8cce6a99,transfer,5d95b77f9a0ff0664ef6,101,coverage,0.0
F2,target_avoided_but_failed,content,377691e3dbc218046453,same,50c70db49767ac2b54fd,101,capacity,0.0
F2,target_avoided_but_failed,routing,377691e3dbc218046453,same,50c70db49767ac2b54fd,101,capacity,0.0
F2,target_avoided_but_failed,interaction,377691e3dbc218046453,same,50c70db49767ac2b54fd,101,capacity,0.0
F2,target_avoided_but_failed,content,377691e3dbc218046453,transfer,c67bdbfd58d0c0fa905f,101,capacity,0.5
F2,target_avoided_but_failed,routing,377691e3dbc218046453,transfer,c67bdbfd58d0c0fa905f,101,capacity,0.5
F2,target_avoided_but_failed,interaction,377691e3dbc218046453,transfer,c67bdbfd58d0c0fa905f,101,capacity,1.0
F2,target_avoided_but_failed,content,56ef83093d6cfbf2d7ac,same,f5ea8b8682fe2061e5e5,101,coverage,-0.5
F2,target_avoided_but_failed,routing,56ef83093d6cfbf2d7ac,same,f5ea8b8682fe2061e5e5,101,coverage,-0.5
F2,target_avoided_but_failed,interaction,56ef83093d6cfbf2d7ac,same,f5ea8b8682fe2061e5e5,101,coverage,1.0
F2,target_avoided_but_failed,content,56ef83093d6cfbf2d7ac,transfer,969295e5dcacc083b16e,101,coverage,1.0
F2,target_avoided_but_failed,routing,56ef83093d6cfbf2d7ac,transfer,969295e5dcacc083b16e,101,coverage,0.0
F2,target_avoided_but_failed,interaction,56ef83093d6cfbf2d7ac,transfer,969295e5dcacc083b16e,101,coverage,0.0
F2,any_new_error,content,02a39a5320597b96fedd,same,e774f186be1e5269714c,101,capacity,0.0
F2,any_new_error,routing,02a39a5320597b96fedd,same,e774f186be1e5269714c,101,capacity,0.0
F2,any_new_error,interaction,02a39a5320597b96fedd,same,e774f186be1e5269714c,101,capacity,0.0
F2,any_new_error,content,02a39a5320597b96fedd,transfer,89e55df7434b1477acdf,101,capacity,-1.0
F2,any_new_error,routing,02a39a5320597b96fedd,transfer,89e55df7434b1477acdf,101,capacity,0.0
F2,any_new_error,interaction,02a39a5320597b96fedd,transfer,89e55df7434b1477acdf,101,capacity,0.0
F2,any_new_error,content,106a2be8c3b09c3744b6,same,bb2444843dc023fe637a,101,energy,0.0
F2,any_new_error,routing,106a2be8c3b09c3744b6,same,bb2444843dc023fe637a,101,energy,0.0
F2,any_new_error,interaction,106a2be8c3b09c3744b6,same,bb2444843dc023fe637a,101,energy,0.0
F2,any_new_error,content,106a2be8c3b09c3744b6,transfer,4698caafe8d15b69d12e,101,energy,-1.0
F2,any_new_error,routing,106a2be8c3b09c3744b6,transfer,4698caafe8d15b69d12e,101,energy,0.0
F2,any_new_error,interaction,106a2be8c3b09c3744b6,transfer,4698caafe8d15b69d12e,101,energy,0.0
F2,any_new_error,content,1fab7553a93a7929d564,same,f3869c609ea0ea3fba48,101,dispatch,0.0
F2,any_new_error,routing,1fab7553a93a7929d564,same,f3869c609ea0ea3fba48,101,dispatch,1.0
F2,any_new_error,interaction,1fab7553a93a7929d564,same,f3869c609ea0ea3fba48,101,dispatch,0.0
F2,any_new_error,content,1fab7553a93a7929d564,transfer,96740845b77be39efb55,101,dispatch,0.0
F2,any_new_error,routing,1fab7553a93a7929d564,transfer,96740845b77be39efb55,101,dispatch,0.0
F2,any_new_error,interaction,1fab7553a93a7929d564,transfer,96740845b77be39efb55,101,dispatch,0.0
F2,any_new_error,content,2921c8d1b95f8cce6a99,same,c4e02df35c06206f2ea8,101,coverage,1.0
F2,any_new_error,routing,2921c8d1b95f8cce6a99,same,c4e02df35c06206f2ea8,101,coverage,0.0
F2,any_new_error,interaction,2921c8d1b95f8cce6a99,same,c4e02df35c06206f2ea8,101,coverage,0.0
F2,any_new_error,content,2921c8d1b95f8cce6a99,transfer,5d95b77f9a0ff0664ef6,101,coverage,-1.0
F2,any_new_error,routing,2921c8d1b95f8cce6a99,transfer,5d95b77f9a0ff0664ef6,101,coverage,0.0
F2,any_new_error,interaction,2921c8d1b95f8cce6a99,transfer,5d95b77f9a0ff0664ef6,101,coverage,0.0
F2,any_new_error,content,377691e3dbc218046453,same,50c70db49767ac2b54fd,101,capacity,0.0
F2,any_new_error,routing,377691e3dbc218046453,same,50c70db49767ac2b54fd,101,capacity,0.0
F2,any_new_error,interaction,377691e3dbc218046453,same,50c70db49767ac2b54fd,101,capacity,0.0
F2,any_new_error,content,377691e3dbc218046453,transfer,c67bdbfd58d0c0fa905f,101,capacity,-0.5
F2,any_new_error,routing,377691e3dbc218046453,transfer,c67bdbfd58d0c0fa905f,101,capacity,-0.5
F2,any_new_error,interaction,377691e3dbc218046453,transfer,c67bdbfd58d0c0fa905f,101,capacity,-1.0
F2,any_new_error,content,56ef83093d6cfbf2d7ac,same,f5ea8b8682fe2061e5e5,101,coverage,0.5
F2,any_new_error,routing,56ef83093d6cfbf2d7ac,same,f5ea8b8682fe2061e5e5,101,coverage,0.5
F2,any_new_error,interaction,56ef83093d6cfbf2d7ac,same,f5ea8b8682fe2061e5e5,101,coverage,-1.0
F2,any_new_error,content,56ef83093d6cfbf2d7ac,transfer,969295e5dcacc083b16e,101,coverage,-1.0
F2,any_new_error,routing,56ef83093d6cfbf2d7ac,transfer,969295e5dcacc083b16e,101,coverage,0.0
F2,any_new_error,interaction,56ef83093d6cfbf2d7ac,transfer,969295e5dcacc083b16e,101,coverage,0.0
F2,any_tool_error,content,02a39a5320597b96fedd,same,e774f186be1e5269714c,101,capacity,-0.5
F2,any_tool_error,routing,02a39a5320597b96fedd,same,e774f186be1e5269714c,101,capacity,0.5
F2,any_tool_error,interaction,02a39a5320597b96fedd,same,e774f186be1e5269714c,101,capacity,-1.0
F2,any_tool_error,content,02a39a5320597b96fedd,transfer,89e55df7434b1477acdf,101,capacity,0.0
F2,any_tool_error,routing,02a39a5320597b96fedd,transfer,89e55df7434b1477acdf,101,capacity,0.0
F2,any_tool_error,interaction,02a39a5320597b96fedd,transfer,89e55df7434b1477acdf,101,capacity,0.0
F2,any_tool_error,content,106a2be8c3b09c3744b6,same,bb2444843dc023fe637a,101,energy,0.5
F2,any_tool_error,routing,106a2be8c3b09c3744b6,same,bb2444843dc023fe637a,101,energy,-0.5
F2,any_tool_error,interaction,106a2be8c3b09c3744b6,same,bb2444843dc023fe637a,101,energy,-1.0
F2,any_tool_error,content,106a2be8c3b09c3744b6,transfer,4698caafe8d15b69d12e,101,energy,1.0
F2,any_tool_error,routing,106a2be8c3b09c3744b6,transfer,4698caafe8d15b69d12e,101,energy,0.0
F2,any_tool_error,interaction,106a2be8c3b09c3744b6,transfer,4698caafe8d15b69d12e,101,energy,0.0
F2,any_tool_error,content,1fab7553a93a7929d564,same,f3869c609ea0ea3fba48,101,dispatch,0.5
F2,any_tool_error,routing,1fab7553a93a7929d564,same,f3869c609ea0ea3fba48,101,dispatch,-0.5
F2,any_tool_error,interaction,1fab7553a93a7929d564,same,f3869c609ea0ea3fba48,101,dispatch,1.0
F2,any_tool_error,content,1fab7553a93a7929d564,transfer,96740845b77be39efb55,101,dispatch,0.0
F2,any_tool_error,routing,1fab7553a93a7929d564,transfer,96740845b77be39efb55,101,dispatch,0.0
F2,any_tool_error,interaction,1fab7553a93a7929d564,transfer,96740845b77be39efb55,101,dispatch,2.0
F2,any_tool_error,content,2921c8d1b95f8cce6a99,same,c4e02df35c06206f2ea8,101,coverage,0.0
F2,any_tool_error,routing,2921c8d1b95f8cce6a99,same,c4e02df35c06206f2ea8,101,coverage,0.0
F2,any_tool_error,interaction,2921c8d1b95f8cce6a99,same,c4e02df35c06206f2ea8,101,coverage,0.0
F2,any_tool_error,content,2921c8d1b95f8cce6a99,transfer,5d95b77f9a0ff0664ef6,101,coverage,0.0
F2,any_tool_error,routing,2921c8d1b95f8cce6a99,transfer,5d95b77f9a0ff0664ef6,101,coverage,0.0
F2,any_tool_error,interaction,2921c8d1b95f8cce6a99,transfer,5d95b77f9a0ff0664ef6,101,coverage,0.0
F2,any_tool_error,content,377691e3dbc218046453,same,50c70db49767ac2b54fd,101,capacity,1.0
F2,any_tool_error,routing,377691e3dbc218046453,same,50c70db49767ac2b54fd,101,capacity,0.0
F2,any_tool_error,interaction,377691e3dbc218046453,same,50c70db49767ac2b54fd,101,capacity,0.0
F2,any_tool_error,content,377691e3dbc218046453,transfer,c67bdbfd58d0c0fa905f,101,capacity,1.0
F2,any_tool_error,routing,377691e3dbc218046453,transfer,c67bdbfd58d0c0fa905f,101,capacity,0.0
F2,any_tool_error,interaction,377691e3dbc218046453,transfer,c67bdbfd58d0c0fa905f,101,capacity,0.0
F2,any_tool_error,content,56ef83093d6cfbf2d7ac,same,f5ea8b8682fe2061e5e5,101,coverage,0.5
F2,any_tool_error,routing,56ef83093d6cfbf2d7ac,same,f5ea8b8682fe2061e5e5,101,coverage,-0.5
F2,any_tool_error,interaction,56ef83093d6cfbf2d7ac,same,f5ea8b8682fe2061e5e5,101,coverage,1.0
F2,any_tool_error,content,56ef83093d6cfbf2d7ac,transfer,969295e5dcacc083b16e,101,coverage,1.0
F2,any_tool_error,routing,56ef83093d6cfbf2d7ac,transfer,969295e5dcacc083b16e,101,coverage,0.0
F2,any_tool_error,interaction,56ef83093d6cfbf2d7ac,transfer,969295e5dcacc083b16e,101,coverage,0.0
F2,budget_ceiling,content,02a39a5320597b96fedd,same,e774f186be1e5269714c,101,capacity,0.0
F2,budget_ceiling,routing,02a39a5320597b96fedd,same,e774f186be1e5269714c,101,capacity,0.0
F2,budget_ceiling,interaction,02a39a5320597b96fedd,same,e774f186be1e5269714c,101,capacity,0.0
F2,budget_ceiling,content,02a39a5320597b96fedd,transfer,89e55df7434b1477acdf,101,capacity,0.0
F2,budget_ceiling,routing,02a39a5320597b96fedd,transfer,89e55df7434b1477acdf,101,capacity,0.0
F2,budget_ceiling,interaction,02a39a5320597b96fedd,transfer,89e55df7434b1477acdf,101,capacity,0.0
F2,budget_ceiling,content,106a2be8c3b09c3744b6,same,bb2444843dc023fe637a,101,energy,0.0
F2,budget_ceiling,routing,106a2be8c3b09c3744b6,same,bb2444843dc023fe637a,101,energy,0.0
F2,budget_ceiling,interaction,106a2be8c3b09c3744b6,same,bb2444843dc023fe637a,101,energy,0.0
F2,budget_ceiling,content,106a2be8c3b09c3744b6,transfer,4698caafe8d15b69d12e,101,energy,0.0
F2,budget_ceiling,routing,106a2be8c3b09c3744b6,transfer,4698caafe8d15b69d12e,101,energy,0.0
F2,budget_ceiling,interaction,106a2be8c3b09c3744b6,transfer,4698caafe8d15b69d12e,101,energy,0.0
F2,budget_ceiling,content,1fab7553a93a7929d564,same,f3869c609ea0ea3fba48,101,dispatch,0.0
F2,budget_ceiling,routing,1fab7553a93a7929d564,same,f3869c609ea0ea3fba48,101,dispatch,0.0
F2,budget_ceiling,interaction,1fab7553a93a7929d564,same,f3869c609ea0ea3fba48,101,dispatch,0.0
F2,budget_ceiling,content,1fab7553a93a7929d564,transfer,96740845b77be39efb55,101,dispatch,0.0
F2,budget_ceiling,routing,1fab7553a93a7929d564,transfer,96740845b77be39efb55,101,dispatch,0.0
F2,budget_ceiling,interaction,1fab7553a93a7929d564,transfer,96740845b77be39efb55,101,dispatch,0.0
F2,budget_ceiling,content,2921c8d1b95f8cce6a99,same,c4e02df35c06206f2ea8,101,coverage,0.0
F2,budget_ceiling,routing,2921c8d1b95f8cce6a99,same,c4e02df35c06206f2ea8,101,coverage,0.0
F2,budget_ceiling,interaction,2921c8d1b95f8cce6a99,same,c4e02df35c06206f2ea8,101,coverage,0.0
F2,budget_ceiling,content,2921c8d1b95f8cce6a99,transfer,5d95b77f9a0ff0664ef6,101,coverage,0.0
F2,budget_ceiling,routing,2921c8d1b95f8cce6a99,transfer,5d95b77f9a0ff0664ef6,101,coverage,0.0
F2,budget_ceiling,interaction,2921c8d1b95f8cce6a99,transfer,5d95b77f9a0ff0664ef6,101,coverage,0.0
F2,budget_ceiling,content,377691e3dbc218046453,same,50c70db49767ac2b54fd,101,capacity,0.0
F2,budget_ceiling,routing,377691e3dbc218046453,same,50c70db49767ac2b54fd,101,capacity,0.0
F2,budget_ceiling,interaction,377691e3dbc218046453,same,50c70db49767ac2b54fd,101,capacity,0.0
F2,budget_ceiling,content,377691e3dbc218046453,transfer,c67bdbfd58d0c0fa905f,101,capacity,0.0
F2,budget_ceiling,routing,377691e3dbc218046453,transfer,c67bdbfd58d0c0fa905f,101,capacity,0.0
F2,budget_ceiling,interaction,377691e3dbc218046453,transfer,c67bdbfd58d0c0fa905f,101,capacity,0.0
F2,budget_ceiling,content,56ef83093d6cfbf2d7ac,same,f5ea8b8682fe2061e5e5,101,coverage,0.0
F2,budget_ceiling,routing,56ef83093d6cfbf2d7ac,same,f5ea8b8682fe2061e5e5,101,coverage,0.0
F2,budget_ceiling,interaction,56ef83093d6cfbf2d7ac,same,f5ea8b8682fe2061e5e5,101,coverage,0.0
F2,budget_ceiling,content,56ef83093d6cfbf2d7ac,transfer,969295e5dcacc083b16e,101,coverage,0.0
F2,budget_ceiling,routing,56ef83093d6cfbf2d7ac,transfer,969295e5dcacc083b16e,101,coverage,0.0
F2,budget_ceiling,interaction,56ef83093d6cfbf2d7ac,transfer,969295e5dcacc083b16e,101,coverage,0.0
F3,first_success,content,06496beef241512a18eb,same,b72394b366ea85326e24,101,energy,0.0
F3,first_success,routing,06496beef241512a18eb,same,b72394b366ea85326e24,101,energy,0.0
F3,first_success,interaction,06496beef241512a18eb,same,b72394b366ea85326e24,101,energy,0.0
F3,first_success,content,06496beef241512a18eb,transfer,59cec6cf031f1b4641d6,101,energy,0.0
F3,first_success,routing,06496beef241512a18eb,transfer,59cec6cf031f1b4641d6,101,energy,0.0
F3,first_success,interaction,06496beef241512a18eb,transfer,59cec6cf031f1b4641d6,101,energy,0.0
F3,first_success,content,089c614941a92a189165,same,ead4ff284929e064707f,101,penalty,0.0
F3,first_success,routing,089c614941a92a189165,same,ead4ff284929e064707f,101,penalty,0.0
F3,first_success,interaction,089c614941a92a189165,same,ead4ff284929e064707f,101,penalty,0.0
F3,first_success,content,089c614941a92a189165,transfer,7d003427097c9bde2d35,101,penalty,0.0
F3,first_success,routing,089c614941a92a189165,transfer,7d003427097c9bde2d35,101,penalty,0.0
F3,first_success,interaction,089c614941a92a189165,transfer,7d003427097c9bde2d35,101,penalty,0.0
F3,first_success,content,0f3b157a54e7a958f30f,same,a7215a5e45561cf480c3,101,dispatch,0.0
F3,first_success,routing,0f3b157a54e7a958f30f,same,a7215a5e45561cf480c3,101,dispatch,0.0
F3,first_success,interaction,0f3b157a54e7a958f30f,same,a7215a5e45561cf480c3,101,dispatch,0.0
F3,first_success,content,0f3b157a54e7a958f30f,transfer,e9eef8850639ebde4807,101,dispatch,0.0
F3,first_success,routing,0f3b157a54e7a958f30f,transfer,e9eef8850639ebde4807,101,dispatch,0.0
F3,first_success,interaction,0f3b157a54e7a958f30f,transfer,e9eef8850639ebde4807,101,dispatch,0.0
F3,first_success,content,11cf04f57e7cf62693fc,same,209b7551f727fc51506e,101,storage,0.0
F3,first_success,routing,11cf04f57e7cf62693fc,same,209b7551f727fc51506e,101,storage,0.0
F3,first_success,interaction,11cf04f57e7cf62693fc,same,209b7551f727fc51506e,101,storage,0.0
F3,first_success,content,11cf04f57e7cf62693fc,transfer,710e4b81f0caf532f31b,101,storage,0.0
F3,first_success,routing,11cf04f57e7cf62693fc,transfer,710e4b81f0caf532f31b,101,storage,0.0
F3,first_success,interaction,11cf04f57e7cf62693fc,transfer,710e4b81f0caf532f31b,101,storage,0.0
F3,first_success,content,16ef7bc916003e74169e,same,c8d453f09e389cec26cf,101,capacity,0.0
F3,first_success,routing,16ef7bc916003e74169e,same,c8d453f09e389cec26cf,101,capacity,0.0
F3,first_success,interaction,16ef7bc916003e74169e,same,c8d453f09e389cec26cf,101,capacity,0.0
F3,first_success,content,16ef7bc916003e74169e,transfer,989814b7f01cf3a7b647,101,capacity,0.0
F3,first_success,routing,16ef7bc916003e74169e,transfer,989814b7f01cf3a7b647,101,capacity,0.0
F3,first_success,interaction,16ef7bc916003e74169e,transfer,989814b7f01cf3a7b647,101,capacity,0.0
F3,first_success,content,30919affcdad33f553a0,same,427545bcf63541ec0753,101,coverage,0.0
F3,first_success,routing,30919affcdad33f553a0,same,427545bcf63541ec0753,101,coverage,0.0
F3,first_success,interaction,30919affcdad33f553a0,same,427545bcf63541ec0753,101,coverage,0.0
F3,first_success,content,30919affcdad33f553a0,transfer,9195c26ffc0e47c47675,101,coverage,0.0
F3,first_success,routing,30919affcdad33f553a0,transfer,9195c26ffc0e47c47675,101,coverage,0.0
F3,first_success,interaction,30919affcdad33f553a0,transfer,9195c26ffc0e47c47675,101,coverage,0.0
F3,final_success,content,06496beef241512a18eb,same,b72394b366ea85326e24,101,energy,0.0
F3,final_success,routing,06496beef241512a18eb,same,b72394b366ea85326e24,101,energy,0.0
F3,final_success,interaction,06496beef241512a18eb,same,b72394b366ea85326e24,101,energy,0.0
F3,final_success,content,06496beef241512a18eb,transfer,59cec6cf031f1b4641d6,101,energy,0.0
F3,final_success,routing,06496beef241512a18eb,transfer,59cec6cf031f1b4641d6,101,energy,0.0
F3,final_success,interaction,06496beef241512a18eb,transfer,59cec6cf031f1b4641d6,101,energy,0.0
F3,final_success,content,089c614941a92a189165,same,ead4ff284929e064707f,101,penalty,0.0
F3,final_success,routing,089c614941a92a189165,same,ead4ff284929e064707f,101,penalty,0.0
F3,final_success,interaction,089c614941a92a189165,same,ead4ff284929e064707f,101,penalty,0.0
F3,final_success,content,089c614941a92a189165,transfer,7d003427097c9bde2d35,101,penalty,0.0
F3,final_success,routing,089c614941a92a189165,transfer,7d003427097c9bde2d35,101,penalty,0.0
F3,final_success,interaction,089c614941a92a189165,transfer,7d003427097c9bde2d35,101,penalty,0.0
F3,final_success,content,0f3b157a54e7a958f30f,same,a7215a5e45561cf480c3,101,dispatch,0.0
F3,final_success,routing,0f3b157a54e7a958f30f,same,a7215a5e45561cf480c3,101,dispatch,0.0
F3,final_success,interaction,0f3b157a54e7a958f30f,same,a7215a5e45561cf480c3,101,dispatch,0.0
F3,final_success,content,0f3b157a54e7a958f30f,transfer,e9eef8850639ebde4807,101,dispatch,0.0
F3,final_success,routing,0f3b157a54e7a958f30f,transfer,e9eef8850639ebde4807,101,dispatch,0.0
F3,final_success,interaction,0f3b157a54e7a958f30f,transfer,e9eef8850639ebde4807,101,dispatch,0.0
F3,final_success,content,11cf04f57e7cf62693fc,same,209b7551f727fc51506e,101,storage,0.0
F3,final_success,routing,11cf04f57e7cf62693fc,same,209b7551f727fc51506e,101,storage,0.0
F3,final_success,interaction,11cf04f57e7cf62693fc,same,209b7551f727fc51506e,101,storage,0.0
F3,final_success,content,11cf04f57e7cf62693fc,transfer,710e4b81f0caf532f31b,101,storage,0.0
F3,final_success,routing,11cf04f57e7cf62693fc,transfer,710e4b81f0caf532f31b,101,storage,0.0
F3,final_success,interaction,11cf04f57e7cf62693fc,transfer,710e4b81f0caf532f31b,101,storage,0.0
F3,final_success,content,16ef7bc916003e74169e,same,c8d453f09e389cec26cf,101,capacity,0.0
F3,final_success,routing,16ef7bc916003e74169e,same,c8d453f09e389cec26cf,101,capacity,0.0
F3,final_success,interaction,16ef7bc916003e74169e,same,c8d453f09e389cec26cf,101,capacity,0.0
F3,final_success,content,16ef7bc916003e74169e,transfer,989814b7f01cf3a7b647,101,capacity,0.0
F3,final_success,routing,16ef7bc916003e74169e,transfer,989814b7f01cf3a7b647,101,capacity,0.0
F3,final_success,interaction,16ef7bc916003e74169e,transfer,989814b7f01cf3a7b647,101,capacity,0.0
F3,final_success,content,30919affcdad33f553a0,same,427545bcf63541ec0753,101,coverage,0.0
F3,final_success,routing,30919affcdad33f553a0,same,427545bcf63541ec0753,101,coverage,0.0
F3,final_success,interaction,30919affcdad33f553a0,same,427545bcf63541ec0753,101,coverage,0.0
F3,final_success,content,30919affcdad33f553a0,transfer,9195c26ffc0e47c47675,101,coverage,0.0
F3,final_success,routing,30919affcdad33f553a0,transfer,9195c26ffc0e47c47675,101,coverage,0.0
F3,final_success,interaction,30919affcdad33f553a0,transfer,9195c26ffc0e47c47675,101,coverage,0.0
F3,abstained,content,06496beef241512a18eb,same,b72394b366ea85326e24,101,energy,-0.5
F3,abstained,routing,06496beef241512a18eb,same,b72394b366ea85326e24,101,energy,-0.5
F3,abstained,interaction,06496beef241512a18eb,same,b72394b366ea85326e24,101,energy,1.0
F3,abstained,content,06496beef241512a18eb,transfer,59cec6cf031f1b4641d6,101,energy,0.0
F3,abstained,routing,06496beef241512a18eb,transfer,59cec6cf031f1b4641d6,101,energy,0.0
F3,abstained,interaction,06496beef241512a18eb,transfer,59cec6cf031f1b4641d6,101,energy,0.0
F3,abstained,content,089c614941a92a189165,same,ead4ff284929e064707f,101,penalty,0.5
F3,abstained,routing,089c614941a92a189165,same,ead4ff284929e064707f,101,penalty,-0.5
F3,abstained,interaction,089c614941a92a189165,same,ead4ff284929e064707f,101,penalty,1.0
F3,abstained,content,089c614941a92a189165,transfer,7d003427097c9bde2d35,101,penalty,0.0
F3,abstained,routing,089c614941a92a189165,transfer,7d003427097c9bde2d35,101,penalty,0.0
F3,abstained,interaction,089c614941a92a189165,transfer,7d003427097c9bde2d35,101,penalty,0.0
F3,abstained,content,0f3b157a54e7a958f30f,same,a7215a5e45561cf480c3,101,dispatch,0.5
F3,abstained,routing,0f3b157a54e7a958f30f,same,a7215a5e45561cf480c3,101,dispatch,-0.5
F3,abstained,interaction,0f3b157a54e7a958f30f,same,a7215a5e45561cf480c3,101,dispatch,-1.0
F3,abstained,content,0f3b157a54e7a958f30f,transfer,e9eef8850639ebde4807,101,dispatch,0.0
F3,abstained,routing,0f3b157a54e7a958f30f,transfer,e9eef8850639ebde4807,101,dispatch,0.0
F3,abstained,interaction,0f3b157a54e7a958f30f,transfer,e9eef8850639ebde4807,101,dispatch,0.0
F3,abstained,content,11cf04f57e7cf62693fc,same,209b7551f727fc51506e,101,storage,0.0
F3,abstained,routing,11cf04f57e7cf62693fc,same,209b7551f727fc51506e,101,storage,0.0
F3,abstained,interaction,11cf04f57e7cf62693fc,same,209b7551f727fc51506e,101,storage,0.0
F3,abstained,content,11cf04f57e7cf62693fc,transfer,710e4b81f0caf532f31b,101,storage,0.0
F3,abstained,routing,11cf04f57e7cf62693fc,transfer,710e4b81f0caf532f31b,101,storage,0.0
F3,abstained,interaction,11cf04f57e7cf62693fc,transfer,710e4b81f0caf532f31b,101,storage,0.0
F3,abstained,content,16ef7bc916003e74169e,same,c8d453f09e389cec26cf,101,capacity,0.5
F3,abstained,routing,16ef7bc916003e74169e,same,c8d453f09e389cec26cf,101,capacity,-0.5
F3,abstained,interaction,16ef7bc916003e74169e,same,c8d453f09e389cec26cf,101,capacity,-1.0
F3,abstained,content,16ef7bc916003e74169e,transfer,989814b7f01cf3a7b647,101,capacity,0.0
F3,abstained,routing,16ef7bc916003e74169e,transfer,989814b7f01cf3a7b647,101,capacity,0.0
F3,abstained,interaction,16ef7bc916003e74169e,transfer,989814b7f01cf3a7b647,101,capacity,0.0
F3,abstained,content,30919affcdad33f553a0,same,427545bcf63541ec0753,101,coverage,0.5
F3,abstained,routing,30919affcdad33f553a0,same,427545bcf63541ec0753,101,coverage,0.5
F3,abstained,interaction,30919affcdad33f553a0,same,427545bcf63541ec0753,101,coverage,1.0
F3,abstained,content,30919affcdad33f553a0,transfer,9195c26ffc0e47c47675,101,coverage,0.0
F3,abstained,routing,30919affcdad33f553a0,transfer,9195c26ffc0e47c47675,101,coverage,0.0
F3,abstained,interaction,30919affcdad33f553a0,transfer,9195c26ffc0e47c47675,101,coverage,0.0
F3,recurrence,content,06496beef241512a18eb,same,b72394b366ea85326e24,101,energy,0.5
F3,recurrence,routing,06496beef241512a18eb,same,b72394b366ea85326e24,101,energy,0.5
F3,recurrence,interaction,06496beef241512a18eb,same,b72394b366ea85326e24,101,energy,-1.0
F3,recurrence,content,06496beef241512a18eb,transfer,59cec6cf031f1b4641d6,101,energy,0.0
F3,recurrence,routing,06496beef241512a18eb,transfer,59cec6cf031f1b4641d6,101,energy,0.0
F3,recurrence,interaction,06496beef241512a18eb,transfer,59cec6cf031f1b4641d6,101,energy,0.0
F3,recurrence,content,089c614941a92a189165,same,ead4ff284929e064707f,101,penalty,-1.0
F3,recurrence,routing,089c614941a92a189165,same,ead4ff284929e064707f,101,penalty,0.0
F3,recurrence,interaction,089c614941a92a189165,same,ead4ff284929e064707f,101,penalty,0.0
F3,recurrence,content,089c614941a92a189165,transfer,7d003427097c9bde2d35,101,penalty,0.0
F3,recurrence,routing,089c614941a92a189165,transfer,7d003427097c9bde2d35,101,penalty,0.0
F3,recurrence,interaction,089c614941a92a189165,transfer,7d003427097c9bde2d35,101,penalty,0.0
F3,recurrence,content,0f3b157a54e7a958f30f,same,a7215a5e45561cf480c3,101,dispatch,-0.5
F3,recurrence,routing,0f3b157a54e7a958f30f,same,a7215a5e45561cf480c3,101,dispatch,0.5
F3,recurrence,interaction,0f3b157a54e7a958f30f,same,a7215a5e45561cf480c3,101,dispatch,1.0
F3,recurrence,content,0f3b157a54e7a958f30f,transfer,e9eef8850639ebde4807,101,dispatch,0.0
F3,recurrence,routing,0f3b157a54e7a958f30f,transfer,e9eef8850639ebde4807,101,dispatch,0.0
F3,recurrence,interaction,0f3b157a54e7a958f30f,transfer,e9eef8850639ebde4807,101,dispatch,0.0
F3,recurrence,content,11cf04f57e7cf62693fc,same,209b7551f727fc51506e,101,storage,0.0
F3,recurrence,routing,11cf04f57e7cf62693fc,same,209b7551f727fc51506e,101,storage,0.0
F3,recurrence,interaction,11cf04f57e7cf62693fc,same,209b7551f727fc51506e,101,storage,0.0
F3,recurrence,content,11cf04f57e7cf62693fc,transfer,710e4b81f0caf532f31b,101,storage,0.0
F3,recurrence,routing,11cf04f57e7cf62693fc,transfer,710e4b81f0caf532f31b,101,storage,0.0
F3,recurrence,interaction,11cf04f57e7cf62693fc,transfer,710e4b81f0caf532f31b,101,storage,0.0
F3,recurrence,content,16ef7bc916003e74169e,same,c8d453f09e389cec26cf,101,capacity,-0.5
F3,recurrence,routing,16ef7bc916003e74169e,same,c8d453f09e389cec26cf,101,capacity,0.5
F3,recurrence,interaction,16ef7bc916003e74169e,same,c8d453f09e389cec26cf,101,capacity,1.0
F3,recurrence,content,16ef7bc916003e74169e,transfer,989814b7f01cf3a7b647,101,capacity,0.0
F3,recurrence,routing,16ef7bc916003e74169e,transfer,989814b7f01cf3a7b647,101,capacity,0.0
F3,recurrence,interaction,16ef7bc916003e74169e,transfer,989814b7f01cf3a7b647,101,capacity,0.0
F3,recurrence,content,30919affcdad33f553a0,same,427545bcf63541ec0753,101,coverage,-0.5
F3,recurrence,routing,30919affcdad33f553a0,same,427545bcf63541ec0753,101,coverage,-0.5
F3,recurrence,interaction,30919affcdad33f553a0,same,427545bcf63541ec0753,101,coverage,-1.0
F3,recurrence,content,30919affcdad33f553a0,transfer,9195c26ffc0e47c47675,101,coverage,0.0
F3,recurrence,routing,30919affcdad33f553a0,transfer,9195c26ffc0e47c47675,101,coverage,0.0
F3,recurrence,interaction,30919affcdad33f553a0,transfer,9195c26ffc0e47c47675,101,coverage,0.0
F3,target_avoided_but_failed,content,06496beef241512a18eb,same,b72394b366ea85326e24,101,energy,-0.5
F3,target_avoided_but_failed,routing,06496beef241512a18eb,same,b72394b366ea85326e24,101,energy,-0.5
F3,target_avoided_but_failed,interaction,06496beef241512a18eb,same,b72394b366ea85326e24,101,energy,1.0
F3,target_avoided_but_failed,content,06496beef241512a18eb,transfer,59cec6cf031f1b4641d6,101,energy,0.0
F3,target_avoided_but_failed,routing,06496beef241512a18eb,transfer,59cec6cf031f1b4641d6,101,energy,0.0
F3,target_avoided_but_failed,interaction,06496beef241512a18eb,transfer,59cec6cf031f1b4641d6,101,energy,0.0
F3,target_avoided_but_failed,content,089c614941a92a189165,same,ead4ff284929e064707f,101,penalty,1.0
F3,target_avoided_but_failed,routing,089c614941a92a189165,same,ead4ff284929e064707f,101,penalty,0.0
F3,target_avoided_but_failed,interaction,089c614941a92a189165,same,ead4ff284929e064707f,101,penalty,0.0
F3,target_avoided_but_failed,content,089c614941a92a189165,transfer,7d003427097c9bde2d35,101,penalty,0.0
F3,target_avoided_but_failed,routing,089c614941a92a189165,transfer,7d003427097c9bde2d35,101,penalty,0.0
F3,target_avoided_but_failed,interaction,089c614941a92a189165,transfer,7d003427097c9bde2d35,101,penalty,0.0
F3,target_avoided_but_failed,content,0f3b157a54e7a958f30f,same,a7215a5e45561cf480c3,101,dispatch,0.5
F3,target_avoided_but_failed,routing,0f3b157a54e7a958f30f,same,a7215a5e45561cf480c3,101,dispatch,-0.5
F3,target_avoided_but_failed,interaction,0f3b157a54e7a958f30f,same,a7215a5e45561cf480c3,101,dispatch,-1.0
F3,target_avoided_but_failed,content,0f3b157a54e7a958f30f,transfer,e9eef8850639ebde4807,101,dispatch,0.0
F3,target_avoided_but_failed,routing,0f3b157a54e7a958f30f,transfer,e9eef8850639ebde4807,101,dispatch,0.0
F3,target_avoided_but_failed,interaction,0f3b157a54e7a958f30f,transfer,e9eef8850639ebde4807,101,dispatch,0.0
F3,target_avoided_but_failed,content,11cf04f57e7cf62693fc,same,209b7551f727fc51506e,101,storage,0.0
F3,target_avoided_but_failed,routing,11cf04f57e7cf62693fc,same,209b7551f727fc51506e,101,storage,0.0
F3,target_avoided_but_failed,interaction,11cf04f57e7cf62693fc,same,209b7551f727fc51506e,101,storage,0.0
F3,target_avoided_but_failed,content,11cf04f57e7cf62693fc,transfer,710e4b81f0caf532f31b,101,storage,0.0
F3,target_avoided_but_failed,routing,11cf04f57e7cf62693fc,transfer,710e4b81f0caf532f31b,101,storage,0.0
F3,target_avoided_but_failed,interaction,11cf04f57e7cf62693fc,transfer,710e4b81f0caf532f31b,101,storage,0.0
F3,target_avoided_but_failed,content,16ef7bc916003e74169e,same,c8d453f09e389cec26cf,101,capacity,0.5
F3,target_avoided_but_failed,routing,16ef7bc916003e74169e,same,c8d453f09e389cec26cf,101,capacity,-0.5
F3,target_avoided_but_failed,interaction,16ef7bc916003e74169e,same,c8d453f09e389cec26cf,101,capacity,-1.0
F3,target_avoided_but_failed,content,16ef7bc916003e74169e,transfer,989814b7f01cf3a7b647,101,capacity,0.0
F3,target_avoided_but_failed,routing,16ef7bc916003e74169e,transfer,989814b7f01cf3a7b647,101,capacity,0.0
F3,target_avoided_but_failed,interaction,16ef7bc916003e74169e,transfer,989814b7f01cf3a7b647,101,capacity,0.0
F3,target_avoided_but_failed,content,30919affcdad33f553a0,same,427545bcf63541ec0753,101,coverage,0.5
F3,target_avoided_but_failed,routing,30919affcdad33f553a0,same,427545bcf63541ec0753,101,coverage,0.5
F3,target_avoided_but_failed,interaction,30919affcdad33f553a0,same,427545bcf63541ec0753,101,coverage,1.0
F3,target_avoided_but_failed,content,30919affcdad33f553a0,transfer,9195c26ffc0e47c47675,101,coverage,0.0
F3,target_avoided_but_failed,routing,30919affcdad33f553a0,transfer,9195c26ffc0e47c47675,101,coverage,0.0
F3,target_avoided_but_failed,interaction,30919affcdad33f553a0,transfer,9195c26ffc0e47c47675,101,coverage,0.0
F3,any_new_error,content,06496beef241512a18eb,same,b72394b366ea85326e24,101,energy,0.5
F3,any_new_error,routing,06496beef241512a18eb,same,b72394b366ea85326e24,101,energy,0.5
F3,any_new_error,interaction,06496beef241512a18eb,same,b72394b366ea85326e24,101,energy,-1.0
F3,any_new_error,content,06496beef241512a18eb,transfer,59cec6cf031f1b4641d6,101,energy,0.0
F3,any_new_error,routing,06496beef241512a18eb,transfer,59cec6cf031f1b4641d6,101,energy,0.0
F3,any_new_error,interaction,06496beef241512a18eb,transfer,59cec6cf031f1b4641d6,101,energy,0.0
F3,any_new_error,content,089c614941a92a189165,same,ead4ff284929e064707f,101,penalty,-0.5
F3,any_new_error,routing,089c614941a92a189165,same,ead4ff284929e064707f,101,penalty,0.5
F3,any_new_error,interaction,089c614941a92a189165,same,ead4ff284929e064707f,101,penalty,-1.0
F3,any_new_error,content,089c614941a92a189165,transfer,7d003427097c9bde2d35,101,penalty,0.0
F3,any_new_error,routing,089c614941a92a189165,transfer,7d003427097c9bde2d35,101,penalty,0.0
F3,any_new_error,interaction,089c614941a92a189165,transfer,7d003427097c9bde2d35,101,penalty,0.0
F3,any_new_error,content,0f3b157a54e7a958f30f,same,a7215a5e45561cf480c3,101,dispatch,-0.5
F3,any_new_error,routing,0f3b157a54e7a958f30f,same,a7215a5e45561cf480c3,101,dispatch,0.5
F3,any_new_error,interaction,0f3b157a54e7a958f30f,same,a7215a5e45561cf480c3,101,dispatch,1.0
F3,any_new_error,content,0f3b157a54e7a958f30f,transfer,e9eef8850639ebde4807,101,dispatch,0.0
F3,any_new_error,routing,0f3b157a54e7a958f30f,transfer,e9eef8850639ebde4807,101,dispatch,0.0
F3,any_new_error,interaction,0f3b157a54e7a958f30f,transfer,e9eef8850639ebde4807,101,dispatch,0.0
F3,any_new_error,content,11cf04f57e7cf62693fc,same,209b7551f727fc51506e,101,storage,0.0
F3,any_new_error,routing,11cf04f57e7cf62693fc,same,209b7551f727fc51506e,101,storage,0.0
F3,any_new_error,interaction,11cf04f57e7cf62693fc,same,209b7551f727fc51506e,101,storage,0.0
F3,any_new_error,content,11cf04f57e7cf62693fc,transfer,710e4b81f0caf532f31b,101,storage,0.0
F3,any_new_error,routing,11cf04f57e7cf62693fc,transfer,710e4b81f0caf532f31b,101,storage,0.0
F3,any_new_error,interaction,11cf04f57e7cf62693fc,transfer,710e4b81f0caf532f31b,101,storage,0.0
F3,any_new_error,content,16ef7bc916003e74169e,same,c8d453f09e389cec26cf,101,capacity,-0.5
F3,any_new_error,routing,16ef7bc916003e74169e,same,c8d453f09e389cec26cf,101,capacity,0.5
F3,any_new_error,interaction,16ef7bc916003e74169e,same,c8d453f09e389cec26cf,101,capacity,1.0
F3,any_new_error,content,16ef7bc916003e74169e,transfer,989814b7f01cf3a7b647,101,capacity,0.0
F3,any_new_error,routing,16ef7bc916003e74169e,transfer,989814b7f01cf3a7b647,101,capacity,0.0
F3,any_new_error,interaction,16ef7bc916003e74169e,transfer,989814b7f01cf3a7b647,101,capacity,0.0
F3,any_new_error,content,30919affcdad33f553a0,same,427545bcf63541ec0753,101,coverage,-0.5
F3,any_new_error,routing,30919affcdad33f553a0,same,427545bcf63541ec0753,101,coverage,-0.5
F3,any_new_error,interaction,30919affcdad33f553a0,same,427545bcf63541ec0753,101,coverage,-1.0
F3,any_new_error,content,30919affcdad33f553a0,transfer,9195c26ffc0e47c47675,101,coverage,0.0
F3,any_new_error,routing,30919affcdad33f553a0,transfer,9195c26ffc0e47c47675,101,coverage,0.0
F3,any_new_error,interaction,30919affcdad33f553a0,transfer,9195c26ffc0e47c47675,101,coverage,0.0
F3,any_tool_error,content,06496beef241512a18eb,same,b72394b366ea85326e24,101,energy,-0.5
F3,any_tool_error,routing,06496beef241512a18eb,same,b72394b366ea85326e24,101,energy,-0.5
F3,any_tool_error,interaction,06496beef241512a18eb,same,b72394b366ea85326e24,101,energy,-1.0
F3,any_tool_error,content,06496beef241512a18eb,transfer,59cec6cf031f1b4641d6,101,energy,-0.5
F3,any_tool_error,routing,06496beef241512a18eb,transfer,59cec6cf031f1b4641d6,101,energy,0.5
F3,any_tool_error,interaction,06496beef241512a18eb,transfer,59cec6cf031f1b4641d6,101,energy,-1.0
F3,any_tool_error,content,089c614941a92a189165,same,ead4ff284929e064707f,101,penalty,-0.5
F3,any_tool_error,routing,089c614941a92a189165,same,ead4ff284929e064707f,101,penalty,-0.5
F3,any_tool_error,interaction,089c614941a92a189165,same,ead4ff284929e064707f,101,penalty,-1.0
F3,any_tool_error,content,089c614941a92a189165,transfer,7d003427097c9bde2d35,101,penalty,-0.5
F3,any_tool_error,routing,089c614941a92a189165,transfer,7d003427097c9bde2d35,101,penalty,0.5
F3,any_tool_error,interaction,089c614941a92a189165,transfer,7d003427097c9bde2d35,101,penalty,-1.0
F3,any_tool_error,content,0f3b157a54e7a958f30f,same,a7215a5e45561cf480c3,101,dispatch,0.5
F3,any_tool_error,routing,0f3b157a54e7a958f30f,same,a7215a5e45561cf480c3,101,dispatch,-0.5
F3,any_tool_error,interaction,0f3b157a54e7a958f30f,same,a7215a5e45561cf480c3,101,dispatch,1.0
F3,any_tool_error,content,0f3b157a54e7a958f30f,transfer,e9eef8850639ebde4807,101,dispatch,-0.5
F3,any_tool_error,routing,0f3b157a54e7a958f30f,transfer,e9eef8850639ebde4807,101,dispatch,-0.5
F3,any_tool_error,interaction,0f3b157a54e7a958f30f,transfer,e9eef8850639ebde4807,101,dispatch,1.0
F3,any_tool_error,content,11cf04f57e7cf62693fc,same,209b7551f727fc51506e,101,storage,-1.0
F3,any_tool_error,routing,11cf04f57e7cf62693fc,same,209b7551f727fc51506e,101,storage,0.0
F3,any_tool_error,interaction,11cf04f57e7cf62693fc,same,209b7551f727fc51506e,101,storage,0.0
F3,any_tool_error,content,11cf04f57e7cf62693fc,transfer,710e4b81f0caf532f31b,101,storage,-1.0
F3,any_tool_error,routing,11cf04f57e7cf62693fc,transfer,710e4b81f0caf532f31b,101,storage,0.0
F3,any_tool_error,interaction,11cf04f57e7cf62693fc,transfer,710e4b81f0caf532f31b,101,storage,0.0
F3,any_tool_error,content,16ef7bc916003e74169e,same,c8d453f09e389cec26cf,101,capacity,0.0
F3,any_tool_error,routing,16ef7bc916003e74169e,same,c8d453f09e389cec26cf,101,capacity,-1.0
F3,any_tool_error,interaction,16ef7bc916003e74169e,same,c8d453f09e389cec26cf,101,capacity,0.0
F3,any_tool_error,content,16ef7bc916003e74169e,transfer,989814b7f01cf3a7b647,101,capacity,0.0
F3,any_tool_error,routing,16ef7bc916003e74169e,transfer,989814b7f01cf3a7b647,101,capacity,0.0
F3,any_tool_error,interaction,16ef7bc916003e74169e,transfer,989814b7f01cf3a7b647,101,capacity,0.0
F3,any_tool_error,content,30919affcdad33f553a0,same,427545bcf63541ec0753,101,coverage,0.0
F3,any_tool_error,routing,30919affcdad33f553a0,same,427545bcf63541ec0753,101,coverage,0.0
F3,any_tool_error,interaction,30919affcdad33f553a0,same,427545bcf63541ec0753,101,coverage,2.0
F3,any_tool_error,content,30919affcdad33f553a0,transfer,9195c26ffc0e47c47675,101,coverage,-1.0
F3,any_tool_error,routing,30919affcdad33f553a0,transfer,9195c26ffc0e47c47675,101,coverage,0.0
F3,any_tool_error,interaction,30919affcdad33f553a0,transfer,9195c26ffc0e47c47675,101,coverage,0.0
F3,budget_ceiling,content,06496beef241512a18eb,same,b72394b366ea85326e24,101,energy,0.0
F3,budget_ceiling,routing,06496beef241512a18eb,same,b72394b366ea85326e24,101,energy,0.0
F3,budget_ceiling,interaction,06496beef241512a18eb,same,b72394b366ea85326e24,101,energy,0.0
F3,budget_ceiling,content,06496beef241512a18eb,transfer,59cec6cf031f1b4641d6,101,energy,0.0
F3,budget_ceiling,routing,06496beef241512a18eb,transfer,59cec6cf031f1b4641d6,101,energy,0.0
F3,budget_ceiling,interaction,06496beef241512a18eb,transfer,59cec6cf031f1b4641d6,101,energy,0.0
F3,budget_ceiling,content,089c614941a92a189165,same,ead4ff284929e064707f,101,penalty,0.0
F3,budget_ceiling,routing,089c614941a92a189165,same,ead4ff284929e064707f,101,penalty,0.0
F3,budget_ceiling,interaction,089c614941a92a189165,same,ead4ff284929e064707f,101,penalty,0.0
F3,budget_ceiling,content,089c614941a92a189165,transfer,7d003427097c9bde2d35,101,penalty,0.0
F3,budget_ceiling,routing,089c614941a92a189165,transfer,7d003427097c9bde2d35,101,penalty,0.0
F3,budget_ceiling,interaction,089c614941a92a189165,transfer,7d003427097c9bde2d35,101,penalty,0.0
F3,budget_ceiling,content,0f3b157a54e7a958f30f,same,a7215a5e45561cf480c3,101,dispatch,0.0
F3,budget_ceiling,routing,0f3b157a54e7a958f30f,same,a7215a5e45561cf480c3,101,dispatch,0.0
F3,budget_ceiling,interaction,0f3b157a54e7a958f30f,same,a7215a5e45561cf480c3,101,dispatch,0.0
F3,budget_ceiling,content,0f3b157a54e7a958f30f,transfer,e9eef8850639ebde4807,101,dispatch,0.0
F3,budget_ceiling,routing,0f3b157a54e7a958f30f,transfer,e9eef8850639ebde4807,101,dispatch,0.0
F3,budget_ceiling,interaction,0f3b157a54e7a958f30f,transfer,e9eef8850639ebde4807,101,dispatch,0.0
F3,budget_ceiling,content,11cf04f57e7cf62693fc,same,209b7551f727fc51506e,101,storage,0.0
F3,budget_ceiling,routing,11cf04f57e7cf62693fc,same,209b7551f727fc51506e,101,storage,0.0
F3,budget_ceiling,interaction,11cf04f57e7cf62693fc,same,209b7551f727fc51506e,101,storage,0.0
F3,budget_ceiling,content,11cf04f57e7cf62693fc,transfer,710e4b81f0caf532f31b,101,storage,0.0
F3,budget_ceiling,routing,11cf04f57e7cf62693fc,transfer,710e4b81f0caf532f31b,101,storage,0.0
F3,budget_ceiling,interaction,11cf04f57e7cf62693fc,transfer,710e4b81f0caf532f31b,101,storage,0.0
F3,budget_ceiling,content,16ef7bc916003e74169e,same,c8d453f09e389cec26cf,101,capacity,0.0
F3,budget_ceiling,routing,16ef7bc916003e74169e,same,c8d453f09e389cec26cf,101,capacity,0.0
F3,budget_ceiling,interaction,16ef7bc916003e74169e,same,c8d453f09e389cec26cf,101,capacity,0.0
F3,budget_ceiling,content,16ef7bc916003e74169e,transfer,989814b7f01cf3a7b647,101,capacity,0.0
F3,budget_ceiling,routing,16ef7bc916003e74169e,transfer,989814b7f01cf3a7b647,101,capacity,0.0
F3,budget_ceiling,interaction,16ef7bc916003e74169e,transfer,989814b7f01cf3a7b647,101,capacity,0.0
F3,budget_ceiling,content,30919affcdad33f553a0,same,427545bcf63541ec0753,101,coverage,0.0
F3,budget_ceiling,routing,30919affcdad33f553a0,same,427545bcf63541ec0753,101,coverage,0.0
F3,budget_ceiling,interaction,30919affcdad33f553a0,same,427545bcf63541ec0753,101,coverage,0.0
F3,budget_ceiling,content,30919affcdad33f553a0,transfer,9195c26ffc0e47c47675,101,coverage,0.0
F3,budget_ceiling,routing,30919affcdad33f553a0,transfer,9195c26ffc0e47c47675,101,coverage,0.0
F3,budget_ceiling,interaction,30919affcdad33f553a0,transfer,9195c26ffc0e47c47675,101,coverage,0.0
F4,first_success,content,03219101985c4a812f33,same,4c80aca5d1439ced1356,101,storage,0.0
F4,first_success,routing,03219101985c4a812f33,same,4c80aca5d1439ced1356,101,storage,0.0
F4,first_success,interaction,03219101985c4a812f33,same,4c80aca5d1439ced1356,101,storage,0.0
F4,first_success,content,03219101985c4a812f33,transfer,485e72e394c56d2a9a7d,101,storage,0.0
F4,first_success,routing,03219101985c4a812f33,transfer,485e72e394c56d2a9a7d,101,storage,0.0
F4,first_success,interaction,03219101985c4a812f33,transfer,485e72e394c56d2a9a7d,101,storage,0.0
F4,first_success,content,05105e2b2401f4b85359,same,4ba9234a48df13dba177,101,penalty,0.0
F4,first_success,routing,05105e2b2401f4b85359,same,4ba9234a48df13dba177,101,penalty,0.0
F4,first_success,interaction,05105e2b2401f4b85359,same,4ba9234a48df13dba177,101,penalty,0.0
F4,first_success,content,05105e2b2401f4b85359,transfer,4cedddea146c5c62c87f,101,penalty,0.0
F4,first_success,routing,05105e2b2401f4b85359,transfer,4cedddea146c5c62c87f,101,penalty,0.0
F4,first_success,interaction,05105e2b2401f4b85359,transfer,4cedddea146c5c62c87f,101,penalty,0.0
F4,first_success,content,13af5df9ee91b4ddddc5,same,f234cde10ec6c1db10a4,101,coverage,0.0
F4,first_success,routing,13af5df9ee91b4ddddc5,same,f234cde10ec6c1db10a4,101,coverage,0.0
F4,first_success,interaction,13af5df9ee91b4ddddc5,same,f234cde10ec6c1db10a4,101,coverage,0.0
F4,first_success,content,13af5df9ee91b4ddddc5,transfer,e0f7ae38aa1819681d94,101,coverage,0.0
F4,first_success,routing,13af5df9ee91b4ddddc5,transfer,e0f7ae38aa1819681d94,101,coverage,0.0
F4,first_success,interaction,13af5df9ee91b4ddddc5,transfer,e0f7ae38aa1819681d94,101,coverage,0.0
F4,first_success,content,2f5b8a5a1eb7b8386a10,same,d3bf94d6313ca5d5aefe,101,capacity,0.0
F4,first_success,routing,2f5b8a5a1eb7b8386a10,same,d3bf94d6313ca5d5aefe,101,capacity,0.0
F4,first_success,interaction,2f5b8a5a1eb7b8386a10,same,d3bf94d6313ca5d5aefe,101,capacity,0.0
F4,first_success,content,2f5b8a5a1eb7b8386a10,transfer,40fd4a9415a73f11a0f3,101,capacity,0.0
F4,first_success,routing,2f5b8a5a1eb7b8386a10,transfer,40fd4a9415a73f11a0f3,101,capacity,0.0
F4,first_success,interaction,2f5b8a5a1eb7b8386a10,transfer,40fd4a9415a73f11a0f3,101,capacity,0.0
F4,first_success,content,35c569b002cf117953b8,same,47e1775ce77c9d9e2a98,101,dispatch,0.0
F4,first_success,routing,35c569b002cf117953b8,same,47e1775ce77c9d9e2a98,101,dispatch,0.0
F4,first_success,interaction,35c569b002cf117953b8,same,47e1775ce77c9d9e2a98,101,dispatch,0.0
F4,first_success,content,35c569b002cf117953b8,transfer,40a8d93ef6bc7525f055,101,dispatch,0.0
F4,first_success,routing,35c569b002cf117953b8,transfer,40a8d93ef6bc7525f055,101,dispatch,0.0
F4,first_success,interaction,35c569b002cf117953b8,transfer,40a8d93ef6bc7525f055,101,dispatch,0.0
F4,first_success,content,48c3a38c076176e80033,same,42feb0b4436c8f010be0,101,energy,0.0
F4,first_success,routing,48c3a38c076176e80033,same,42feb0b4436c8f010be0,101,energy,0.0
F4,first_success,interaction,48c3a38c076176e80033,same,42feb0b4436c8f010be0,101,energy,0.0
F4,first_success,content,48c3a38c076176e80033,transfer,853941796819126bd7bf,101,energy,0.0
F4,first_success,routing,48c3a38c076176e80033,transfer,853941796819126bd7bf,101,energy,0.0
F4,first_success,interaction,48c3a38c076176e80033,transfer,853941796819126bd7bf,101,energy,0.0
F4,final_success,content,03219101985c4a812f33,same,4c80aca5d1439ced1356,101,storage,0.0
F4,final_success,routing,03219101985c4a812f33,same,4c80aca5d1439ced1356,101,storage,0.0
F4,final_success,interaction,03219101985c4a812f33,same,4c80aca5d1439ced1356,101,storage,0.0
F4,final_success,content,03219101985c4a812f33,transfer,485e72e394c56d2a9a7d,101,storage,0.0
F4,final_success,routing,03219101985c4a812f33,transfer,485e72e394c56d2a9a7d,101,storage,0.0
F4,final_success,interaction,03219101985c4a812f33,transfer,485e72e394c56d2a9a7d,101,storage,0.0
F4,final_success,content,05105e2b2401f4b85359,same,4ba9234a48df13dba177,101,penalty,0.0
F4,final_success,routing,05105e2b2401f4b85359,same,4ba9234a48df13dba177,101,penalty,0.0
F4,final_success,interaction,05105e2b2401f4b85359,same,4ba9234a48df13dba177,101,penalty,0.0
F4,final_success,content,05105e2b2401f4b85359,transfer,4cedddea146c5c62c87f,101,penalty,0.0
F4,final_success,routing,05105e2b2401f4b85359,transfer,4cedddea146c5c62c87f,101,penalty,0.0
F4,final_success,interaction,05105e2b2401f4b85359,transfer,4cedddea146c5c62c87f,101,penalty,0.0
F4,final_success,content,13af5df9ee91b4ddddc5,same,f234cde10ec6c1db10a4,101,coverage,0.0
F4,final_success,routing,13af5df9ee91b4ddddc5,same,f234cde10ec6c1db10a4,101,coverage,0.0
F4,final_success,interaction,13af5df9ee91b4ddddc5,same,f234cde10ec6c1db10a4,101,coverage,0.0
F4,final_success,content,13af5df9ee91b4ddddc5,transfer,e0f7ae38aa1819681d94,101,coverage,0.0
F4,final_success,routing,13af5df9ee91b4ddddc5,transfer,e0f7ae38aa1819681d94,101,coverage,0.0
F4,final_success,interaction,13af5df9ee91b4ddddc5,transfer,e0f7ae38aa1819681d94,101,coverage,0.0
F4,final_success,content,2f5b8a5a1eb7b8386a10,same,d3bf94d6313ca5d5aefe,101,capacity,0.0
F4,final_success,routing,2f5b8a5a1eb7b8386a10,same,d3bf94d6313ca5d5aefe,101,capacity,0.0
F4,final_success,interaction,2f5b8a5a1eb7b8386a10,same,d3bf94d6313ca5d5aefe,101,capacity,0.0
F4,final_success,content,2f5b8a5a1eb7b8386a10,transfer,40fd4a9415a73f11a0f3,101,capacity,0.0
F4,final_success,routing,2f5b8a5a1eb7b8386a10,transfer,40fd4a9415a73f11a0f3,101,capacity,0.0
F4,final_success,interaction,2f5b8a5a1eb7b8386a10,transfer,40fd4a9415a73f11a0f3,101,capacity,0.0
F4,final_success,content,35c569b002cf117953b8,same,47e1775ce77c9d9e2a98,101,dispatch,0.0
F4,final_success,routing,35c569b002cf117953b8,same,47e1775ce77c9d9e2a98,101,dispatch,0.0
F4,final_success,interaction,35c569b002cf117953b8,same,47e1775ce77c9d9e2a98,101,dispatch,0.0
F4,final_success,content,35c569b002cf117953b8,transfer,40a8d93ef6bc7525f055,101,dispatch,0.0
F4,final_success,routing,35c569b002cf117953b8,transfer,40a8d93ef6bc7525f055,101,dispatch,0.0
F4,final_success,interaction,35c569b002cf117953b8,transfer,40a8d93ef6bc7525f055,101,dispatch,0.0
F4,final_success,content,48c3a38c076176e80033,same,42feb0b4436c8f010be0,101,energy,0.0
F4,final_success,routing,48c3a38c076176e80033,same,42feb0b4436c8f010be0,101,energy,0.0
F4,final_success,interaction,48c3a38c076176e80033,same,42feb0b4436c8f010be0,101,energy,0.0
F4,final_success,content,48c3a38c076176e80033,transfer,853941796819126bd7bf,101,energy,0.0
F4,final_success,routing,48c3a38c076176e80033,transfer,853941796819126bd7bf,101,energy,0.0
F4,final_success,interaction,48c3a38c076176e80033,transfer,853941796819126bd7bf,101,energy,0.0
F4,abstained,content,03219101985c4a812f33,same,4c80aca5d1439ced1356,101,storage,1.0
F4,abstained,routing,03219101985c4a812f33,same,4c80aca5d1439ced1356,101,storage,0.0
F4,abstained,interaction,03219101985c4a812f33,same,4c80aca5d1439ced1356,101,storage,0.0
F4,abstained,content,03219101985c4a812f33,transfer,485e72e394c56d2a9a7d,101,storage,0.0
F4,abstained,routing,03219101985c4a812f33,transfer,485e72e394c56d2a9a7d,101,storage,0.0
F4,abstained,interaction,03219101985c4a812f33,transfer,485e72e394c56d2a9a7d,101,storage,0.0
F4,abstained,content,05105e2b2401f4b85359,same,4ba9234a48df13dba177,101,penalty,-0.5
F4,abstained,routing,05105e2b2401f4b85359,same,4ba9234a48df13dba177,101,penalty,-0.5
F4,abstained,interaction,05105e2b2401f4b85359,same,4ba9234a48df13dba177,101,penalty,1.0
F4,abstained,content,05105e2b2401f4b85359,transfer,4cedddea146c5c62c87f,101,penalty,0.0
F4,abstained,routing,05105e2b2401f4b85359,transfer,4cedddea146c5c62c87f,101,penalty,0.0
F4,abstained,interaction,05105e2b2401f4b85359,transfer,4cedddea146c5c62c87f,101,penalty,0.0
F4,abstained,content,13af5df9ee91b4ddddc5,same,f234cde10ec6c1db10a4,101,coverage,0.5
F4,abstained,routing,13af5df9ee91b4ddddc5,same,f234cde10ec6c1db10a4,101,coverage,-0.5
F4,abstained,interaction,13af5df9ee91b4ddddc5,same,f234cde10ec6c1db10a4,101,coverage,-1.0
F4,abstained,content,13af5df9ee91b4ddddc5,transfer,e0f7ae38aa1819681d94,101,coverage,0.0
F4,abstained,routing,13af5df9ee91b4ddddc5,transfer,e0f7ae38aa1819681d94,101,coverage,0.0
F4,abstained,interaction,13af5df9ee91b4ddddc5,transfer,e0f7ae38aa1819681d94,101,coverage,0.0
F4,abstained,content,2f5b8a5a1eb7b8386a10,same,d3bf94d6313ca5d5aefe,101,capacity,0.0
F4,abstained,routing,2f5b8a5a1eb7b8386a10,same,d3bf94d6313ca5d5aefe,101,capacity,0.0
F4,abstained,interaction,2f5b8a5a1eb7b8386a10,same,d3bf94d6313ca5d5aefe,101,capacity,0.0
F4,abstained,content,2f5b8a5a1eb7b8386a10,transfer,40fd4a9415a73f11a0f3,101,capacity,0.0
F4,abstained,routing,2f5b8a5a1eb7b8386a10,transfer,40fd4a9415a73f11a0f3,101,capacity,0.0
F4,abstained,interaction,2f5b8a5a1eb7b8386a10,transfer,40fd4a9415a73f11a0f3,101,capacity,0.0
F4,abstained,content,35c569b002cf117953b8,same,47e1775ce77c9d9e2a98,101,dispatch,0.0
F4,abstained,routing,35c569b002cf117953b8,same,47e1775ce77c9d9e2a98,101,dispatch,0.0
F4,abstained,interaction,35c569b002cf117953b8,same,47e1775ce77c9d9e2a98,101,dispatch,0.0
F4,abstained,content,35c569b002cf117953b8,transfer,40a8d93ef6bc7525f055,101,dispatch,0.0
F4,abstained,routing,35c569b002cf117953b8,transfer,40a8d93ef6bc7525f055,101,dispatch,0.0
F4,abstained,interaction,35c569b002cf117953b8,transfer,40a8d93ef6bc7525f055,101,dispatch,0.0
F4,abstained,content,48c3a38c076176e80033,same,42feb0b4436c8f010be0,101,energy,-0.5
F4,abstained,routing,48c3a38c076176e80033,same,42feb0b4436c8f010be0,101,energy,0.5
F4,abstained,interaction,48c3a38c076176e80033,same,42feb0b4436c8f010be0,101,energy,-1.0
F4,abstained,content,48c3a38c076176e80033,transfer,853941796819126bd7bf,101,energy,-1.0
F4,abstained,routing,48c3a38c076176e80033,transfer,853941796819126bd7bf,101,energy,0.0
F4,abstained,interaction,48c3a38c076176e80033,transfer,853941796819126bd7bf,101,energy,0.0
F4,recurrence,content,03219101985c4a812f33,same,4c80aca5d1439ced1356,101,storage,-1.0
F4,recurrence,routing,03219101985c4a812f33,same,4c80aca5d1439ced1356,101,storage,0.0
F4,recurrence,interaction,03219101985c4a812f33,same,4c80aca5d1439ced1356,101,storage,0.0
F4,recurrence,content,03219101985c4a812f33,transfer,485e72e394c56d2a9a7d,101,storage,0.0
F4,recurrence,routing,03219101985c4a812f33,transfer,485e72e394c56d2a9a7d,101,storage,0.0
F4,recurrence,interaction,03219101985c4a812f33,transfer,485e72e394c56d2a9a7d,101,storage,0.0
F4,recurrence,content,05105e2b2401f4b85359,same,4ba9234a48df13dba177,101,penalty,0.5
F4,recurrence,routing,05105e2b2401f4b85359,same,4ba9234a48df13dba177,101,penalty,0.5
F4,recurrence,interaction,05105e2b2401f4b85359,same,4ba9234a48df13dba177,101,penalty,-1.0
F4,recurrence,content,05105e2b2401f4b85359,transfer,4cedddea146c5c62c87f,101,penalty,0.0
F4,recurrence,routing,05105e2b2401f4b85359,transfer,4cedddea146c5c62c87f,101,penalty,0.0
F4,recurrence,interaction,05105e2b2401f4b85359,transfer,4cedddea146c5c62c87f,101,penalty,0.0
F4,recurrence,content,13af5df9ee91b4ddddc5,same,f234cde10ec6c1db10a4,101,coverage,-0.5
F4,recurrence,routing,13af5df9ee91b4ddddc5,same,f234cde10ec6c1db10a4,101,coverage,0.5
F4,recurrence,interaction,13af5df9ee91b4ddddc5,same,f234cde10ec6c1db10a4,101,coverage,1.0
F4,recurrence,content,13af5df9ee91b4ddddc5,transfer,e0f7ae38aa1819681d94,101,coverage,0.0
F4,recurrence,routing,13af5df9ee91b4ddddc5,transfer,e0f7ae38aa1819681d94,101,coverage,0.0
F4,recurrence,interaction,13af5df9ee91b4ddddc5,transfer,e0f7ae38aa1819681d94,101,coverage,0.0
F4,recurrence,content,2f5b8a5a1eb7b8386a10,same,d3bf94d6313ca5d5aefe,101,capacity,0.0
F4,recurrence,routing,2f5b8a5a1eb7b8386a10,same,d3bf94d6313ca5d5aefe,101,capacity,0.0
F4,recurrence,interaction,2f5b8a5a1eb7b8386a10,same,d3bf94d6313ca5d5aefe,101,capacity,0.0
F4,recurrence,content,2f5b8a5a1eb7b8386a10,transfer,40fd4a9415a73f11a0f3,101,capacity,0.0
F4,recurrence,routing,2f5b8a5a1eb7b8386a10,transfer,40fd4a9415a73f11a0f3,101,capacity,0.0
F4,recurrence,interaction,2f5b8a5a1eb7b8386a10,transfer,40fd4a9415a73f11a0f3,101,capacity,0.0
F4,recurrence,content,35c569b002cf117953b8,same,47e1775ce77c9d9e2a98,101,dispatch,0.0
F4,recurrence,routing,35c569b002cf117953b8,same,47e1775ce77c9d9e2a98,101,dispatch,0.0
F4,recurrence,interaction,35c569b002cf117953b8,same,47e1775ce77c9d9e2a98,101,dispatch,0.0
F4,recurrence,content,35c569b002cf117953b8,transfer,40a8d93ef6bc7525f055,101,dispatch,0.0
F4,recurrence,routing,35c569b002cf117953b8,transfer,40a8d93ef6bc7525f055,101,dispatch,0.0
F4,recurrence,interaction,35c569b002cf117953b8,transfer,40a8d93ef6bc7525f055,101,dispatch,0.0
F4,recurrence,content,48c3a38c076176e80033,same,42feb0b4436c8f010be0,101,energy,0.5
F4,recurrence,routing,48c3a38c076176e80033,same,42feb0b4436c8f010be0,101,energy,-0.5
F4,recurrence,interaction,48c3a38c076176e80033,same,42feb0b4436c8f010be0,101,energy,1.0
F4,recurrence,content,48c3a38c076176e80033,transfer,853941796819126bd7bf,101,energy,1.0
F4,recurrence,routing,48c3a38c076176e80033,transfer,853941796819126bd7bf,101,energy,0.0
F4,recurrence,interaction,48c3a38c076176e80033,transfer,853941796819126bd7bf,101,energy,0.0
F4,target_avoided_but_failed,content,03219101985c4a812f33,same,4c80aca5d1439ced1356,101,storage,1.0
F4,target_avoided_but_failed,routing,03219101985c4a812f33,same,4c80aca5d1439ced1356,101,storage,0.0
F4,target_avoided_but_failed,interaction,03219101985c4a812f33,same,4c80aca5d1439ced1356,101,storage,0.0
F4,target_avoided_but_failed,content,03219101985c4a812f33,transfer,485e72e394c56d2a9a7d,101,storage,0.0
F4,target_avoided_but_failed,routing,03219101985c4a812f33,transfer,485e72e394c56d2a9a7d,101,storage,0.0
F4,target_avoided_but_failed,interaction,03219101985c4a812f33,transfer,485e72e394c56d2a9a7d,101,storage,0.0
F4,target_avoided_but_failed,content,05105e2b2401f4b85359,same,4ba9234a48df13dba177,101,penalty,-0.5
F4,target_avoided_but_failed,routing,05105e2b2401f4b85359,same,4ba9234a48df13dba177,101,penalty,-0.5
F4,target_avoided_but_failed,interaction,05105e2b2401f4b85359,same,4ba9234a48df13dba177,101,penalty,1.0
F4,target_avoided_but_failed,content,05105e2b2401f4b85359,transfer,4cedddea146c5c62c87f,101,penalty,0.0
F4,target_avoided_but_failed,routing,05105e2b2401f4b85359,transfer,4cedddea146c5c62c87f,101,penalty,0.0
F4,target_avoided_but_failed,interaction,05105e2b2401f4b85359,transfer,4cedddea146c5c62c87f,101,penalty,0.0
F4,target_avoided_but_failed,content,13af5df9ee91b4ddddc5,same,f234cde10ec6c1db10a4,101,coverage,0.5
F4,target_avoided_but_failed,routing,13af5df9ee91b4ddddc5,same,f234cde10ec6c1db10a4,101,coverage,-0.5
F4,target_avoided_but_failed,interaction,13af5df9ee91b4ddddc5,same,f234cde10ec6c1db10a4,101,coverage,-1.0
F4,target_avoided_but_failed,content,13af5df9ee91b4ddddc5,transfer,e0f7ae38aa1819681d94,101,coverage,0.0
F4,target_avoided_but_failed,routing,13af5df9ee91b4ddddc5,transfer,e0f7ae38aa1819681d94,101,coverage,0.0
F4,target_avoided_but_failed,interaction,13af5df9ee91b4ddddc5,transfer,e0f7ae38aa1819681d94,101,coverage,0.0
F4,target_avoided_but_failed,content,2f5b8a5a1eb7b8386a10,same,d3bf94d6313ca5d5aefe,101,capacity,0.0
F4,target_avoided_but_failed,routing,2f5b8a5a1eb7b8386a10,same,d3bf94d6313ca5d5aefe,101,capacity,0.0
F4,target_avoided_but_failed,interaction,2f5b8a5a1eb7b8386a10,same,d3bf94d6313ca5d5aefe,101,capacity,0.0
F4,target_avoided_but_failed,content,2f5b8a5a1eb7b8386a10,transfer,40fd4a9415a73f11a0f3,101,capacity,0.0
F4,target_avoided_but_failed,routing,2f5b8a5a1eb7b8386a10,transfer,40fd4a9415a73f11a0f3,101,capacity,0.0
F4,target_avoided_but_failed,interaction,2f5b8a5a1eb7b8386a10,transfer,40fd4a9415a73f11a0f3,101,capacity,0.0
F4,target_avoided_but_failed,content,35c569b002cf117953b8,same,47e1775ce77c9d9e2a98,101,dispatch,0.0
F4,target_avoided_but_failed,routing,35c569b002cf117953b8,same,47e1775ce77c9d9e2a98,101,dispatch,0.0
F4,target_avoided_but_failed,interaction,35c569b002cf117953b8,same,47e1775ce77c9d9e2a98,101,dispatch,0.0
F4,target_avoided_but_failed,content,35c569b002cf117953b8,transfer,40a8d93ef6bc7525f055,101,dispatch,0.0
F4,target_avoided_but_failed,routing,35c569b002cf117953b8,transfer,40a8d93ef6bc7525f055,101,dispatch,0.0
F4,target_avoided_but_failed,interaction,35c569b002cf117953b8,transfer,40a8d93ef6bc7525f055,101,dispatch,0.0
F4,target_avoided_but_failed,content,48c3a38c076176e80033,same,42feb0b4436c8f010be0,101,energy,-0.5
F4,target_avoided_but_failed,routing,48c3a38c076176e80033,same,42feb0b4436c8f010be0,101,energy,0.5
F4,target_avoided_but_failed,interaction,48c3a38c076176e80033,same,42feb0b4436c8f010be0,101,energy,-1.0
F4,target_avoided_but_failed,content,48c3a38c076176e80033,transfer,853941796819126bd7bf,101,energy,-1.0
F4,target_avoided_but_failed,routing,48c3a38c076176e80033,transfer,853941796819126bd7bf,101,energy,0.0
F4,target_avoided_but_failed,interaction,48c3a38c076176e80033,transfer,853941796819126bd7bf,101,energy,0.0
F4,any_new_error,content,03219101985c4a812f33,same,4c80aca5d1439ced1356,101,storage,-1.0
F4,any_new_error,routing,03219101985c4a812f33,same,4c80aca5d1439ced1356,101,storage,0.0
F4,any_new_error,interaction,03219101985c4a812f33,same,4c80aca5d1439ced1356,101,storage,0.0
F4,any_new_error,content,03219101985c4a812f33,transfer,485e72e394c56d2a9a7d,101,storage,0.0
F4,any_new_error,routing,03219101985c4a812f33,transfer,485e72e394c56d2a9a7d,101,storage,0.0
F4,any_new_error,interaction,03219101985c4a812f33,transfer,485e72e394c56d2a9a7d,101,storage,0.0
F4,any_new_error,content,05105e2b2401f4b85359,same,4ba9234a48df13dba177,101,penalty,0.5
F4,any_new_error,routing,05105e2b2401f4b85359,same,4ba9234a48df13dba177,101,penalty,0.5
F4,any_new_error,interaction,05105e2b2401f4b85359,same,4ba9234a48df13dba177,101,penalty,-1.0
F4,any_new_error,content,05105e2b2401f4b85359,transfer,4cedddea146c5c62c87f,101,penalty,0.0
F4,any_new_error,routing,05105e2b2401f4b85359,transfer,4cedddea146c5c62c87f,101,penalty,0.0
F4,any_new_error,interaction,05105e2b2401f4b85359,transfer,4cedddea146c5c62c87f,101,penalty,0.0
F4,any_new_error,content,13af5df9ee91b4ddddc5,same,f234cde10ec6c1db10a4,101,coverage,-0.5
F4,any_new_error,routing,13af5df9ee91b4ddddc5,same,f234cde10ec6c1db10a4,101,coverage,0.5
F4,any_new_error,interaction,13af5df9ee91b4ddddc5,same,f234cde10ec6c1db10a4,101,coverage,1.0
F4,any_new_error,content,13af5df9ee91b4ddddc5,transfer,e0f7ae38aa1819681d94,101,coverage,0.0
F4,any_new_error,routing,13af5df9ee91b4ddddc5,transfer,e0f7ae38aa1819681d94,101,coverage,0.0
F4,any_new_error,interaction,13af5df9ee91b4ddddc5,transfer,e0f7ae38aa1819681d94,101,coverage,0.0
F4,any_new_error,content,2f5b8a5a1eb7b8386a10,same,d3bf94d6313ca5d5aefe,101,capacity,0.0
F4,any_new_error,routing,2f5b8a5a1eb7b8386a10,same,d3bf94d6313ca5d5aefe,101,capacity,1.0
F4,any_new_error,interaction,2f5b8a5a1eb7b8386a10,same,d3bf94d6313ca5d5aefe,101,capacity,0.0
F4,any_new_error,content,2f5b8a5a1eb7b8386a10,transfer,40fd4a9415a73f11a0f3,101,capacity,0.0
F4,any_new_error,routing,2f5b8a5a1eb7b8386a10,transfer,40fd4a9415a73f11a0f3,101,capacity,1.0
F4,any_new_error,interaction,2f5b8a5a1eb7b8386a10,transfer,40fd4a9415a73f11a0f3,101,capacity,0.0
F4,any_new_error,content,35c569b002cf117953b8,same,47e1775ce77c9d9e2a98,101,dispatch,0.0
F4,any_new_error,routing,35c569b002cf117953b8,same,47e1775ce77c9d9e2a98,101,dispatch,0.0
F4,any_new_error,interaction,35c569b002cf117953b8,same,47e1775ce77c9d9e2a98,101,dispatch,0.0
F4,any_new_error,content,35c569b002cf117953b8,transfer,40a8d93ef6bc7525f055,101,dispatch,0.0
F4,any_new_error,routing,35c569b002cf117953b8,transfer,40a8d93ef6bc7525f055,101,dispatch,0.0
F4,any_new_error,interaction,35c569b002cf117953b8,transfer,40a8d93ef6bc7525f055,101,dispatch,0.0
F4,any_new_error,content,48c3a38c076176e80033,same,42feb0b4436c8f010be0,101,energy,0.5
F4,any_new_error,routing,48c3a38c076176e80033,same,42feb0b4436c8f010be0,101,energy,-0.5
F4,any_new_error,interaction,48c3a38c076176e80033,same,42feb0b4436c8f010be0,101,energy,1.0
F4,any_new_error,content,48c3a38c076176e80033,transfer,853941796819126bd7bf,101,energy,1.0
F4,any_new_error,routing,48c3a38c076176e80033,transfer,853941796819126bd7bf,101,energy,0.0
F4,any_new_error,interaction,48c3a38c076176e80033,transfer,853941796819126bd7bf,101,energy,0.0
F4,any_tool_error,content,03219101985c4a812f33,same,4c80aca5d1439ced1356,101,storage,0.5
F4,any_tool_error,routing,03219101985c4a812f33,same,4c80aca5d1439ced1356,101,storage,0.5
F4,any_tool_error,interaction,03219101985c4a812f33,same,4c80aca5d1439ced1356,101,storage,-1.0
F4,any_tool_error,content,03219101985c4a812f33,transfer,485e72e394c56d2a9a7d,101,storage,-0.5
F4,any_tool_error,routing,03219101985c4a812f33,transfer,485e72e394c56d2a9a7d,101,storage,-0.5
F4,any_tool_error,interaction,03219101985c4a812f33,transfer,485e72e394c56d2a9a7d,101,storage,-1.0
F4,any_tool_error,content,05105e2b2401f4b85359,same,4ba9234a48df13dba177,101,penalty,0.0
F4,any_tool_error,routing,05105e2b2401f4b85359,same,4ba9234a48df13dba177,101,penalty,0.0
F4,any_tool_error,interaction,05105e2b2401f4b85359,same,4ba9234a48df13dba177,101,penalty,0.0
F4,any_tool_error,content,05105e2b2401f4b85359,transfer,4cedddea146c5c62c87f,101,penalty,0.0
F4,any_tool_error,routing,05105e2b2401f4b85359,transfer,4cedddea146c5c62c87f,101,penalty,0.0
F4,any_tool_error,interaction,05105e2b2401f4b85359,transfer,4cedddea146c5c62c87f,101,penalty,-2.0
F4,any_tool_error,content,13af5df9ee91b4ddddc5,same,f234cde10ec6c1db10a4,101,coverage,-0.5
F4,any_tool_error,routing,13af5df9ee91b4ddddc5,same,f234cde10ec6c1db10a4,101,coverage,-0.5
F4,any_tool_error,interaction,13af5df9ee91b4ddddc5,same,f234cde10ec6c1db10a4,101,coverage,-1.0
F4,any_tool_error,content,13af5df9ee91b4ddddc5,transfer,e0f7ae38aa1819681d94,101,coverage,0.0
F4,any_tool_error,routing,13af5df9ee91b4ddddc5,transfer,e0f7ae38aa1819681d94,101,coverage,0.0
F4,any_tool_error,interaction,13af5df9ee91b4ddddc5,transfer,e0f7ae38aa1819681d94,101,coverage,0.0
F4,any_tool_error,content,2f5b8a5a1eb7b8386a10,same,d3bf94d6313ca5d5aefe,101,capacity,0.5
F4,any_tool_error,routing,2f5b8a5a1eb7b8386a10,same,d3bf94d6313ca5d5aefe,101,capacity,0.5
F4,any_tool_error,interaction,2f5b8a5a1eb7b8386a10,same,d3bf94d6313ca5d5aefe,101,capacity,-1.0
F4,any_tool_error,content,2f5b8a5a1eb7b8386a10,transfer,40fd4a9415a73f11a0f3,101,capacity,0.0
F4,any_tool_error,routing,2f5b8a5a1eb7b8386a10,transfer,40fd4a9415a73f11a0f3,101,capacity,0.0
F4,any_tool_error,interaction,2f5b8a5a1eb7b8386a10,transfer,40fd4a9415a73f11a0f3,101,capacity,0.0
F4,any_tool_error,content,35c569b002cf117953b8,same,47e1775ce77c9d9e2a98,101,dispatch,0.0
F4,any_tool_error,routing,35c569b002cf117953b8,same,47e1775ce77c9d9e2a98,101,dispatch,0.0
F4,any_tool_error,interaction,35c569b002cf117953b8,same,47e1775ce77c9d9e2a98,101,dispatch,0.0
F4,any_tool_error,content,35c569b002cf117953b8,transfer,40a8d93ef6bc7525f055,101,dispatch,-0.5
F4,any_tool_error,routing,35c569b002cf117953b8,transfer,40a8d93ef6bc7525f055,101,dispatch,-0.5
F4,any_tool_error,interaction,35c569b002cf117953b8,transfer,40a8d93ef6bc7525f055,101,dispatch,-1.0
F4,any_tool_error,content,48c3a38c076176e80033,same,42feb0b4436c8f010be0,101,energy,0.0
F4,any_tool_error,routing,48c3a38c076176e80033,same,42feb0b4436c8f010be0,101,energy,1.0
F4,any_tool_error,interaction,48c3a38c076176e80033,same,42feb0b4436c8f010be0,101,energy,0.0
F4,any_tool_error,content,48c3a38c076176e80033,transfer,853941796819126bd7bf,101,energy,-1.0
F4,any_tool_error,routing,48c3a38c076176e80033,transfer,853941796819126bd7bf,101,energy,0.0
F4,any_tool_error,interaction,48c3a38c076176e80033,transfer,853941796819126bd7bf,101,energy,0.0
F4,budget_ceiling,content,03219101985c4a812f33,same,4c80aca5d1439ced1356,101,storage,0.0
F4,budget_ceiling,routing,03219101985c4a812f33,same,4c80aca5d1439ced1356,101,storage,0.0
F4,budget_ceiling,interaction,03219101985c4a812f33,same,4c80aca5d1439ced1356,101,storage,0.0
F4,budget_ceiling,content,03219101985c4a812f33,transfer,485e72e394c56d2a9a7d,101,storage,0.0
F4,budget_ceiling,routing,03219101985c4a812f33,transfer,485e72e394c56d2a9a7d,101,storage,0.0
F4,budget_ceiling,interaction,03219101985c4a812f33,transfer,485e72e394c56d2a9a7d,101,storage,0.0
F4,budget_ceiling,content,05105e2b2401f4b85359,same,4ba9234a48df13dba177,101,penalty,0.0
F4,budget_ceiling,routing,05105e2b2401f4b85359,same,4ba9234a48df13dba177,101,penalty,0.0
F4,budget_ceiling,interaction,05105e2b2401f4b85359,same,4ba9234a48df13dba177,101,penalty,0.0
F4,budget_ceiling,content,05105e2b2401f4b85359,transfer,4cedddea146c5c62c87f,101,penalty,0.0
F4,budget_ceiling,routing,05105e2b2401f4b85359,transfer,4cedddea146c5c62c87f,101,penalty,0.0
F4,budget_ceiling,interaction,05105e2b2401f4b85359,transfer,4cedddea146c5c62c87f,101,penalty,0.0
F4,budget_ceiling,content,13af5df9ee91b4ddddc5,same,f234cde10ec6c1db10a4,101,coverage,0.0
F4,budget_ceiling,routing,13af5df9ee91b4ddddc5,same,f234cde10ec6c1db10a4,101,coverage,0.0
F4,budget_ceiling,interaction,13af5df9ee91b4ddddc5,same,f234cde10ec6c1db10a4,101,coverage,0.0
F4,budget_ceiling,content,13af5df9ee91b4ddddc5,transfer,e0f7ae38aa1819681d94,101,coverage,0.0
F4,budget_ceiling,routing,13af5df9ee91b4ddddc5,transfer,e0f7ae38aa1819681d94,101,coverage,0.0
F4,budget_ceiling,interaction,13af5df9ee91b4ddddc5,transfer,e0f7ae38aa1819681d94,101,coverage,0.0
F4,budget_ceiling,content,2f5b8a5a1eb7b8386a10,same,d3bf94d6313ca5d5aefe,101,capacity,0.0
F4,budget_ceiling,routing,2f5b8a5a1eb7b8386a10,same,d3bf94d6313ca5d5aefe,101,capacity,0.0
F4,budget_ceiling,interaction,2f5b8a5a1eb7b8386a10,same,d3bf94d6313ca5d5aefe,101,capacity,0.0
F4,budget_ceiling,content,2f5b8a5a1eb7b8386a10,transfer,40fd4a9415a73f11a0f3,101,capacity,0.0
F4,budget_ceiling,routing,2f5b8a5a1eb7b8386a10,transfer,40fd4a9415a73f11a0f3,101,capacity,0.0
F4,budget_ceiling,interaction,2f5b8a5a1eb7b8386a10,transfer,40fd4a9415a73f11a0f3,101,capacity,0.0
F4,budget_ceiling,content,35c569b002cf117953b8,same,47e1775ce77c9d9e2a98,101,dispatch,0.0
F4,budget_ceiling,routing,35c569b002cf117953b8,same,47e1775ce77c9d9e2a98,101,dispatch,0.0
F4,budget_ceiling,interaction,35c569b002cf117953b8,same,47e1775ce77c9d9e2a98,101,dispatch,0.0
F4,budget_ceiling,content,35c569b002cf117953b8,transfer,40a8d93ef6bc7525f055,101,dispatch,0.0
F4,budget_ceiling,routing,35c569b002cf117953b8,transfer,40a8d93ef6bc7525f055,101,dispatch,0.0
F4,budget_ceiling,interaction,35c569b002cf117953b8,transfer,40a8d93ef6bc7525f055,101,dispatch,0.0
F4,budget_ceiling,content,48c3a38c076176e80033,same,42feb0b4436c8f010be0,101,energy,0.0
F4,budget_ceiling,routing,48c3a38c076176e80033,same,42feb0b4436c8f010be0,101,energy,0.0
F4,budget_ceiling,interaction,48c3a38c076176e80033,same,42feb0b4436c8f010be0,101,energy,0.0
F4,budget_ceiling,content,48c3a38c076176e80033,transfer,853941796819126bd7bf,101,energy,0.0
F4,budget_ceiling,routing,48c3a38c076176e80033,transfer,853941796819126bd7bf,101,energy,0.0
F4,budget_ceiling,interaction,48c3a38c076176e80033,transfer,853941796819126bd7bf,101,energy,0.0
