experiment,mechanism,kind,method,role,tool,n,run_rate,mean_count
E1,F1,reversal,components_SOCDKPU,analyst,allocate,36,0.7222222222222222,0.9722222222222222
E1,F1,reversal,components_SOCDKPU,analyst,calculate,36,0.8888888888888888,1.2777777777777777
E1,F1,reversal,components_SOCDKPU,analyst,contract,36,0.1111111111111111,0.1111111111111111
E1,F1,reversal,components_SOCDKPU,analyst,finish,36,0.4166666666666667,0.4166666666666667
E1,F1,reversal,components_SOCDKPU,analyst,message,36,0.8888888888888888,1.3611111111111112
E1,F1,reversal,components_SOCDKPU,analyst,read_artifact,36,0.08333333333333333,0.08333333333333333
E1,F1,reversal,components_SOCDKPU,analyst,verify,36,0.8888888888888888,1.4722222222222223
E1,F1,reversal,components_SOCDKPU,coordinator,assign,36,0.9722222222222222,1.1388888888888888
E1,F1,reversal,components_SOCDKPU,coordinator,contract,36,0.05555555555555555,0.08333333333333333
E1,F1,reversal,components_SOCDKPU,coordinator,finish,36,0.25,0.25
E1,F1,reversal,components_SOCDKPU,coordinator,message,36,1.0,2.0
E1,F1,reversal,components_SOCDKPU,coordinator,status,36,1.0,2.5277777777777777
E1,F1,reversal,components_SOCDKPU,executor,commit,36,0.75,1.3333333333333333
E1,F1,reversal,components_SOCDKPU,executor,finish,36,0.6944444444444444,0.6944444444444444
E1,F1,reversal,components_SOCDKPU,executor,message,36,0.5833333333333334,0.6111111111111112
E1,F1,reversal,components_SOCDKPU,executor,read_artifact,36,0.027777777777777776,0.027777777777777776
E1,F1,reversal,components_SOCDKPU,executor,status,36,0.8888888888888888,1.6388888888888888
E1,F1,reversal,components_SOCDKPU,executor,verify,36,0.8888888888888888,1.0
E1,F1,reversal,components_SOCDKPU,provider,allocate,36,0.75,1.2777777777777777
E1,F1,reversal,components_SOCDKPU,provider,confirm,36,0.6388888888888888,1.5555555555555556
E1,F1,reversal,components_SOCDKPU,provider,contract,36,0.1111111111111111,0.1111111111111111
E1,F1,reversal,components_SOCDKPU,provider,finish,36,0.3333333333333333,0.4166666666666667
E1,F1,reversal,components_SOCDKPU,provider,message,36,0.8055555555555556,0.9444444444444444
E1,F1,reversal,components_SOCDKPU,provider,publish,36,0.75,1.0
E1,F1,reversal,components_SOCDKPU,provider,read_records,36,0.2777777777777778,0.3611111111111111
E1,F1,reversal,components_SP,analyst,allocate,36,0.8611111111111112,1.2222222222222223
E1,F1,reversal,components_SP,analyst,calculate,36,0.9722222222222222,1.2777777777777777
E1,F1,reversal,components_SP,analyst,contract,36,0.2777777777777778,0.2777777777777778
E1,F1,reversal,components_SP,analyst,finish,36,0.5555555555555556,0.5555555555555556
E1,F1,reversal,components_SP,analyst,message,36,0.8888888888888888,1.1944444444444444
E1,F1,reversal,components_SP,analyst,read_artifact,36,0.05555555555555555,0.05555555555555555
E1,F1,reversal,components_SP,analyst,verify,36,0.9444444444444444,1.1666666666666667
E1,F1,reversal,components_SP,coordinator,assign,36,1.0,1.3611111111111112
E1,F1,reversal,components_SP,coordinator,contract,36,0.2777777777777778,0.2777777777777778
E1,F1,reversal,components_SP,coordinator,finish,36,0.3333333333333333,0.3333333333333333
E1,F1,reversal,components_SP,coordinator,message,36,1.0,2.138888888888889
E1,F1,reversal,components_SP,coordinator,status,36,1.0,1.8888888888888888
E1,F1,reversal,components_SP,executor,commit,36,1.0,1.0
E1,F1,reversal,components_SP,executor,contract,36,0.027777777777777776,0.05555555555555555
E1,F1,reversal,components_SP,executor,finish,36,0.8888888888888888,0.8888888888888888
E1,F1,reversal,components_SP,executor,message,36,0.5277777777777778,0.5833333333333334
E1,F1,reversal,components_SP,executor,status,36,1.0,1.3611111111111112
E1,F1,reversal,components_SP,executor,verify,36,0.9444444444444444,0.9444444444444444
E1,F1,reversal,components_SP,provider,allocate,36,1.0,1.6388888888888888
E1,F1,reversal,components_SP,provider,confirm,36,0.75,0.8055555555555556
E1,F1,reversal,components_SP,provider,finish,36,0.6944444444444444,0.6944444444444444
E1,F1,reversal,components_SP,provider,message,36,0.8611111111111112,0.9166666666666666
E1,F1,reversal,components_SP,provider,publish,36,0.8888888888888888,0.9722222222222222
E1,F1,reversal,components_SP,provider,read_records,36,0.8611111111111112,0.8611111111111112
E1,F1,same,components_SOCDKPU,analyst,allocate,36,0.8055555555555556,1.0555555555555556
E1,F1,same,components_SOCDKPU,analyst,calculate,36,0.9166666666666666,1.2777777777777777
E1,F1,same,components_SOCDKPU,analyst,contract,36,0.16666666666666666,0.19444444444444445
E1,F1,same,components_SOCDKPU,analyst,finish,36,0.4722222222222222,0.4722222222222222
E1,F1,same,components_SOCDKPU,analyst,message,36,0.8611111111111112,1.1111111111111112
E1,F1,same,components_SOCDKPU,analyst,read_artifact,36,0.08333333333333333,0.08333333333333333
E1,F1,same,components_SOCDKPU,analyst,verify,36,0.8333333333333334,1.5555555555555556
E1,F1,same,components_SOCDKPU,coordinator,assign,36,0.9444444444444444,0.9722222222222222
E1,F1,same,components_SOCDKPU,coordinator,contract,36,0.027777777777777776,0.027777777777777776
E1,F1,same,components_SOCDKPU,coordinator,finish,36,0.3888888888888889,0.3888888888888889
E1,F1,same,components_SOCDKPU,coordinator,message,36,1.0,2.0277777777777777
E1,F1,same,components_SOCDKPU,coordinator,signoff,36,0.08333333333333333,0.08333333333333333
E1,F1,same,components_SOCDKPU,coordinator,status,36,1.0,2.5
E1,F1,same,components_SOCDKPU,executor,commit,36,0.7777777777777778,0.7777777777777778
E1,F1,same,components_SOCDKPU,executor,contract,36,0.05555555555555555,0.05555555555555555
E1,F1,same,components_SOCDKPU,executor,finish,36,0.8055555555555556,0.8888888888888888
E1,F1,same,components_SOCDKPU,executor,message,36,0.5,0.5
E1,F1,same,components_SOCDKPU,executor,read_artifact,36,0.05555555555555555,0.05555555555555555
E1,F1,same,components_SOCDKPU,executor,status,36,1.0,1.5833333333333333
E1,F1,same,components_SOCDKPU,executor,verify,36,0.8888888888888888,0.9444444444444444
E1,F1,same,components_SOCDKPU,provider,allocate,36,0.8333333333333334,1.1666666666666667
E1,F1,same,components_SOCDKPU,provider,confirm,36,0.6666666666666666,1.2222222222222223
E1,F1,same,components_SOCDKPU,provider,contract,36,0.16666666666666666,0.2222222222222222
E1,F1,same,components_SOCDKPU,provider,finish,36,0.3888888888888889,0.4722222222222222
E1,F1,same,components_SOCDKPU,provider,message,36,0.7222222222222222,1.0833333333333333
E1,F1,same,components_SOCDKPU,provider,publish,36,0.8611111111111112,1.1944444444444444
E1,F1,same,components_SOCDKPU,provider,read_records,36,0.25,0.25
E1,F1,same,components_SP,analyst,allocate,36,0.8888888888888888,1.1666666666666667
E1,F1,same,components_SP,analyst,calculate,36,0.9166666666666666,1.1111111111111112
E1,F1,same,components_SP,analyst,contract,36,0.25,0.25
E1,F1,same,components_SP,analyst,finish,36,0.6388888888888888,0.6388888888888888
E1,F1,same,components_SP,analyst,message,36,0.9444444444444444,1.2777777777777777
E1,F1,same,components_SP,analyst,read_artifact,36,0.08333333333333333,0.1111111111111111
E1,F1,same,components_SP,analyst,verify,36,0.9166666666666666,1.25
E1,F1,same,components_SP,coordinator,assign,36,0.9722222222222222,1.3055555555555556
E1,F1,same,components_SP,coordinator,contract,36,0.3055555555555556,0.3055555555555556
E1,F1,same,components_SP,coordinator,finish,36,0.3333333333333333,0.3333333333333333
E1,F1,same,components_SP,coordinator,message,36,1.0,2.1666666666666665
E1,F1,same,components_SP,coordinator,status,36,1.0,1.8888888888888888
E1,F1,same,components_SP,executor,commit,36,0.9722222222222222,0.9722222222222222
E1,F1,same,components_SP,executor,finish,36,0.8055555555555556,0.8611111111111112
E1,F1,same,components_SP,executor,message,36,0.5277777777777778,0.5833333333333334
E1,F1,same,components_SP,executor,status,36,0.9444444444444444,1.3333333333333333
E1,F1,same,components_SP,executor,verify,36,0.9444444444444444,1.0833333333333333
E1,F1,same,components_SP,provider,allocate,36,1.0,1.5555555555555556
E1,F1,same,components_SP,provider,confirm,36,0.6666666666666666,0.7222222222222222
E1,F1,same,components_SP,provider,finish,36,0.7777777777777778,0.7777777777777778
E1,F1,same,components_SP,provider,message,36,0.7777777777777778,1.0
E1,F1,same,components_SP,provider,publish,36,0.8333333333333334,0.8333333333333334
E1,F1,same,components_SP,provider,read_records,36,0.8333333333333334,0.8333333333333334
E1,F1,transfer,components_SOCDKPU,analyst,allocate,36,0.8055555555555556,0.9166666666666666
E1,F1,transfer,components_SOCDKPU,analyst,calculate,36,0.9444444444444444,1.3611111111111112
E1,F1,transfer,components_SOCDKPU,analyst,finish,36,0.3888888888888889,0.4722222222222222
E1,F1,transfer,components_SOCDKPU,analyst,message,36,1.0,1.3333333333333333
E1,F1,transfer,components_SOCDKPU,analyst,read_artifact,36,0.08333333333333333,0.1388888888888889
E1,F1,transfer,components_SOCDKPU,analyst,verify,36,0.8611111111111112,1.4444444444444444
E1,F1,transfer,components_SOCDKPU,coordinator,assign,36,0.9722222222222222,1.0555555555555556
E1,F1,transfer,components_SOCDKPU,coordinator,finish,36,0.6388888888888888,0.6388888888888888
E1,F1,transfer,components_SOCDKPU,coordinator,message,36,1.0,1.8611111111111112
E1,F1,transfer,components_SOCDKPU,coordinator,status,36,1.0,2.3333333333333335
E1,F1,transfer,components_SOCDKPU,executor,commit,36,0.8888888888888888,1.0
E1,F1,transfer,components_SOCDKPU,executor,contract,36,0.05555555555555555,0.05555555555555555
E1,F1,transfer,components_SOCDKPU,executor,finish,36,0.7222222222222222,0.8055555555555556
E1,F1,transfer,components_SOCDKPU,executor,message,36,0.6944444444444444,0.6944444444444444
E1,F1,transfer,components_SOCDKPU,executor,status,36,1.0,1.5277777777777777
E1,F1,transfer,components_SOCDKPU,executor,verify,36,0.8333333333333334,0.9722222222222222
E1,F1,transfer,components_SOCDKPU,provider,allocate,36,0.9166666666666666,1.5833333333333333
E1,F1,transfer,components_SOCDKPU,provider,confirm,36,0.6666666666666666,0.75
E1,F1,transfer,components_SOCDKPU,provider,contract,36,0.08333333333333333,0.08333333333333333
E1,F1,transfer,components_SOCDKPU,provider,finish,36,0.5555555555555556,0.6388888888888888
E1,F1,transfer,components_SOCDKPU,provider,message,36,0.8333333333333334,1.1388888888888888
E1,F1,transfer,components_SOCDKPU,provider,publish,36,1.0,1.25
E1,F1,transfer,components_SOCDKPU,provider,read_records,36,0.25,0.25
E1,F1,transfer,components_SP,analyst,allocate,36,1.0,1.0555555555555556
E1,F1,transfer,components_SP,analyst,calculate,36,1.0,1.0555555555555556
E1,F1,transfer,components_SP,analyst,contract,36,0.1388888888888889,0.1388888888888889
E1,F1,transfer,components_SP,analyst,finish,36,0.4722222222222222,0.4722222222222222
E1,F1,transfer,components_SP,analyst,message,36,0.9722222222222222,0.9722222222222222
E1,F1,transfer,components_SP,analyst,read_artifact,36,0.8333333333333334,0.8333333333333334
E1,F1,transfer,components_SP,analyst,verify,36,1.0,1.3888888888888888
E1,F1,transfer,components_SP,coordinator,assign,36,1.0,1.2222222222222223
E1,F1,transfer,components_SP,coordinator,finish,36,0.8333333333333334,0.8333333333333334
E1,F1,transfer,components_SP,coordinator,message,36,1.0,2.0555555555555554
E1,F1,transfer,components_SP,coordinator,status,36,1.0,1.8333333333333333
E1,F1,transfer,components_SP,executor,commit,36,1.0,1.0
E1,F1,transfer,components_SP,executor,finish,36,1.0,1.1388888888888888
E1,F1,transfer,components_SP,executor,message,36,0.5833333333333334,0.5833333333333334
E1,F1,transfer,components_SP,executor,status,36,0.8333333333333334,0.9722222222222222
E1,F1,transfer,components_SP,executor,verify,36,0.8888888888888888,0.8888888888888888
E1,F1,transfer,components_SP,provider,allocate,36,1.0,1.0555555555555556
E1,F1,transfer,components_SP,provider,confirm,36,0.8055555555555556,0.8333333333333334
E1,F1,transfer,components_SP,provider,finish,36,0.9722222222222222,0.9722222222222222
E1,F1,transfer,components_SP,provider,message,36,1.0,1.0
E1,F1,transfer,components_SP,provider,publish,36,1.0,1.0
E1,F1,transfer,components_SP,provider,read_records,36,1.0,1.0
E1,F2,reversal,components_SOCDKPU,analyst,allocate,33,0.36363636363636365,0.36363636363636365
E1,F2,reversal,components_SOCDKPU,analyst,calculate,33,0.9696969696969697,1.5454545454545454
E1,F2,reversal,components_SOCDKPU,analyst,contract,33,0.12121212121212122,0.18181818181818182
E1,F2,reversal,components_SOCDKPU,analyst,finish,33,0.3333333333333333,0.3333333333333333
E1,F2,reversal,components_SOCDKPU,analyst,message,33,0.8787878787878788,1.0606060606060606
E1,F2,reversal,components_SOCDKPU,analyst,read_artifact,33,0.12121212121212122,0.15151515151515152
E1,F2,reversal,components_SOCDKPU,analyst,verify,33,0.9090909090909091,2.121212121212121
E1,F2,reversal,components_SOCDKPU,coordinator,assign,33,0.9393939393939394,1.0303030303030303
E1,F2,reversal,components_SOCDKPU,coordinator,contract,33,0.12121212121212122,0.12121212121212122
E1,F2,reversal,components_SOCDKPU,coordinator,finish,33,0.6363636363636364,0.6363636363636364
E1,F2,reversal,components_SOCDKPU,coordinator,message,33,1.0,2.121212121212121
E1,F2,reversal,components_SOCDKPU,coordinator,status,33,1.0,2.090909090909091
E1,F2,reversal,components_SOCDKPU,executor,commit,33,0.8484848484848485,1.0
E1,F2,reversal,components_SOCDKPU,executor,contract,33,0.06060606060606061,0.06060606060606061
E1,F2,reversal,components_SOCDKPU,executor,finish,33,0.696969696969697,1.0303030303030303
E1,F2,reversal,components_SOCDKPU,executor,message,33,0.48484848484848486,0.48484848484848486
E1,F2,reversal,components_SOCDKPU,executor,status,33,0.9090909090909091,1.5454545454545454
E1,F2,reversal,components_SOCDKPU,executor,verify,33,0.696969696969697,0.8181818181818182
E1,F2,reversal,components_SOCDKPU,provider,allocate,33,0.6363636363636364,1.0606060606060606
E1,F2,reversal,components_SOCDKPU,provider,confirm,33,0.7272727272727273,1.696969696969697
E1,F2,reversal,components_SOCDKPU,provider,contract,33,0.12121212121212122,0.15151515151515152
E1,F2,reversal,components_SOCDKPU,provider,finish,33,0.5454545454545454,0.5454545454545454
E1,F2,reversal,components_SOCDKPU,provider,message,33,0.9090909090909091,1.0303030303030303
E1,F2,reversal,components_SOCDKPU,provider,publish,33,0.9393939393939394,1.1818181818181819
E1,F2,reversal,components_SOCDKPU,provider,read_records,33,0.09090909090909091,0.09090909090909091
E1,F2,reversal,components_SP,analyst,allocate,33,0.5454545454545454,0.7272727272727273
E1,F2,reversal,components_SP,analyst,calculate,33,0.9696969696969697,1.1515151515151516
E1,F2,reversal,components_SP,analyst,contract,33,0.36363636363636365,0.36363636363636365
E1,F2,reversal,components_SP,analyst,finish,33,0.6666666666666666,0.6666666666666666
E1,F2,reversal,components_SP,analyst,message,33,0.9696969696969697,1.1818181818181819
E1,F2,reversal,components_SP,analyst,read_artifact,33,0.030303030303030304,0.030303030303030304
E1,F2,reversal,components_SP,analyst,verify,33,1.0,1.4848484848484849
E1,F2,reversal,components_SP,coordinator,assign,33,1.0,1.0909090909090908
E1,F2,reversal,components_SP,coordinator,contract,33,0.15151515151515152,0.15151515151515152
E1,F2,reversal,components_SP,coordinator,finish,33,0.45454545454545453,0.45454545454545453
E1,F2,reversal,components_SP,coordinator,message,33,1.0,2.242424242424242
E1,F2,reversal,components_SP,coordinator,signoff,33,0.030303030303030304,0.030303030303030304
E1,F2,reversal,components_SP,coordinator,status,33,1.0,2.0303030303030303
E1,F2,reversal,components_SP,executor,commit,33,0.8787878787878788,0.9696969696969697
E1,F2,reversal,components_SP,executor,finish,33,0.9393939393939394,1.0
E1,F2,reversal,components_SP,executor,message,33,0.48484848484848486,0.5151515151515151
E1,F2,reversal,components_SP,executor,status,33,0.9393939393939394,1.3636363636363635
E1,F2,reversal,components_SP,executor,verify,33,0.8787878787878788,0.8787878787878788
E1,F2,reversal,components_SP,provider,allocate,33,1.0,1.2727272727272727
E1,F2,reversal,components_SP,provider,confirm,33,0.7878787878787878,0.8484848484848485
E1,F2,reversal,components_SP,provider,finish,33,0.696969696969697,0.696969696969697
E1,F2,reversal,components_SP,provider,message,33,0.9696969696969697,1.2121212121212122
E1,F2,reversal,components_SP,provider,publish,33,0.9393939393939394,0.9393939393939394
E1,F2,reversal,components_SP,provider,read_records,33,0.8787878787878788,0.8787878787878788
E1,F2,same,components_SOCDKPU,analyst,allocate,33,0.45454545454545453,0.6666666666666666
E1,F2,same,components_SOCDKPU,analyst,calculate,33,0.9696969696969697,1.4242424242424243
E1,F2,same,components_SOCDKPU,analyst,contract,33,0.15151515151515152,0.15151515151515152
E1,F2,same,components_SOCDKPU,analyst,finish,33,0.2727272727272727,0.2727272727272727
E1,F2,same,components_SOCDKPU,analyst,message,33,0.8787878787878788,0.9696969696969697
E1,F2,same,components_SOCDKPU,analyst,read_artifact,33,0.06060606060606061,0.06060606060606061
E1,F2,same,components_SOCDKPU,analyst,verify,33,0.9393939393939394,2.3333333333333335
E1,F2,same,components_SOCDKPU,coordinator,assign,33,1.0,1.0606060606060606
E1,F2,same,components_SOCDKPU,coordinator,contract,33,0.15151515151515152,0.15151515151515152
E1,F2,same,components_SOCDKPU,coordinator,finish,33,0.7575757575757576,0.7575757575757576
E1,F2,same,components_SOCDKPU,coordinator,message,33,1.0,2.0
E1,F2,same,components_SOCDKPU,coordinator,status,33,1.0,2.0303030303030303
E1,F2,same,components_SOCDKPU,executor,commit,33,0.9696969696969697,1.0
E1,F2,same,components_SOCDKPU,executor,contract,33,0.06060606060606061,0.06060606060606061
E1,F2,same,components_SOCDKPU,executor,finish,33,0.8787878787878788,1.1818181818181819
E1,F2,same,components_SOCDKPU,executor,message,33,0.30303030303030304,0.30303030303030304
E1,F2,same,components_SOCDKPU,executor,status,33,0.9696969696969697,1.2727272727272727
E1,F2,same,components_SOCDKPU,executor,verify,33,0.696969696969697,0.7272727272727273
E1,F2,same,components_SOCDKPU,provider,allocate,33,0.9393939393939394,1.4242424242424243
E1,F2,same,components_SOCDKPU,provider,confirm,33,0.7878787878787878,1.2121212121212122
E1,F2,same,components_SOCDKPU,provider,contract,33,0.15151515151515152,0.15151515151515152
E1,F2,same,components_SOCDKPU,provider,finish,33,0.6363636363636364,0.6363636363636364
E1,F2,same,components_SOCDKPU,provider,message,33,0.9696969696969697,1.1515151515151516
E1,F2,same,components_SOCDKPU,provider,publish,33,1.0,1.0606060606060606
E1,F2,same,components_SOCDKPU,provider,read_records,33,0.12121212121212122,0.12121212121212122
E1,F2,same,components_SP,analyst,allocate,33,0.5757575757575758,0.6363636363636364
E1,F2,same,components_SP,analyst,calculate,33,1.0,1.3636363636363635
E1,F2,same,components_SP,analyst,contract,33,0.48484848484848486,0.5757575757575758
E1,F2,same,components_SP,analyst,finish,33,0.5454545454545454,0.5454545454545454
E1,F2,same,components_SP,analyst,message,33,0.9393939393939394,1.0303030303030303
E1,F2,same,components_SP,analyst,read_artifact,33,0.15151515151515152,0.15151515151515152
E1,F2,same,components_SP,analyst,verify,33,1.0,1.4242424242424243
E1,F2,same,components_SP,coordinator,assign,33,1.0,1.0303030303030303
E1,F2,same,components_SP,coordinator,contract,33,0.06060606060606061,0.06060606060606061
E1,F2,same,components_SP,coordinator,finish,33,0.5454545454545454,0.5454545454545454
E1,F2,same,components_SP,coordinator,message,33,1.0,2.212121212121212
E1,F2,same,components_SP,coordinator,signoff,33,0.030303030303030304,0.030303030303030304
E1,F2,same,components_SP,coordinator,status,33,1.0,2.121212121212121
E1,F2,same,components_SP,executor,commit,33,0.9090909090909091,0.9393939393939394
E1,F2,same,components_SP,executor,finish,33,0.9090909090909091,0.9393939393939394
E1,F2,same,components_SP,executor,message,33,0.48484848484848486,0.48484848484848486
E1,F2,same,components_SP,executor,status,33,0.9393939393939394,1.3333333333333333
E1,F2,same,components_SP,executor,verify,33,0.9090909090909091,0.9393939393939394
E1,F2,same,components_SP,provider,allocate,33,1.0,1.1818181818181819
E1,F2,same,components_SP,provider,confirm,33,0.8787878787878788,0.9090909090909091
E1,F2,same,components_SP,provider,finish,33,0.8484848484848485,0.8484848484848485
E1,F2,same,components_SP,provider,message,33,0.9393939393939394,1.0909090909090908
E1,F2,same,components_SP,provider,publish,33,0.9090909090909091,0.9090909090909091
E1,F2,same,components_SP,provider,read_records,33,0.8787878787878788,0.9393939393939394
E1,F2,transfer,components_SOCDKPU,analyst,allocate,33,0.7272727272727273,1.0909090909090908
E1,F2,transfer,components_SOCDKPU,analyst,calculate,33,0.9393939393939394,1.393939393939394
E1,F2,transfer,components_SOCDKPU,analyst,contract,33,0.09090909090909091,0.15151515151515152
E1,F2,transfer,components_SOCDKPU,analyst,finish,33,0.30303030303030304,0.30303030303030304
E1,F2,transfer,components_SOCDKPU,analyst,message,33,1.0,1.3333333333333333
E1,F2,transfer,components_SOCDKPU,analyst,verify,33,0.8181818181818182,1.4545454545454546
E1,F2,transfer,components_SOCDKPU,coordinator,assign,33,0.9696969696969697,1.0909090909090908
E1,F2,transfer,components_SOCDKPU,coordinator,contract,33,0.030303030303030304,0.030303030303030304
E1,F2,transfer,components_SOCDKPU,coordinator,finish,33,0.6060606060606061,0.6060606060606061
E1,F2,transfer,components_SOCDKPU,coordinator,message,33,1.0,2.1818181818181817
E1,F2,transfer,components_SOCDKPU,coordinator,status,33,1.0,2.0606060606060606
E1,F2,transfer,components_SOCDKPU,executor,commit,33,1.0,1.4242424242424243
E1,F2,transfer,components_SOCDKPU,executor,contract,33,0.030303030303030304,0.030303030303030304
E1,F2,transfer,components_SOCDKPU,executor,finish,33,0.7272727272727273,0.9090909090909091
E1,F2,transfer,components_SOCDKPU,executor,message,33,0.5454545454545454,0.5454545454545454
E1,F2,transfer,components_SOCDKPU,executor,status,33,0.8181818181818182,1.303030303030303
E1,F2,transfer,components_SOCDKPU,executor,verify,33,0.8181818181818182,0.9090909090909091
E1,F2,transfer,components_SOCDKPU,provider,allocate,33,1.0,1.5454545454545454
E1,F2,transfer,components_SOCDKPU,provider,confirm,33,0.7878787878787878,0.9696969696969697
E1,F2,transfer,components_SOCDKPU,provider,contract,33,0.09090909090909091,0.09090909090909091
E1,F2,transfer,components_SOCDKPU,provider,finish,33,0.8787878787878788,0.8787878787878788
E1,F2,transfer,components_SOCDKPU,provider,message,33,1.0,1.1515151515151516
E1,F2,transfer,components_SOCDKPU,provider,publish,33,1.0,1.0
E1,F2,transfer,components_SP,analyst,allocate,33,0.9393939393939394,1.0
E1,F2,transfer,components_SP,analyst,calculate,33,1.0,1.0
E1,F2,transfer,components_SP,analyst,contract,33,0.18181818181818182,0.18181818181818182
E1,F2,transfer,components_SP,analyst,finish,33,0.6666666666666666,0.6666666666666666
E1,F2,transfer,components_SP,analyst,message,33,0.8787878787878788,0.8787878787878788
E1,F2,transfer,components_SP,analyst,read_artifact,33,0.7878787878787878,0.7878787878787878
E1,F2,transfer,components_SP,analyst,verify,33,0.9696969696969697,1.4242424242424243
E1,F2,transfer,components_SP,coordinator,assign,33,0.9696969696969697,1.1515151515151516
E1,F2,transfer,components_SP,coordinator,finish,33,0.9393939393939394,0.9393939393939394
E1,F2,transfer,components_SP,coordinator,message,33,1.0,1.9393939393939394
E1,F2,transfer,components_SP,coordinator,status,33,1.0,1.9090909090909092
E1,F2,transfer,components_SP,executor,commit,33,0.9696969696969697,1.0303030303030303
E1,F2,transfer,components_SP,executor,finish,33,1.0,1.2424242424242424
E1,F2,transfer,components_SP,executor,message,33,0.42424242424242425,0.45454545454545453
E1,F2,transfer,components_SP,executor,status,33,0.7575757575757576,0.7878787878787878
E1,F2,transfer,components_SP,executor,verify,33,0.9696969696969697,0.9696969696969697
E1,F2,transfer,components_SP,provider,allocate,33,1.0,1.0909090909090908
E1,F2,transfer,components_SP,provider,confirm,33,0.9696969696969697,1.0
E1,F2,transfer,components_SP,provider,finish,33,0.9393939393939394,0.9393939393939394
E1,F2,transfer,components_SP,provider,message,33,0.8181818181818182,0.8181818181818182
E1,F2,transfer,components_SP,provider,publish,33,1.0,1.0
E1,F2,transfer,components_SP,provider,read_records,33,1.0,1.0
E1,F3,reversal,components_SOCDKPU,analyst,allocate,36,0.75,0.9166666666666666
E1,F3,reversal,components_SOCDKPU,analyst,calculate,36,0.9722222222222222,1.5833333333333333
E1,F3,reversal,components_SOCDKPU,analyst,finish,36,0.3611111111111111,0.3611111111111111
E1,F3,reversal,components_SOCDKPU,analyst,message,36,0.9722222222222222,1.2222222222222223
E1,F3,reversal,components_SOCDKPU,analyst,read_artifact,36,0.027777777777777776,0.027777777777777776
E1,F3,reversal,components_SOCDKPU,analyst,verify,36,0.8333333333333334,1.4444444444444444
E1,F3,reversal,components_SOCDKPU,coordinator,assign,36,0.8333333333333334,0.8611111111111112
E1,F3,reversal,components_SOCDKPU,coordinator,finish,36,0.6388888888888888,0.6388888888888888
E1,F3,reversal,components_SOCDKPU,coordinator,message,36,1.0,1.8333333333333333
E1,F3,reversal,components_SOCDKPU,coordinator,status,36,1.0,2.5277777777777777
E1,F3,reversal,components_SOCDKPU,executor,commit,36,0.9444444444444444,1.25
E1,F3,reversal,components_SOCDKPU,executor,finish,36,0.6944444444444444,0.9166666666666666
E1,F3,reversal,components_SOCDKPU,executor,message,36,0.5555555555555556,0.5555555555555556
E1,F3,reversal,components_SOCDKPU,executor,status,36,0.9722222222222222,1.5833333333333333
E1,F3,reversal,components_SOCDKPU,executor,verify,36,0.6388888888888888,0.75
E1,F3,reversal,components_SOCDKPU,provider,allocate,36,0.8333333333333334,1.4444444444444444
E1,F3,reversal,components_SOCDKPU,provider,confirm,36,0.6944444444444444,1.4166666666666667
E1,F3,reversal,components_SOCDKPU,provider,contract,36,0.027777777777777776,0.027777777777777776
E1,F3,reversal,components_SOCDKPU,provider,finish,36,0.5277777777777778,0.5555555555555556
E1,F3,reversal,components_SOCDKPU,provider,message,36,0.9166666666666666,1.1666666666666667
E1,F3,reversal,components_SOCDKPU,provider,publish,36,0.8333333333333334,1.0555555555555556
E1,F3,reversal,components_SOCDKPU,provider,read_records,36,0.1111111111111111,0.1111111111111111
E1,F3,reversal,components_SP,analyst,allocate,36,0.8055555555555556,1.1944444444444444
E1,F3,reversal,components_SP,analyst,calculate,36,0.9722222222222222,1.4722222222222223
E1,F3,reversal,components_SP,analyst,finish,36,0.6666666666666666,0.6666666666666666
E1,F3,reversal,components_SP,analyst,message,36,0.9444444444444444,0.9444444444444444
E1,F3,reversal,components_SP,analyst,read_artifact,36,0.2222222222222222,0.2222222222222222
E1,F3,reversal,components_SP,analyst,verify,36,0.8333333333333334,1.25
E1,F3,reversal,components_SP,coordinator,assign,36,1.0,1.1388888888888888
E1,F3,reversal,components_SP,coordinator,contract,36,0.16666666666666666,0.16666666666666666
E1,F3,reversal,components_SP,coordinator,finish,36,0.3611111111111111,0.3611111111111111
E1,F3,reversal,components_SP,coordinator,message,36,1.0,2.1666666666666665
E1,F3,reversal,components_SP,coordinator,status,36,1.0,2.1666666666666665
E1,F3,reversal,components_SP,executor,commit,36,1.0,1.1666666666666667
E1,F3,reversal,components_SP,executor,finish,36,0.8333333333333334,0.9166666666666666
E1,F3,reversal,components_SP,executor,message,36,0.7222222222222222,0.7222222222222222
E1,F3,reversal,components_SP,executor,status,36,0.9722222222222222,1.3333333333333333
E1,F3,reversal,components_SP,executor,verify,36,0.8611111111111112,0.8611111111111112
E1,F3,reversal,components_SP,provider,allocate,36,1.0,1.1944444444444444
E1,F3,reversal,components_SP,provider,confirm,36,0.8055555555555556,0.9722222222222222
E1,F3,reversal,components_SP,provider,finish,36,0.8611111111111112,0.8611111111111112
E1,F3,reversal,components_SP,provider,message,36,0.8888888888888888,1.0
E1,F3,reversal,components_SP,provider,publish,36,0.9166666666666666,0.9166666666666666
E1,F3,reversal,components_SP,provider,read_records,36,0.9166666666666666,0.9166666666666666
E1,F3,same,components_SOCDKPU,analyst,allocate,36,0.7777777777777778,1.0277777777777777
E1,F3,same,components_SOCDKPU,analyst,calculate,36,0.9722222222222222,1.5555555555555556
E1,F3,same,components_SOCDKPU,analyst,finish,36,0.4444444444444444,0.4444444444444444
E1,F3,same,components_SOCDKPU,analyst,message,36,0.9722222222222222,1.0555555555555556
E1,F3,same,components_SOCDKPU,analyst,read_artifact,36,0.027777777777777776,0.027777777777777776
E1,F3,same,components_SOCDKPU,analyst,verify,36,0.8055555555555556,1.3611111111111112
E1,F3,same,components_SOCDKPU,coordinator,assign,36,0.8333333333333334,0.8611111111111112
E1,F3,same,components_SOCDKPU,coordinator,finish,36,0.6111111111111112,0.6111111111111112
E1,F3,same,components_SOCDKPU,coordinator,message,36,1.0,1.9166666666666667
E1,F3,same,components_SOCDKPU,coordinator,status,36,1.0,2.5
E1,F3,same,components_SOCDKPU,executor,commit,36,0.9166666666666666,1.5833333333333333
E1,F3,same,components_SOCDKPU,executor,finish,36,0.6111111111111112,0.7222222222222222
E1,F3,same,components_SOCDKPU,executor,message,36,0.5277777777777778,0.5277777777777778
E1,F3,same,components_SOCDKPU,executor,status,36,0.9166666666666666,1.4722222222222223
E1,F3,same,components_SOCDKPU,executor,verify,36,0.6388888888888888,0.7222222222222222
E1,F3,same,components_SOCDKPU,provider,allocate,36,0.8055555555555556,1.3888888888888888
E1,F3,same,components_SOCDKPU,provider,confirm,36,0.8333333333333334,1.4444444444444444
E1,F3,same,components_SOCDKPU,provider,finish,36,0.5277777777777778,0.6388888888888888
E1,F3,same,components_SOCDKPU,provider,message,36,0.9166666666666666,1.0833333333333333
E1,F3,same,components_SOCDKPU,provider,publish,36,0.9444444444444444,1.1111111111111112
E1,F3,same,components_SOCDKPU,provider,read_records,36,0.027777777777777776,0.027777777777777776
E1,F3,same,components_SP,analyst,allocate,36,0.9166666666666666,1.3611111111111112
E1,F3,same,components_SP,analyst,calculate,36,0.9722222222222222,1.3333333333333333
E1,F3,same,components_SP,analyst,finish,36,0.6388888888888888,0.6666666666666666
E1,F3,same,components_SP,analyst,message,36,0.9444444444444444,0.9444444444444444
E1,F3,same,components_SP,analyst,read_artifact,36,0.25,0.25
E1,F3,same,components_SP,analyst,verify,36,0.8055555555555556,1.1944444444444444
E1,F3,same,components_SP,coordinator,assign,36,1.0,1.1666666666666667
E1,F3,same,components_SP,coordinator,contract,36,0.2222222222222222,0.2222222222222222
E1,F3,same,components_SP,coordinator,finish,36,0.4722222222222222,0.4722222222222222
E1,F3,same,components_SP,coordinator,message,36,1.0,2.0555555555555554
E1,F3,same,components_SP,coordinator,status,36,1.0,2.0833333333333335
E1,F3,same,components_SP,executor,commit,36,1.0,1.0
E1,F3,same,components_SP,executor,finish,36,0.9444444444444444,1.0555555555555556
E1,F3,same,components_SP,executor,message,36,0.6111111111111112,0.6111111111111112
E1,F3,same,components_SP,executor,status,36,0.9444444444444444,1.1388888888888888
E1,F3,same,components_SP,executor,verify,36,0.8888888888888888,0.8888888888888888
E1,F3,same,components_SP,provider,allocate,36,1.0,1.3055555555555556
E1,F3,same,components_SP,provider,confirm,36,0.7777777777777778,0.8055555555555556
E1,F3,same,components_SP,provider,finish,36,0.8333333333333334,0.8333333333333334
E1,F3,same,components_SP,provider,message,36,0.8611111111111112,0.9444444444444444
E1,F3,same,components_SP,provider,publish,36,0.9444444444444444,0.9444444444444444
E1,F3,same,components_SP,provider,read_records,36,0.9722222222222222,0.9722222222222222
E1,F3,transfer,components_SOCDKPU,analyst,allocate,36,0.8888888888888888,1.0555555555555556
E1,F3,transfer,components_SOCDKPU,analyst,calculate,36,0.8888888888888888,1.5
E1,F3,transfer,components_SOCDKPU,analyst,contract,36,0.027777777777777776,0.027777777777777776
E1,F3,transfer,components_SOCDKPU,analyst,finish,36,0.3333333333333333,0.3888888888888889
E1,F3,transfer,components_SOCDKPU,analyst,message,36,1.0,1.2777777777777777
E1,F3,transfer,components_SOCDKPU,analyst,read_artifact,36,0.05555555555555555,0.05555555555555555
E1,F3,transfer,components_SOCDKPU,analyst,verify,36,0.9166666666666666,1.5
E1,F3,transfer,components_SOCDKPU,coordinator,assign,36,1.0,1.2222222222222223
E1,F3,transfer,components_SOCDKPU,coordinator,finish,36,0.5,0.5
E1,F3,transfer,components_SOCDKPU,coordinator,message,36,1.0,2.0555555555555554
E1,F3,transfer,components_SOCDKPU,coordinator,status,36,1.0,2.1944444444444446
E1,F3,transfer,components_SOCDKPU,executor,commit,36,0.9444444444444444,1.5277777777777777
E1,F3,transfer,components_SOCDKPU,executor,finish,36,0.3888888888888889,0.4166666666666667
E1,F3,transfer,components_SOCDKPU,executor,message,36,0.6944444444444444,0.6944444444444444
E1,F3,transfer,components_SOCDKPU,executor,status,36,1.0,1.8333333333333333
E1,F3,transfer,components_SOCDKPU,executor,verify,36,0.8888888888888888,0.9722222222222222
E1,F3,transfer,components_SOCDKPU,provider,allocate,36,1.0,1.75
E1,F3,transfer,components_SOCDKPU,provider,confirm,36,0.4722222222222222,0.5833333333333334
E1,F3,transfer,components_SOCDKPU,provider,contract,36,0.08333333333333333,0.08333333333333333
E1,F3,transfer,components_SOCDKPU,provider,finish,36,0.5555555555555556,0.5555555555555556
E1,F3,transfer,components_SOCDKPU,provider,message,36,1.0,1.6111111111111112
E1,F3,transfer,components_SOCDKPU,provider,publish,36,1.0,1.0277777777777777
E1,F3,transfer,components_SOCDKPU,provider,read_records,36,0.08333333333333333,0.08333333333333333
E1,F3,transfer,components_SP,analyst,allocate,36,1.0,1.0833333333333333
E1,F3,transfer,components_SP,analyst,calculate,36,1.0,1.1944444444444444
E1,F3,transfer,components_SP,analyst,finish,36,0.6666666666666666,0.6666666666666666
E1,F3,transfer,components_SP,analyst,message,36,0.9722222222222222,1.0
E1,F3,transfer,components_SP,analyst,read_artifact,36,0.6666666666666666,0.6944444444444444
E1,F3,transfer,components_SP,analyst,verify,36,0.9444444444444444,1.2222222222222223
E1,F3,transfer,components_SP,coordinator,assign,36,1.0,1.25
E1,F3,transfer,components_SP,coordinator,finish,36,0.8888888888888888,0.8888888888888888
E1,F3,transfer,components_SP,coordinator,message,36,1.0,1.9166666666666667
E1,F3,transfer,components_SP,coordinator,status,36,1.0,1.8333333333333333
E1,F3,transfer,components_SP,executor,commit,36,1.0,1.0
E1,F3,transfer,components_SP,executor,finish,36,1.0,1.0555555555555556
E1,F3,transfer,components_SP,executor,message,36,0.4722222222222222,0.4722222222222222
E1,F3,transfer,components_SP,executor,status,36,0.9722222222222222,1.0833333333333333
E1,F3,transfer,components_SP,executor,verify,36,0.9444444444444444,1.0
E1,F3,transfer,components_SP,provider,allocate,36,1.0,1.1388888888888888
E1,F3,transfer,components_SP,provider,confirm,36,0.9444444444444444,1.0
E1,F3,transfer,components_SP,provider,finish,36,0.9444444444444444,0.9444444444444444
E1,F3,transfer,components_SP,provider,message,36,0.8333333333333334,0.8333333333333334
E1,F3,transfer,components_SP,provider,publish,36,1.0,1.0
E1,F3,transfer,components_SP,provider,read_records,36,1.0,1.0
E1,F4,reversal,components_SOCDKPU,analyst,allocate,30,0.7666666666666667,0.8
E1,F4,reversal,components_SOCDKPU,analyst,calculate,30,0.8666666666666667,1.7
E1,F4,reversal,components_SOCDKPU,analyst,contract,30,0.1,0.1
E1,F4,reversal,components_SOCDKPU,analyst,finish,30,0.3333333333333333,0.3333333333333333
E1,F4,reversal,components_SOCDKPU,analyst,message,30,0.7666666666666667,0.7666666666666667
E1,F4,reversal,components_SOCDKPU,analyst,read_artifact,30,0.03333333333333333,0.03333333333333333
E1,F4,reversal,components_SOCDKPU,analyst,verify,30,0.9333333333333333,2.2
E1,F4,reversal,components_SOCDKPU,coordinator,assign,30,1.0,1.0
E1,F4,reversal,components_SOCDKPU,coordinator,contract,30,0.16666666666666666,0.16666666666666666
E1,F4,reversal,components_SOCDKPU,coordinator,finish,30,0.26666666666666666,0.26666666666666666
E1,F4,reversal,components_SOCDKPU,coordinator,message,30,1.0,2.033333333333333
E1,F4,reversal,components_SOCDKPU,coordinator,status,30,1.0,2.533333333333333
E1,F4,reversal,components_SOCDKPU,executor,commit,30,0.9,1.5666666666666667
E1,F4,reversal,components_SOCDKPU,executor,contract,30,0.06666666666666667,0.06666666666666667
E1,F4,reversal,components_SOCDKPU,executor,finish,30,0.5,0.7
E1,F4,reversal,components_SOCDKPU,executor,message,30,0.6,0.6
E1,F4,reversal,components_SOCDKPU,executor,status,30,0.9,1.5
E1,F4,reversal,components_SOCDKPU,executor,verify,30,0.6666666666666666,0.9333333333333333
E1,F4,reversal,components_SOCDKPU,provider,allocate,30,0.9333333333333333,1.9333333333333333
E1,F4,reversal,components_SOCDKPU,provider,confirm,30,0.4666666666666667,0.4666666666666667
E1,F4,reversal,components_SOCDKPU,provider,contract,30,0.13333333333333333,0.2
E1,F4,reversal,components_SOCDKPU,provider,finish,30,0.6666666666666666,0.7333333333333333
E1,F4,reversal,components_SOCDKPU,provider,message,30,0.9,1.3
E1,F4,reversal,components_SOCDKPU,provider,publish,30,0.9666666666666667,1.0
E1,F4,reversal,components_SOCDKPU,provider,read_records,30,0.1,0.1
E1,F4,reversal,components_SP,analyst,allocate,30,0.9666666666666667,1.2666666666666666
E1,F4,reversal,components_SP,analyst,calculate,30,1.0,1.1
E1,F4,reversal,components_SP,analyst,contract,30,0.13333333333333333,0.13333333333333333
E1,F4,reversal,components_SP,analyst,finish,30,0.6333333333333333,0.6333333333333333
E1,F4,reversal,components_SP,analyst,message,30,0.9666666666666667,1.1333333333333333
E1,F4,reversal,components_SP,analyst,read_artifact,30,0.16666666666666666,0.16666666666666666
E1,F4,reversal,components_SP,analyst,verify,30,0.9666666666666667,1.3
E1,F4,reversal,components_SP,coordinator,assign,30,1.0,1.2666666666666666
E1,F4,reversal,components_SP,coordinator,contract,30,0.36666666666666664,0.36666666666666664
E1,F4,reversal,components_SP,coordinator,finish,30,0.16666666666666666,0.16666666666666666
E1,F4,reversal,components_SP,coordinator,message,30,1.0,2.2666666666666666
E1,F4,reversal,components_SP,coordinator,status,30,1.0,1.9333333333333333
E1,F4,reversal,components_SP,executor,commit,30,0.9666666666666667,1.0333333333333334
E1,F4,reversal,components_SP,executor,finish,30,0.9,0.9333333333333333
E1,F4,reversal,components_SP,executor,message,30,0.6333333333333333,0.7333333333333333
E1,F4,reversal,components_SP,executor,status,30,1.0,1.3333333333333333
E1,F4,reversal,components_SP,executor,verify,30,0.9666666666666667,0.9666666666666667
E1,F4,reversal,components_SP,provider,allocate,30,1.0,1.3
E1,F4,reversal,components_SP,provider,confirm,30,0.7666666666666667,0.8666666666666667
E1,F4,reversal,components_SP,provider,finish,30,0.7666666666666667,0.7666666666666667
E1,F4,reversal,components_SP,provider,message,30,0.9,1.0333333333333334
E1,F4,reversal,components_SP,provider,publish,30,0.9666666666666667,1.0333333333333334
E1,F4,reversal,components_SP,provider,read_records,30,0.9,0.9
E1,F4,same,components_SOCDKPU,analyst,allocate,30,0.8333333333333334,1.0
E1,F4,same,components_SOCDKPU,analyst,calculate,30,0.8333333333333334,1.4333333333333333
E1,F4,same,components_SOCDKPU,analyst,contract,30,0.06666666666666667,0.06666666666666667
E1,F4,same,components_SOCDKPU,analyst,finish,30,0.26666666666666666,0.26666666666666666
E1,F4,same,components_SOCDKPU,analyst,message,30,0.8333333333333334,0.8666666666666667
E1,F4,same,components_SOCDKPU,analyst,read_artifact,30,0.03333333333333333,0.03333333333333333
E1,F4,same,components_SOCDKPU,analyst,verify,30,0.9333333333333333,2.2666666666666666
E1,F4,same,components_SOCDKPU,coordinator,assign,30,1.0,1.2
E1,F4,same,components_SOCDKPU,coordinator,contract,30,0.16666666666666666,0.16666666666666666
E1,F4,same,components_SOCDKPU,coordinator,finish,30,0.3,0.3
E1,F4,same,components_SOCDKPU,coordinator,message,30,1.0,2.1
E1,F4,same,components_SOCDKPU,coordinator,status,30,1.0,2.2333333333333334
E1,F4,same,components_SOCDKPU,executor,commit,30,0.9,1.8666666666666667
E1,F4,same,components_SOCDKPU,executor,contract,30,0.1,0.1
E1,F4,same,components_SOCDKPU,executor,finish,30,0.5333333333333333,0.7
E1,F4,same,components_SOCDKPU,executor,message,30,0.4666666666666667,0.4666666666666667
E1,F4,same,components_SOCDKPU,executor,status,30,0.8666666666666667,1.4
E1,F4,same,components_SOCDKPU,executor,verify,30,0.6666666666666666,0.7
E1,F4,same,components_SOCDKPU,provider,allocate,30,0.9333333333333333,1.7666666666666666
E1,F4,same,components_SOCDKPU,provider,confirm,30,0.4666666666666667,0.7666666666666667
E1,F4,same,components_SOCDKPU,provider,contract,30,0.1,0.2
E1,F4,same,components_SOCDKPU,provider,finish,30,0.5333333333333333,0.6
E1,F4,same,components_SOCDKPU,provider,message,30,0.9,1.3666666666666667
E1,F4,same,components_SOCDKPU,provider,publish,30,0.9666666666666667,1.0
E1,F4,same,components_SOCDKPU,provider,read_records,30,0.03333333333333333,0.03333333333333333
E1,F4,same,components_SP,analyst,allocate,30,0.9333333333333333,1.2
E1,F4,same,components_SP,analyst,calculate,30,0.9666666666666667,1.0333333333333334
E1,F4,same,components_SP,analyst,contract,30,0.1,0.1
E1,F4,same,components_SP,analyst,finish,30,0.7,0.7
E1,F4,same,components_SP,analyst,message,30,0.9666666666666667,1.1
E1,F4,same,components_SP,analyst,read_artifact,30,0.2,0.2
E1,F4,same,components_SP,analyst,verify,30,0.8666666666666667,1.3333333333333333
E1,F4,same,components_SP,coordinator,assign,30,1.0,1.1666666666666667
E1,F4,same,components_SP,coordinator,contract,30,0.26666666666666666,0.3
E1,F4,same,components_SP,coordinator,finish,30,0.2,0.2
E1,F4,same,components_SP,coordinator,message,30,1.0,2.3333333333333335
E1,F4,same,components_SP,coordinator,status,30,1.0,2.0
E1,F4,same,components_SP,executor,commit,30,1.0,1.0333333333333334
E1,F4,same,components_SP,executor,finish,30,0.9,0.9
E1,F4,same,components_SP,executor,message,30,0.6333333333333333,0.6666666666666666
E1,F4,same,components_SP,executor,status,30,1.0,1.2333333333333334
E1,F4,same,components_SP,executor,verify,30,1.0,1.0333333333333334
E1,F4,same,components_SP,provider,allocate,30,1.0,1.6666666666666667
E1,F4,same,components_SP,provider,confirm,30,0.6666666666666666,0.7
E1,F4,same,components_SP,provider,finish,30,0.8,0.8
E1,F4,same,components_SP,provider,message,30,0.6666666666666666,0.7666666666666667
E1,F4,same,components_SP,provider,publish,30,0.9666666666666667,1.0333333333333334
E1,F4,same,components_SP,provider,read_records,30,0.9,0.9
E1,F4,transfer,components_SOCDKPU,analyst,allocate,30,0.7,0.7333333333333333
E1,F4,transfer,components_SOCDKPU,analyst,calculate,30,0.9333333333333333,1.4666666666666666
E1,F4,transfer,components_SOCDKPU,analyst,contract,30,0.06666666666666667,0.06666666666666667
E1,F4,transfer,components_SOCDKPU,analyst,finish,30,0.03333333333333333,0.03333333333333333
E1,F4,transfer,components_SOCDKPU,analyst,message,30,0.9666666666666667,1.1
E1,F4,transfer,components_SOCDKPU,analyst,read_artifact,30,0.2,0.2
E1,F4,transfer,components_SOCDKPU,analyst,verify,30,0.9666666666666667,2.4
E1,F4,transfer,components_SOCDKPU,coordinator,assign,30,0.8,0.8333333333333334
E1,F4,transfer,components_SOCDKPU,coordinator,finish,30,0.5333333333333333,0.6333333333333333
E1,F4,transfer,components_SOCDKPU,coordinator,message,30,1.0,1.9
E1,F4,transfer,components_SOCDKPU,coordinator,status,30,1.0,2.433333333333333
E1,F4,transfer,components_SOCDKPU,executor,commit,30,0.9333333333333333,1.6333333333333333
E1,F4,transfer,components_SOCDKPU,executor,finish,30,0.6333333333333333,0.8
E1,F4,transfer,components_SOCDKPU,executor,message,30,0.43333333333333335,0.43333333333333335
E1,F4,transfer,components_SOCDKPU,executor,status,30,0.9,1.3666666666666667
E1,F4,transfer,components_SOCDKPU,executor,verify,30,0.7333333333333333,0.8333333333333334
E1,F4,transfer,components_SOCDKPU,provider,allocate,30,0.9666666666666667,2.033333333333333
E1,F4,transfer,components_SOCDKPU,provider,confirm,30,0.36666666666666664,0.36666666666666664
E1,F4,transfer,components_SOCDKPU,provider,contract,30,0.06666666666666667,0.06666666666666667
E1,F4,transfer,components_SOCDKPU,provider,finish,30,0.5,0.5333333333333333
E1,F4,transfer,components_SOCDKPU,provider,message,30,1.0,1.4333333333333333
E1,F4,transfer,components_SOCDKPU,provider,publish,30,1.0,1.0
E1,F4,transfer,components_SOCDKPU,provider,read_records,30,0.2,0.2
E1,F4,transfer,components_SP,analyst,allocate,30,1.0,1.0
E1,F4,transfer,components_SP,analyst,calculate,30,1.0,1.0
E1,F4,transfer,components_SP,analyst,contract,30,0.23333333333333334,0.23333333333333334
E1,F4,transfer,components_SP,analyst,finish,30,0.7333333333333333,0.7333333333333333
E1,F4,transfer,components_SP,analyst,message,30,0.9666666666666667,0.9666666666666667
E1,F4,transfer,components_SP,analyst,read_artifact,30,0.9,0.9
E1,F4,transfer,components_SP,analyst,verify,30,0.9666666666666667,1.0333333333333334
E1,F4,transfer,components_SP,coordinator,assign,30,1.0,1.4666666666666666
E1,F4,transfer,components_SP,coordinator,finish,30,0.7666666666666667,0.7666666666666667
E1,F4,transfer,components_SP,coordinator,message,30,1.0,2.1666666666666665
E1,F4,transfer,components_SP,coordinator,status,30,1.0,1.6
E1,F4,transfer,components_SP,executor,commit,30,1.0,1.1
E1,F4,transfer,components_SP,executor,finish,30,1.0,1.1333333333333333
E1,F4,transfer,components_SP,executor,message,30,0.5333333333333333,0.5333333333333333
E1,F4,transfer,components_SP,executor,status,30,0.9666666666666667,1.2333333333333334
E1,F4,transfer,components_SP,executor,verify,30,0.8666666666666667,0.8666666666666667
E1,F4,transfer,components_SP,provider,allocate,30,1.0,1.1
E1,F4,transfer,components_SP,provider,confirm,30,0.9,0.9
E1,F4,transfer,components_SP,provider,finish,30,0.9,0.9
E1,F4,transfer,components_SP,provider,message,30,0.9333333333333333,1.0
E1,F4,transfer,components_SP,provider,publish,30,1.0,1.0
E1,F4,transfer,components_SP,provider,read_records,30,1.0,1.0
E3,F1,reversal,cycle,analyst,allocate,36,0.7777777777777778,0.9444444444444444
E3,F1,reversal,cycle,analyst,calculate,36,0.9722222222222222,1.1944444444444444
E3,F1,reversal,cycle,analyst,contract,36,0.16666666666666666,0.19444444444444445
E3,F1,reversal,cycle,analyst,finish,36,0.6111111111111112,0.6388888888888888
E3,F1,reversal,cycle,analyst,message,36,0.9444444444444444,1.3333333333333333
E3,F1,reversal,cycle,analyst,read_artifact,36,0.1111111111111111,0.1111111111111111
E3,F1,reversal,cycle,analyst,verify,36,0.75,1.1944444444444444
E3,F1,reversal,cycle,coordinator,assign,36,0.8888888888888888,1.1944444444444444
E3,F1,reversal,cycle,coordinator,contract,36,0.08333333333333333,0.08333333333333333
E3,F1,reversal,cycle,coordinator,finish,36,0.2777777777777778,0.2777777777777778
E3,F1,reversal,cycle,coordinator,message,36,1.0,2.2222222222222223
E3,F1,reversal,cycle,coordinator,signoff,36,0.05555555555555555,0.05555555555555555
E3,F1,reversal,cycle,coordinator,status,36,1.0,2.111111111111111
E3,F1,reversal,cycle,executor,commit,36,0.9166666666666666,0.9166666666666666
E3,F1,reversal,cycle,executor,contract,36,0.05555555555555555,0.05555555555555555
E3,F1,reversal,cycle,executor,finish,36,0.6388888888888888,0.6666666666666666
E3,F1,reversal,cycle,executor,message,36,0.6111111111111112,0.6388888888888888
E3,F1,reversal,cycle,executor,status,36,1.0,1.8888888888888888
E3,F1,reversal,cycle,executor,verify,36,0.8888888888888888,0.9444444444444444
E3,F1,reversal,cycle,provider,allocate,36,1.0,1.8055555555555556
E3,F1,reversal,cycle,provider,confirm,36,0.6388888888888888,0.8611111111111112
E3,F1,reversal,cycle,provider,finish,36,0.5,0.5
E3,F1,reversal,cycle,provider,message,36,0.8611111111111112,0.9722222222222222
E3,F1,reversal,cycle,provider,publish,36,0.8333333333333334,0.8333333333333334
E3,F1,reversal,cycle,provider,read_records,36,0.7222222222222222,0.7222222222222222
E3,F1,reversal,matched,analyst,allocate,36,0.9444444444444444,1.25
E3,F1,reversal,matched,analyst,calculate,36,0.8333333333333334,1.0277777777777777
E3,F1,reversal,matched,analyst,contract,36,0.05555555555555555,0.1111111111111111
E3,F1,reversal,matched,analyst,finish,36,0.5833333333333334,0.75
E3,F1,reversal,matched,analyst,message,36,1.0,1.2777777777777777
E3,F1,reversal,matched,analyst,read_artifact,36,0.25,0.25
E3,F1,reversal,matched,analyst,verify,36,0.5833333333333334,0.6666666666666666
E3,F1,reversal,matched,coordinator,assign,36,0.9166666666666666,1.4444444444444444
E3,F1,reversal,matched,coordinator,contract,36,0.2222222222222222,0.2222222222222222
E3,F1,reversal,matched,coordinator,finish,36,0.19444444444444445,0.19444444444444445
E3,F1,reversal,matched,coordinator,message,36,1.0,2.1944444444444446
E3,F1,reversal,matched,coordinator,status,36,1.0,1.9444444444444444
E3,F1,reversal,matched,executor,commit,36,0.9444444444444444,1.0555555555555556
E3,F1,reversal,matched,executor,finish,36,0.5833333333333334,0.6666666666666666
E3,F1,reversal,matched,executor,message,36,0.8611111111111112,0.8888888888888888
E3,F1,reversal,matched,executor,status,36,1.0,2.0277777777777777
E3,F1,reversal,matched,executor,verify,36,0.8055555555555556,0.8055555555555556
E3,F1,reversal,matched,provider,allocate,36,0.8888888888888888,1.6944444444444444
E3,F1,reversal,matched,provider,confirm,36,0.5833333333333334,0.6111111111111112
E3,F1,reversal,matched,provider,contract,36,0.08333333333333333,0.08333333333333333
E3,F1,reversal,matched,provider,finish,36,0.7222222222222222,0.75
E3,F1,reversal,matched,provider,message,36,0.9166666666666666,1.3055555555555556
E3,F1,reversal,matched,provider,publish,36,0.9166666666666666,0.9444444444444444
E3,F1,reversal,matched,provider,read_records,36,0.3333333333333333,0.3611111111111111
E3,F1,reversal,random,analyst,allocate,36,0.8333333333333334,1.0277777777777777
E3,F1,reversal,random,analyst,calculate,36,0.9444444444444444,1.1944444444444444
E3,F1,reversal,random,analyst,contract,36,0.08333333333333333,0.08333333333333333
E3,F1,reversal,random,analyst,finish,36,0.75,0.75
E3,F1,reversal,random,analyst,message,36,0.9722222222222222,1.3055555555555556
E3,F1,reversal,random,analyst,read_artifact,36,0.3333333333333333,0.3333333333333333
E3,F1,reversal,random,analyst,verify,36,0.75,0.9722222222222222
E3,F1,reversal,random,coordinator,assign,36,0.9722222222222222,1.2777777777777777
E3,F1,reversal,random,coordinator,contract,36,0.2777777777777778,0.2777777777777778
E3,F1,reversal,random,coordinator,finish,36,0.25,0.25
E3,F1,reversal,random,coordinator,message,36,1.0,2.1666666666666665
E3,F1,reversal,random,coordinator,status,36,1.0,2.0277777777777777
E3,F1,reversal,random,executor,commit,36,0.9444444444444444,1.1388888888888888
E3,F1,reversal,random,executor,finish,36,0.8333333333333334,0.9444444444444444
E3,F1,reversal,random,executor,message,36,0.5833333333333334,0.6111111111111112
E3,F1,reversal,random,executor,status,36,0.8611111111111112,1.2777777777777777
E3,F1,reversal,random,executor,verify,36,0.9444444444444444,0.9444444444444444
E3,F1,reversal,random,provider,allocate,36,0.9722222222222222,1.3055555555555556
E3,F1,reversal,random,provider,confirm,36,0.7777777777777778,0.8611111111111112
E3,F1,reversal,random,provider,contract,36,0.05555555555555555,0.05555555555555555
E3,F1,reversal,random,provider,finish,36,0.7777777777777778,0.8333333333333334
E3,F1,reversal,random,provider,message,36,0.9166666666666666,1.1666666666666667
E3,F1,reversal,random,provider,publish,36,0.9166666666666666,0.9166666666666666
E3,F1,reversal,random,provider,read_records,36,0.6666666666666666,0.6666666666666666
E3,F1,same,cycle,analyst,allocate,36,0.75,0.9444444444444444
E3,F1,same,cycle,analyst,calculate,36,0.9722222222222222,1.1666666666666667
E3,F1,same,cycle,analyst,contract,36,0.08333333333333333,0.1388888888888889
E3,F1,same,cycle,analyst,finish,36,0.6666666666666666,0.6944444444444444
E3,F1,same,cycle,analyst,message,36,0.9444444444444444,1.3055555555555556
E3,F1,same,cycle,analyst,read_artifact,36,0.1388888888888889,0.1388888888888889
E3,F1,same,cycle,analyst,verify,36,0.8055555555555556,1.2222222222222223
E3,F1,same,cycle,coordinator,assign,36,0.8055555555555556,1.0277777777777777
E3,F1,same,cycle,coordinator,contract,36,0.1111111111111111,0.1111111111111111
E3,F1,same,cycle,coordinator,finish,36,0.3333333333333333,0.3333333333333333
E3,F1,same,cycle,coordinator,message,36,1.0,2.25
E3,F1,same,cycle,coordinator,signoff,36,0.027777777777777776,0.027777777777777776
E3,F1,same,cycle,coordinator,status,36,1.0,2.1666666666666665
E3,F1,same,cycle,executor,commit,36,0.8055555555555556,0.8055555555555556
E3,F1,same,cycle,executor,contract,36,0.05555555555555555,0.05555555555555555
E3,F1,same,cycle,executor,finish,36,0.6944444444444444,0.75
E3,F1,same,cycle,executor,message,36,0.5555555555555556,0.6111111111111112
E3,F1,same,cycle,executor,read_artifact,36,0.027777777777777776,0.027777777777777776
E3,F1,same,cycle,executor,status,36,0.9444444444444444,1.7777777777777777
E3,F1,same,cycle,executor,verify,36,0.8888888888888888,0.9722222222222222
E3,F1,same,cycle,provider,allocate,36,1.0,1.8888888888888888
E3,F1,same,cycle,provider,confirm,36,0.7222222222222222,0.9444444444444444
E3,F1,same,cycle,provider,finish,36,0.5555555555555556,0.5555555555555556
E3,F1,same,cycle,provider,message,36,0.7222222222222222,0.9166666666666666
E3,F1,same,cycle,provider,publish,36,0.75,0.75
E3,F1,same,cycle,provider,read_records,36,0.6666666666666666,0.6666666666666666
E3,F1,same,matched,analyst,allocate,36,0.8888888888888888,1.1388888888888888
E3,F1,same,matched,analyst,calculate,36,0.8333333333333334,1.0833333333333333
E3,F1,same,matched,analyst,contract,36,0.05555555555555555,0.05555555555555555
E3,F1,same,matched,analyst,finish,36,0.6944444444444444,0.8055555555555556
E3,F1,same,matched,analyst,message,36,1.0,1.3055555555555556
E3,F1,same,matched,analyst,read_artifact,36,0.25,0.25
E3,F1,same,matched,analyst,verify,36,0.6388888888888888,0.8055555555555556
E3,F1,same,matched,coordinator,assign,36,0.9166666666666666,1.3888888888888888
E3,F1,same,matched,coordinator,contract,36,0.16666666666666666,0.16666666666666666
E3,F1,same,matched,coordinator,finish,36,0.16666666666666666,0.16666666666666666
E3,F1,same,matched,coordinator,message,36,1.0,2.2222222222222223
E3,F1,same,matched,coordinator,status,36,1.0,2.0555555555555554
E3,F1,same,matched,executor,commit,36,0.9444444444444444,1.1111111111111112
E3,F1,same,matched,executor,contract,36,0.05555555555555555,0.05555555555555555
E3,F1,same,matched,executor,finish,36,0.6388888888888888,0.8055555555555556
E3,F1,same,matched,executor,message,36,0.8055555555555556,0.8055555555555556
E3,F1,same,matched,executor,status,36,0.9166666666666666,1.8055555555555556
E3,F1,same,matched,executor,verify,36,0.7777777777777778,0.8055555555555556
E3,F1,same,matched,provider,allocate,36,1.0,1.9166666666666667
E3,F1,same,matched,provider,confirm,36,0.5277777777777778,0.5277777777777778
E3,F1,same,matched,provider,contract,36,0.08333333333333333,0.08333333333333333
E3,F1,same,matched,provider,finish,36,0.6388888888888888,0.6388888888888888
E3,F1,same,matched,provider,message,36,0.9722222222222222,1.2777777777777777
E3,F1,same,matched,provider,publish,36,0.9722222222222222,1.0
E3,F1,same,matched,provider,read_records,36,0.3611111111111111,0.3611111111111111
E3,F1,same,random,analyst,allocate,36,0.8611111111111112,1.0555555555555556
E3,F1,same,random,analyst,calculate,36,0.9444444444444444,1.0277777777777777
E3,F1,same,random,analyst,contract,36,0.027777777777777776,0.05555555555555555
E3,F1,same,random,analyst,finish,36,0.7222222222222222,0.7222222222222222
E3,F1,same,random,analyst,message,36,0.9444444444444444,1.1944444444444444
E3,F1,same,random,analyst,read_artifact,36,0.4444444444444444,0.4444444444444444
E3,F1,same,random,analyst,verify,36,0.7222222222222222,1.0555555555555556
E3,F1,same,random,coordinator,assign,36,0.9722222222222222,1.3333333333333333
E3,F1,same,random,coordinator,contract,36,0.2777777777777778,0.2777777777777778
E3,F1,same,random,coordinator,finish,36,0.2222222222222222,0.2222222222222222
E3,F1,same,random,coordinator,message,36,1.0,2.111111111111111
E3,F1,same,random,coordinator,status,36,1.0,2.0555555555555554
E3,F1,same,random,executor,commit,36,0.9166666666666666,1.0277777777777777
E3,F1,same,random,executor,contract,36,0.027777777777777776,0.027777777777777776
E3,F1,same,random,executor,finish,36,0.7222222222222222,0.7777777777777778
E3,F1,same,random,executor,message,36,0.6666666666666666,0.6944444444444444
E3,F1,same,random,executor,status,36,0.9444444444444444,1.5555555555555556
E3,F1,same,random,executor,verify,36,0.9166666666666666,0.9166666666666666
E3,F1,same,random,provider,allocate,36,0.9722222222222222,1.4722222222222223
E3,F1,same,random,provider,confirm,36,0.7777777777777778,0.8055555555555556
E3,F1,same,random,provider,contract,36,0.08333333333333333,0.1111111111111111
E3,F1,same,random,provider,finish,36,0.75,0.7777777777777778
E3,F1,same,random,provider,message,36,0.8055555555555556,1.0
E3,F1,same,random,provider,publish,36,0.9166666666666666,0.9166666666666666
E3,F1,same,random,provider,read_records,36,0.6666666666666666,0.6666666666666666
E3,F1,transfer,cycle,analyst,allocate,36,1.0,1.1666666666666667
E3,F1,transfer,cycle,analyst,calculate,36,1.0,1.0
E3,F1,transfer,cycle,analyst,finish,36,0.8055555555555556,0.8055555555555556
E3,F1,transfer,cycle,analyst,message,36,1.0,1.0833333333333333
E3,F1,transfer,cycle,analyst,read_artifact,36,0.8333333333333334,0.8333333333333334
E3,F1,transfer,cycle,analyst,verify,36,0.8611111111111112,1.0
E3,F1,transfer,cycle,coordinator,assign,36,0.9444444444444444,1.2777777777777777
E3,F1,transfer,cycle,coordinator,finish,36,0.8888888888888888,0.8888888888888888
E3,F1,transfer,cycle,coordinator,message,36,1.0,2.138888888888889
E3,F1,transfer,cycle,coordinator,status,36,1.0,1.6666666666666667
E3,F1,transfer,cycle,executor,commit,36,1.0,1.0833333333333333
E3,F1,transfer,cycle,executor,finish,36,0.9444444444444444,1.0
E3,F1,transfer,cycle,executor,message,36,0.5277777777777778,0.5277777777777778
E3,F1,transfer,cycle,executor,status,36,0.9722222222222222,1.3888888888888888
E3,F1,transfer,cycle,executor,verify,36,0.9444444444444444,1.0
E3,F1,transfer,cycle,provider,allocate,36,1.0,1.1666666666666667
E3,F1,transfer,cycle,provider,confirm,36,0.8611111111111112,1.0
E3,F1,transfer,cycle,provider,finish,36,0.8611111111111112,0.8611111111111112
E3,F1,transfer,cycle,provider,message,36,0.8055555555555556,0.8055555555555556
E3,F1,transfer,cycle,provider,publish,36,1.0,1.0
E3,F1,transfer,cycle,provider,read_records,36,1.0,1.0
E3,F1,transfer,matched,analyst,allocate,36,1.0,1.6388888888888888
E3,F1,transfer,matched,analyst,calculate,36,0.8888888888888888,0.9444444444444444
E3,F1,transfer,matched,analyst,finish,36,0.6388888888888888,0.6388888888888888
E3,F1,transfer,matched,analyst,message,36,1.0,1.3888888888888888
E3,F1,transfer,matched,analyst,read_artifact,36,0.3611111111111111,0.3611111111111111
E3,F1,transfer,matched,analyst,verify,36,0.6666666666666666,0.7777777777777778
E3,F1,transfer,matched,coordinator,assign,36,0.9722222222222222,1.4166666666666667
E3,F1,transfer,matched,coordinator,finish,36,0.4722222222222222,0.4722222222222222
E3,F1,transfer,matched,coordinator,message,36,1.0,2.138888888888889
E3,F1,transfer,matched,coordinator,status,36,1.0,1.9722222222222223
E3,F1,transfer,matched,executor,commit,36,0.8333333333333334,0.9444444444444444
E3,F1,transfer,matched,executor,finish,36,0.8611111111111112,1.1388888888888888
E3,F1,transfer,matched,executor,message,36,0.6666666666666666,0.6666666666666666
E3,F1,transfer,matched,executor,status,36,0.9166666666666666,1.5
E3,F1,transfer,matched,executor,verify,36,0.6388888888888888,0.6666666666666666
E3,F1,transfer,matched,provider,allocate,36,1.0,1.3055555555555556
E3,F1,transfer,matched,provider,confirm,36,0.8888888888888888,1.1666666666666667
E3,F1,transfer,matched,provider,contract,36,0.05555555555555555,0.05555555555555555
E3,F1,transfer,matched,provider,finish,36,0.5833333333333334,0.5833333333333334
E3,F1,transfer,matched,provider,message,36,0.9722222222222222,1.25
E3,F1,transfer,matched,provider,publish,36,1.0,1.0
E3,F1,transfer,matched,provider,read_records,36,0.5,0.5
E3,F1,transfer,random,analyst,allocate,36,1.0,1.2777777777777777
E3,F1,transfer,random,analyst,calculate,36,0.9444444444444444,1.0555555555555556
E3,F1,transfer,random,analyst,finish,36,0.6666666666666666,0.6666666666666666
E3,F1,transfer,random,analyst,message,36,1.0,1.3333333333333333
E3,F1,transfer,random,analyst,read_artifact,36,0.6388888888888888,0.6388888888888888
E3,F1,transfer,random,analyst,verify,36,0.7222222222222222,0.8055555555555556
E3,F1,transfer,random,coordinator,assign,36,1.0,1.3888888888888888
E3,F1,transfer,random,coordinator,finish,36,0.75,0.75
E3,F1,transfer,random,coordinator,message,36,1.0,1.9166666666666667
E3,F1,transfer,random,coordinator,status,36,1.0,1.7777777777777777
E3,F1,transfer,random,executor,commit,36,1.0,1.1111111111111112
E3,F1,transfer,random,executor,contract,36,0.027777777777777776,0.027777777777777776
E3,F1,transfer,random,executor,finish,36,0.8888888888888888,1.0
E3,F1,transfer,random,executor,message,36,0.5833333333333334,0.6111111111111112
E3,F1,transfer,random,executor,status,36,0.9166666666666666,1.2777777777777777
E3,F1,transfer,random,executor,verify,36,0.8888888888888888,0.8888888888888888
E3,F1,transfer,random,provider,allocate,36,1.0,1.1111111111111112
E3,F1,transfer,random,provider,confirm,36,0.75,0.9166666666666666
E3,F1,transfer,random,provider,contract,36,0.027777777777777776,0.027777777777777776
E3,F1,transfer,random,provider,finish,36,0.8055555555555556,0.8055555555555556
E3,F1,transfer,random,provider,message,36,0.7777777777777778,0.8333333333333334
E3,F1,transfer,random,provider,publish,36,1.0,1.0833333333333333
E3,F1,transfer,random,provider,read_records,36,0.8055555555555556,0.8333333333333334
E3,F2,reversal,cycle,analyst,allocate,33,0.7575757575757576,0.8787878787878788
E3,F2,reversal,cycle,analyst,calculate,33,0.9393939393939394,1.2121212121212122
E3,F2,reversal,cycle,analyst,contract,33,0.15151515151515152,0.15151515151515152
E3,F2,reversal,cycle,analyst,finish,33,0.7272727272727273,0.7878787878787878
E3,F2,reversal,cycle,analyst,message,33,1.0,1.3333333333333333
E3,F2,reversal,cycle,analyst,read_artifact,33,0.09090909090909091,0.15151515151515152
E3,F2,reversal,cycle,analyst,verify,33,0.7272727272727273,0.9393939393939394
E3,F2,reversal,cycle,coordinator,assign,33,0.8484848484848485,0.9090909090909091
E3,F2,reversal,cycle,coordinator,contract,33,0.09090909090909091,0.09090909090909091
E3,F2,reversal,cycle,coordinator,finish,33,0.48484848484848486,0.48484848484848486
E3,F2,reversal,cycle,coordinator,message,33,1.0,2.6363636363636362
E3,F2,reversal,cycle,coordinator,signoff,33,0.030303030303030304,0.030303030303030304
E3,F2,reversal,cycle,coordinator,status,33,1.0,1.8181818181818181
E3,F2,reversal,cycle,executor,commit,33,0.8787878787878788,1.0
E3,F2,reversal,cycle,executor,finish,33,0.8181818181818182,0.9090909090909091
E3,F2,reversal,cycle,executor,message,33,0.5757575757575758,0.696969696969697
E3,F2,reversal,cycle,executor,status,33,0.9696969696969697,1.3636363636363635
E3,F2,reversal,cycle,executor,verify,33,0.7575757575757576,0.7575757575757576
E3,F2,reversal,cycle,provider,allocate,33,0.8787878787878788,1.3636363636363635
E3,F2,reversal,cycle,provider,confirm,33,0.7878787878787878,1.0
E3,F2,reversal,cycle,provider,finish,33,0.696969696969697,0.696969696969697
E3,F2,reversal,cycle,provider,message,33,0.8181818181818182,1.393939393939394
E3,F2,reversal,cycle,provider,publish,33,0.7575757575757576,0.7575757575757576
E3,F2,reversal,cycle,provider,read_records,33,0.696969696969697,0.696969696969697
E3,F2,reversal,matched,analyst,allocate,33,0.8787878787878788,1.4545454545454546
E3,F2,reversal,matched,analyst,calculate,33,0.8787878787878788,1.0909090909090908
E3,F2,reversal,matched,analyst,finish,33,0.7272727272727273,0.8181818181818182
E3,F2,reversal,matched,analyst,message,33,1.0,1.2727272727272727
E3,F2,reversal,matched,analyst,verify,33,0.6363636363636364,0.6666666666666666
E3,F2,reversal,matched,coordinator,assign,33,1.0,1.4242424242424243
E3,F2,reversal,matched,coordinator,contract,33,0.030303030303030304,0.030303030303030304
E3,F2,reversal,matched,coordinator,finish,33,0.36363636363636365,0.36363636363636365
E3,F2,reversal,matched,coordinator,message,33,1.0,2.1515151515151514
E3,F2,reversal,matched,coordinator,status,33,1.0,2.0303030303030303
E3,F2,reversal,matched,executor,commit,33,0.8787878787878788,1.0
E3,F2,reversal,matched,executor,finish,33,0.7575757575757576,0.8181818181818182
E3,F2,reversal,matched,executor,message,33,0.8787878787878788,0.9090909090909091
E3,F2,reversal,matched,executor,status,33,0.9696969696969697,1.5757575757575757
E3,F2,reversal,matched,executor,verify,33,0.8484848484848485,0.8787878787878788
E3,F2,reversal,matched,provider,allocate,33,1.0,1.3333333333333333
E3,F2,reversal,matched,provider,confirm,33,0.8181818181818182,0.8181818181818182
E3,F2,reversal,matched,provider,finish,33,0.9090909090909091,1.0909090909090908
E3,F2,reversal,matched,provider,message,33,0.9696969696969697,1.1818181818181819
E3,F2,reversal,matched,provider,publish,33,0.9696969696969697,0.9696969696969697
E3,F2,reversal,matched,provider,read_records,33,0.5454545454545454,0.5454545454545454
E3,F2,reversal,random,analyst,allocate,33,0.8181818181818182,1.0606060606060606
E3,F2,reversal,random,analyst,calculate,33,0.9696969696969697,1.2424242424242424
E3,F2,reversal,random,analyst,contract,33,0.030303030303030304,0.030303030303030304
E3,F2,reversal,random,analyst,finish,33,0.7575757575757576,0.7878787878787878
E3,F2,reversal,random,analyst,message,33,1.0,1.2424242424242424
E3,F2,reversal,random,analyst,read_artifact,33,0.15151515151515152,0.18181818181818182
E3,F2,reversal,random,analyst,verify,33,0.7272727272727273,0.8484848484848485
E3,F2,reversal,random,coordinator,assign,33,0.9393939393939394,1.1515151515151516
E3,F2,reversal,random,coordinator,contract,33,0.12121212121212122,0.12121212121212122
E3,F2,reversal,random,coordinator,finish,33,0.45454545454545453,0.45454545454545453
E3,F2,reversal,random,coordinator,message,33,1.0,2.3333333333333335
E3,F2,reversal,random,coordinator,signoff,33,0.06060606060606061,0.06060606060606061
E3,F2,reversal,random,coordinator,status,33,1.0,1.878787878787879
E3,F2,reversal,random,executor,commit,33,0.8787878787878788,0.9090909090909091
E3,F2,reversal,random,executor,finish,33,0.8787878787878788,1.0
E3,F2,reversal,random,executor,message,33,0.6363636363636364,0.7272727272727273
E3,F2,reversal,random,executor,status,33,0.9696969696969697,1.303030303030303
E3,F2,reversal,random,executor,verify,33,0.9090909090909091,0.9090909090909091
E3,F2,reversal,random,provider,allocate,33,0.9696969696969697,1.2424242424242424
E3,F2,reversal,random,provider,confirm,33,0.8787878787878788,1.121212121212121
E3,F2,reversal,random,provider,finish,33,0.8484848484848485,0.9090909090909091
E3,F2,reversal,random,provider,message,33,0.8484848484848485,0.9393939393939394
E3,F2,reversal,random,provider,publish,33,0.9393939393939394,0.9393939393939394
E3,F2,reversal,random,provider,read_records,33,0.7272727272727273,0.7272727272727273
E3,F2,same,cycle,analyst,allocate,33,0.6060606060606061,0.7878787878787878
E3,F2,same,cycle,analyst,calculate,33,0.9393939393939394,1.2727272727272727
E3,F2,same,cycle,analyst,contract,33,0.09090909090909091,0.09090909090909091
E3,F2,same,cycle,analyst,finish,33,0.696969696969697,0.7272727272727273
E3,F2,same,cycle,analyst,message,33,0.9696969696969697,1.3333333333333333
E3,F2,same,cycle,analyst,read_artifact,33,0.06060606060606061,0.06060606060606061
E3,F2,same,cycle,analyst,verify,33,0.7878787878787878,1.0606060606060606
E3,F2,same,cycle,coordinator,assign,33,0.9090909090909091,1.121212121212121
E3,F2,same,cycle,coordinator,contract,33,0.09090909090909091,0.09090909090909091
E3,F2,same,cycle,coordinator,finish,33,0.42424242424242425,0.42424242424242425
E3,F2,same,cycle,coordinator,message,33,1.0,2.4242424242424243
E3,F2,same,cycle,coordinator,status,33,1.0,1.9393939393939394
E3,F2,same,cycle,executor,commit,33,0.9090909090909091,1.1818181818181819
E3,F2,same,cycle,executor,finish,33,0.8484848484848485,0.8787878787878788
E3,F2,same,cycle,executor,message,33,0.6060606060606061,0.7575757575757576
E3,F2,same,cycle,executor,status,33,0.9090909090909091,1.1818181818181819
E3,F2,same,cycle,executor,verify,33,0.7878787878787878,0.7878787878787878
E3,F2,same,cycle,provider,allocate,33,0.9090909090909091,1.4545454545454546
E3,F2,same,cycle,provider,confirm,33,0.8181818181818182,0.8787878787878788
E3,F2,same,cycle,provider,finish,33,0.7272727272727273,0.7272727272727273
E3,F2,same,cycle,provider,message,33,0.7575757575757576,1.303030303030303
E3,F2,same,cycle,provider,publish,33,0.7878787878787878,0.7878787878787878
E3,F2,same,cycle,provider,read_records,33,0.6666666666666666,0.6666666666666666
E3,F2,same,matched,analyst,allocate,33,0.9090909090909091,1.5151515151515151
E3,F2,same,matched,analyst,calculate,33,0.9090909090909091,1.2121212121212122
E3,F2,same,matched,analyst,contract,33,0.06060606060606061,0.06060606060606061
E3,F2,same,matched,analyst,finish,33,0.6666666666666666,0.6666666666666666
E3,F2,same,matched,analyst,message,33,1.0,1.4848484848484849
E3,F2,same,matched,analyst,verify,33,0.6666666666666666,0.7575757575757576
E3,F2,same,matched,coordinator,assign,33,1.0,1.3636363636363635
E3,F2,same,matched,coordinator,contract,33,0.030303030303030304,0.030303030303030304
E3,F2,same,matched,coordinator,finish,33,0.3939393939393939,0.3939393939393939
E3,F2,same,matched,coordinator,message,33,1.0,2.272727272727273
E3,F2,same,matched,coordinator,status,33,1.0,1.9393939393939394
E3,F2,same,matched,executor,commit,33,0.8181818181818182,0.9090909090909091
E3,F2,same,matched,executor,finish,33,0.7272727272727273,0.8181818181818182
E3,F2,same,matched,executor,message,33,0.7878787878787878,0.7878787878787878
E3,F2,same,matched,executor,status,33,0.9393939393939394,1.4545454545454546
E3,F2,same,matched,executor,verify,33,0.7575757575757576,1.0
E3,F2,same,matched,provider,allocate,33,1.0,1.5151515151515151
E3,F2,same,matched,provider,confirm,33,0.6666666666666666,0.6666666666666666
E3,F2,same,matched,provider,finish,33,0.8787878787878788,0.8787878787878788
E3,F2,same,matched,provider,message,33,1.0,1.2424242424242424
E3,F2,same,matched,provider,publish,33,0.9393939393939394,0.9393939393939394
E3,F2,same,matched,provider,read_records,33,0.5454545454545454,0.5454545454545454
E3,F2,same,random,analyst,allocate,33,0.7878787878787878,1.0909090909090908
E3,F2,same,random,analyst,calculate,33,0.9393939393939394,1.2424242424242424
E3,F2,same,random,analyst,contract,33,0.06060606060606061,0.06060606060606061
E3,F2,same,random,analyst,finish,33,0.6363636363636364,0.6666666666666666
E3,F2,same,random,analyst,message,33,1.0,1.4545454545454546
E3,F2,same,random,analyst,read_artifact,33,0.18181818181818182,0.18181818181818182
E3,F2,same,random,analyst,verify,33,0.7272727272727273,0.7878787878787878
E3,F2,same,random,coordinator,assign,33,0.9696969696969697,1.2727272727272727
E3,F2,same,random,coordinator,contract,33,0.06060606060606061,0.06060606060606061
E3,F2,same,random,coordinator,finish,33,0.30303030303030304,0.30303030303030304
E3,F2,same,random,coordinator,message,33,1.0,2.3636363636363638
E3,F2,same,random,coordinator,status,33,1.0,2.0
E3,F2,same,random,executor,commit,33,0.8484848484848485,0.9696969696969697
E3,F2,same,random,executor,contract,33,0.030303030303030304,0.030303030303030304
E3,F2,same,random,executor,finish,33,0.8181818181818182,0.8787878787878788
E3,F2,same,random,executor,message,33,0.7272727272727273,0.7878787878787878
E3,F2,same,random,executor,status,33,1.0,1.303030303030303
E3,F2,same,random,executor,verify,33,0.9393939393939394,1.0303030303030303
E3,F2,same,random,provider,allocate,33,0.9393939393939394,1.2424242424242424
E3,F2,same,random,provider,confirm,33,0.8787878787878788,1.0606060606060606
E3,F2,same,random,provider,contract,33,0.030303030303030304,0.030303030303030304
E3,F2,same,random,provider,finish,33,0.7878787878787878,0.7878787878787878
E3,F2,same,random,provider,message,33,0.7575757575757576,0.8787878787878788
E3,F2,same,random,provider,publish,33,0.9696969696969697,1.0606060606060606
E3,F2,same,random,provider,read_records,33,0.7272727272727273,0.7272727272727273
E3,F2,transfer,cycle,analyst,allocate,33,0.9696969696969697,0.9696969696969697
E3,F2,transfer,cycle,analyst,calculate,33,1.0,1.0
E3,F2,transfer,cycle,analyst,finish,33,1.0,1.0
E3,F2,transfer,cycle,analyst,message,33,0.9393939393939394,1.0303030303030303
E3,F2,transfer,cycle,analyst,read_artifact,33,0.9090909090909091,0.9090909090909091
E3,F2,transfer,cycle,analyst,verify,33,0.6060606060606061,0.6666666666666666
E3,F2,transfer,cycle,coordinator,assign,33,0.9696969696969697,1.3636363636363635
E3,F2,transfer,cycle,coordinator,finish,33,0.6666666666666666,0.6666666666666666
E3,F2,transfer,cycle,coordinator,message,33,1.0,2.3333333333333335
E3,F2,transfer,cycle,coordinator,status,33,1.0,1.6363636363636365
E3,F2,transfer,cycle,executor,commit,33,0.9696969696969697,1.0303030303030303
E3,F2,transfer,cycle,executor,contract,33,0.030303030303030304,0.030303030303030304
E3,F2,transfer,cycle,executor,finish,33,0.9393939393939394,1.0606060606060606
E3,F2,transfer,cycle,executor,message,33,0.6060606060606061,0.6363636363636364
E3,F2,transfer,cycle,executor,status,33,0.9393939393939394,1.0606060606060606
E3,F2,transfer,cycle,executor,verify,33,0.8181818181818182,0.8181818181818182
E3,F2,transfer,cycle,provider,allocate,33,1.0,1.0909090909090908
E3,F2,transfer,cycle,provider,confirm,33,0.9393939393939394,1.0
E3,F2,transfer,cycle,provider,finish,33,0.9696969696969697,0.9696969696969697
E3,F2,transfer,cycle,provider,message,33,0.7575757575757576,0.7575757575757576
E3,F2,transfer,cycle,provider,publish,33,1.0,1.0
E3,F2,transfer,cycle,provider,read_records,33,1.0,1.0
E3,F2,transfer,matched,analyst,allocate,33,1.0,1.5454545454545454
E3,F2,transfer,matched,analyst,calculate,33,0.8484848484848485,0.9090909090909091
E3,F2,transfer,matched,analyst,finish,33,0.5454545454545454,0.5454545454545454
E3,F2,transfer,matched,analyst,message,33,1.0,1.6666666666666667
E3,F2,transfer,matched,analyst,read_artifact,33,0.45454545454545453,0.45454545454545453
E3,F2,transfer,matched,analyst,verify,33,0.7575757575757576,0.8484848484848485
E3,F2,transfer,matched,coordinator,assign,33,1.0,1.3636363636363635
E3,F2,transfer,matched,coordinator,contract,33,0.030303030303030304,0.030303030303030304
E3,F2,transfer,matched,coordinator,finish,33,0.5151515151515151,0.5151515151515151
E3,F2,transfer,matched,coordinator,message,33,1.0,2.090909090909091
E3,F2,transfer,matched,coordinator,status,33,1.0,1.9696969696969697
E3,F2,transfer,matched,executor,commit,33,0.9393939393939394,1.121212121212121
E3,F2,transfer,matched,executor,finish,33,0.7272727272727273,0.9696969696969697
E3,F2,transfer,matched,executor,message,33,0.696969696969697,0.696969696969697
E3,F2,transfer,matched,executor,status,33,0.9090909090909091,1.606060606060606
E3,F2,transfer,matched,executor,verify,33,0.696969696969697,0.696969696969697
E3,F2,transfer,matched,provider,allocate,33,1.0,1.6363636363636365
E3,F2,transfer,matched,provider,confirm,33,0.6666666666666666,0.6666666666666666
E3,F2,transfer,matched,provider,contract,33,0.030303030303030304,0.030303030303030304
E3,F2,transfer,matched,provider,finish,33,0.8181818181818182,0.8181818181818182
E3,F2,transfer,matched,provider,message,33,0.9090909090909091,1.2424242424242424
E3,F2,transfer,matched,provider,publish,33,1.0,1.0
E3,F2,transfer,matched,provider,read_records,33,0.5757575757575758,0.5757575757575758
E3,F2,transfer,random,analyst,allocate,33,0.9393939393939394,1.1515151515151516
E3,F2,transfer,random,analyst,calculate,33,0.9696969696969697,1.0909090909090908
E3,F2,transfer,random,analyst,contract,33,0.06060606060606061,0.06060606060606061
E3,F2,transfer,random,analyst,finish,33,0.6363636363636364,0.6363636363636364
E3,F2,transfer,random,analyst,message,33,1.0,1.3333333333333333
E3,F2,transfer,random,analyst,read_artifact,33,0.42424242424242425,0.42424242424242425
E3,F2,transfer,random,analyst,verify,33,0.8181818181818182,1.0
E3,F2,transfer,random,coordinator,assign,33,0.9696969696969697,1.1818181818181819
E3,F2,transfer,random,coordinator,contract,33,0.030303030303030304,0.030303030303030304
E3,F2,transfer,random,coordinator,finish,33,0.8181818181818182,0.8181818181818182
E3,F2,transfer,random,coordinator,message,33,1.0,2.0606060606060606
E3,F2,transfer,random,coordinator,status,33,1.0,1.878787878787879
E3,F2,transfer,random,executor,commit,33,1.0,1.1818181818181819
E3,F2,transfer,random,executor,finish,33,0.8787878787878788,1.0
E3,F2,transfer,random,executor,message,33,0.5757575757575758,0.6363636363636364
E3,F2,transfer,random,executor,status,33,0.9393939393939394,1.0909090909090908
E3,F2,transfer,random,executor,verify,33,0.8484848484848485,0.8484848484848485
E3,F2,transfer,random,provider,allocate,33,1.0,1.2424242424242424
E3,F2,transfer,random,provider,confirm,33,0.8484848484848485,0.9090909090909091
E3,F2,transfer,random,provider,contract,33,0.030303030303030304,0.030303030303030304
E3,F2,transfer,random,provider,finish,33,0.9090909090909091,0.9090909090909091
E3,F2,transfer,random,provider,message,33,0.6666666666666666,0.7272727272727273
E3,F2,transfer,random,provider,publish,33,1.0,1.1515151515151516
E3,F2,transfer,random,provider,read_records,33,0.8787878787878788,0.8787878787878788
E3,F3,reversal,cycle,analyst,allocate,36,0.7222222222222222,0.8888888888888888
E3,F3,reversal,cycle,analyst,calculate,36,0.9444444444444444,1.1666666666666667
E3,F3,reversal,cycle,analyst,contract,36,0.2222222222222222,0.2222222222222222
E3,F3,reversal,cycle,analyst,finish,36,0.5,0.5
E3,F3,reversal,cycle,analyst,message,36,0.9444444444444444,1.3055555555555556
E3,F3,reversal,cycle,analyst,read_artifact,36,0.1111111111111111,0.1111111111111111
E3,F3,reversal,cycle,analyst,verify,36,0.8611111111111112,1.5277777777777777
E3,F3,reversal,cycle,coordinator,assign,36,0.9166666666666666,1.1666666666666667
E3,F3,reversal,cycle,coordinator,contract,36,0.2222222222222222,0.2222222222222222
E3,F3,reversal,cycle,coordinator,finish,36,0.19444444444444445,0.19444444444444445
E3,F3,reversal,cycle,coordinator,message,36,1.0,2.138888888888889
E3,F3,reversal,cycle,coordinator,signoff,36,0.05555555555555555,0.05555555555555555
E3,F3,reversal,cycle,coordinator,status,36,1.0,2.1944444444444446
E3,F3,reversal,cycle,executor,commit,36,0.8333333333333334,0.9166666666666666
E3,F3,reversal,cycle,executor,contract,36,0.19444444444444445,0.25
E3,F3,reversal,cycle,executor,finish,36,0.6111111111111112,0.6111111111111112
E3,F3,reversal,cycle,executor,message,36,0.8611111111111112,0.8888888888888888
E3,F3,reversal,cycle,executor,read_artifact,36,0.05555555555555555,0.08333333333333333
E3,F3,reversal,cycle,executor,status,36,1.0,1.8611111111111112
E3,F3,reversal,cycle,executor,verify,36,0.8888888888888888,0.9166666666666666
E3,F3,reversal,cycle,provider,allocate,36,0.9722222222222222,1.25
E3,F3,reversal,cycle,provider,confirm,36,0.8888888888888888,1.1666666666666667
E3,F3,reversal,cycle,provider,contract,36,0.027777777777777776,0.027777777777777776
E3,F3,reversal,cycle,provider,finish,36,0.75,0.75
E3,F3,reversal,cycle,provider,message,36,0.7222222222222222,0.8333333333333334
E3,F3,reversal,cycle,provider,publish,36,0.8611111111111112,0.9444444444444444
E3,F3,reversal,cycle,provider,read_records,36,0.8611111111111112,0.9444444444444444
E3,F3,reversal,matched,analyst,allocate,36,0.75,0.9722222222222222
E3,F3,reversal,matched,analyst,calculate,36,0.8611111111111112,1.3611111111111112
E3,F3,reversal,matched,analyst,contract,36,0.19444444444444445,0.19444444444444445
E3,F3,reversal,matched,analyst,finish,36,0.5,0.5277777777777778
E3,F3,reversal,matched,analyst,message,36,0.9166666666666666,1.0555555555555556
E3,F3,reversal,matched,analyst,read_artifact,36,0.19444444444444445,0.19444444444444445
E3,F3,reversal,matched,analyst,verify,36,0.75,1.25
E3,F3,reversal,matched,coordinator,assign,36,0.9722222222222222,1.2777777777777777
E3,F3,reversal,matched,coordinator,contract,36,0.4166666666666667,0.4166666666666667
E3,F3,reversal,matched,coordinator,finish,36,0.3055555555555556,0.3055555555555556
E3,F3,reversal,matched,coordinator,message,36,1.0,2.0833333333333335
E3,F3,reversal,matched,coordinator,status,36,1.0,1.9166666666666667
E3,F3,reversal,matched,executor,commit,36,0.9444444444444444,1.0555555555555556
E3,F3,reversal,matched,executor,contract,36,0.05555555555555555,0.08333333333333333
E3,F3,reversal,matched,executor,finish,36,0.75,0.9722222222222222
E3,F3,reversal,matched,executor,message,36,0.7777777777777778,0.8333333333333334
E3,F3,reversal,matched,executor,status,36,1.0,1.6388888888888888
E3,F3,reversal,matched,executor,verify,36,0.6944444444444444,0.6944444444444444
E3,F3,reversal,matched,provider,allocate,36,0.9166666666666666,1.1944444444444444
E3,F3,reversal,matched,provider,confirm,36,0.7222222222222222,0.8333333333333334
E3,F3,reversal,matched,provider,finish,36,0.7777777777777778,0.9166666666666666
E3,F3,reversal,matched,provider,message,36,0.8888888888888888,1.0555555555555556
E3,F3,reversal,matched,provider,publish,36,1.0,1.0
E3,F3,reversal,matched,provider,read_records,36,0.5277777777777778,0.5277777777777778
E3,F3,reversal,random,analyst,allocate,36,0.8611111111111112,1.0277777777777777
E3,F3,reversal,random,analyst,calculate,36,0.8333333333333334,1.1944444444444444
E3,F3,reversal,random,analyst,contract,36,0.027777777777777776,0.027777777777777776
E3,F3,reversal,random,analyst,finish,36,0.6388888888888888,0.6666666666666666
E3,F3,reversal,random,analyst,message,36,0.9722222222222222,1.25
E3,F3,reversal,random,analyst,read_artifact,36,0.1388888888888889,0.1388888888888889
E3,F3,reversal,random,analyst,verify,36,0.8888888888888888,1.2777777777777777
E3,F3,reversal,random,coordinator,assign,36,0.9722222222222222,1.1944444444444444
E3,F3,reversal,random,coordinator,contract,36,0.3888888888888889,0.3888888888888889
E3,F3,reversal,random,coordinator,finish,36,0.2777777777777778,0.2777777777777778
E3,F3,reversal,random,coordinator,message,36,1.0,2.111111111111111
E3,F3,reversal,random,coordinator,status,36,1.0,2.0277777777777777
E3,F3,reversal,random,executor,commit,36,0.8611111111111112,0.8611111111111112
E3,F3,reversal,random,executor,contract,36,0.05555555555555555,0.05555555555555555
E3,F3,reversal,random,executor,finish,36,0.75,0.8055555555555556
E3,F3,reversal,random,executor,message,36,0.7222222222222222,0.7777777777777778
E3,F3,reversal,random,executor,status,36,0.9444444444444444,1.5833333333333333
E3,F3,reversal,random,executor,verify,36,0.8611111111111112,0.8888888888888888
E3,F3,reversal,random,provider,allocate,36,0.9444444444444444,1.25
E3,F3,reversal,random,provider,confirm,36,0.7777777777777778,0.8611111111111112
E3,F3,reversal,random,provider,finish,36,0.8055555555555556,0.8333333333333334
E3,F3,reversal,random,provider,message,36,0.7777777777777778,0.8611111111111112
E3,F3,reversal,random,provider,publish,36,1.0,1.0277777777777777
E3,F3,reversal,random,provider,read_records,36,0.8333333333333334,0.8333333333333334
E3,F3,same,cycle,analyst,allocate,36,0.8611111111111112,0.9166666666666666
E3,F3,same,cycle,analyst,calculate,36,1.0,1.0555555555555556
E3,F3,same,cycle,analyst,contract,36,0.1388888888888889,0.16666666666666666
E3,F3,same,cycle,analyst,finish,36,0.6388888888888888,0.6388888888888888
E3,F3,same,cycle,analyst,message,36,1.0,1.4166666666666667
E3,F3,same,cycle,analyst,read_artifact,36,0.1388888888888889,0.1388888888888889
E3,F3,same,cycle,analyst,verify,36,0.8333333333333334,1.3333333333333333
E3,F3,same,cycle,coordinator,assign,36,0.9444444444444444,1.1944444444444444
E3,F3,same,cycle,coordinator,contract,36,0.25,0.25
E3,F3,same,cycle,coordinator,finish,36,0.19444444444444445,0.19444444444444445
E3,F3,same,cycle,coordinator,message,36,1.0,2.111111111111111
E3,F3,same,cycle,coordinator,signoff,36,0.027777777777777776,0.027777777777777776
E3,F3,same,cycle,coordinator,status,36,1.0,2.138888888888889
E3,F3,same,cycle,executor,commit,36,0.9166666666666666,1.0277777777777777
E3,F3,same,cycle,executor,contract,36,0.08333333333333333,0.08333333333333333
E3,F3,same,cycle,executor,finish,36,0.6666666666666666,0.6666666666666666
E3,F3,same,cycle,executor,message,36,0.7777777777777778,0.7777777777777778
E3,F3,same,cycle,executor,read_artifact,36,0.05555555555555555,0.08333333333333333
E3,F3,same,cycle,executor,status,36,1.0,1.5833333333333333
E3,F3,same,cycle,executor,verify,36,0.8611111111111112,1.0
E3,F3,same,cycle,provider,allocate,36,1.0,1.4166666666666667
E3,F3,same,cycle,provider,confirm,36,0.8055555555555556,0.8611111111111112
E3,F3,same,cycle,provider,finish,36,0.8333333333333334,0.8333333333333334
E3,F3,same,cycle,provider,message,36,0.6944444444444444,0.8333333333333334
E3,F3,same,cycle,provider,publish,36,0.9166666666666666,0.9166666666666666
E3,F3,same,cycle,provider,read_records,36,0.8611111111111112,0.8611111111111112
E3,F3,same,matched,analyst,allocate,36,0.7777777777777778,1.0555555555555556
E3,F3,same,matched,analyst,calculate,36,0.8611111111111112,1.2777777777777777
E3,F3,same,matched,analyst,contract,36,0.16666666666666666,0.19444444444444445
E3,F3,same,matched,analyst,finish,36,0.5833333333333334,0.5833333333333334
E3,F3,same,matched,analyst,message,36,0.9722222222222222,1.1388888888888888
E3,F3,same,matched,analyst,read_artifact,36,0.16666666666666666,0.16666666666666666
E3,F3,same,matched,analyst,verify,36,0.7222222222222222,1.1944444444444444
E3,F3,same,matched,coordinator,assign,36,0.9444444444444444,1.2777777777777777
E3,F3,same,matched,coordinator,contract,36,0.3888888888888889,0.3888888888888889
E3,F3,same,matched,coordinator,finish,36,0.25,0.25
E3,F3,same,matched,coordinator,message,36,1.0,2.1666666666666665
E3,F3,same,matched,coordinator,status,36,1.0,1.9166666666666667
E3,F3,same,matched,executor,commit,36,1.0,1.0555555555555556
E3,F3,same,matched,executor,finish,36,0.6944444444444444,0.8611111111111112
E3,F3,same,matched,executor,message,36,0.7222222222222222,0.8055555555555556
E3,F3,same,matched,executor,status,36,1.0,1.6666666666666667
E3,F3,same,matched,executor,verify,36,0.7777777777777778,0.7777777777777778
E3,F3,same,matched,provider,allocate,36,0.9166666666666666,1.3333333333333333
E3,F3,same,matched,provider,confirm,36,0.6944444444444444,0.7222222222222222
E3,F3,same,matched,provider,finish,36,0.7222222222222222,0.75
E3,F3,same,matched,provider,message,36,0.8888888888888888,1.0833333333333333
E3,F3,same,matched,provider,publish,36,1.0,1.0277777777777777
E3,F3,same,matched,provider,read_records,36,0.5277777777777778,0.5833333333333334
E3,F3,same,random,analyst,allocate,36,0.8055555555555556,1.0
E3,F3,same,random,analyst,calculate,36,0.9166666666666666,1.1944444444444444
E3,F3,same,random,analyst,contract,36,0.05555555555555555,0.05555555555555555
E3,F3,same,random,analyst,finish,36,0.7777777777777778,0.8055555555555556
E3,F3,same,random,analyst,message,36,0.9722222222222222,1.1111111111111112
E3,F3,same,random,analyst,read_artifact,36,0.1111111111111111,0.1388888888888889
E3,F3,same,random,analyst,verify,36,0.8333333333333334,1.1388888888888888
E3,F3,same,random,coordinator,assign,36,0.9444444444444444,1.1388888888888888
E3,F3,same,random,coordinator,contract,36,0.3888888888888889,0.3888888888888889
E3,F3,same,random,coordinator,finish,36,0.25,0.25
E3,F3,same,random,coordinator,message,36,1.0,2.138888888888889
E3,F3,same,random,coordinator,status,36,1.0,2.0833333333333335
E3,F3,same,random,executor,commit,36,0.9166666666666666,0.9722222222222222
E3,F3,same,random,executor,finish,36,0.7777777777777778,0.8333333333333334
E3,F3,same,random,executor,message,36,0.75,0.8055555555555556
E3,F3,same,random,executor,status,36,0.9444444444444444,1.5277777777777777
E3,F3,same,random,executor,verify,36,0.8055555555555556,0.8333333333333334
E3,F3,same,random,provider,allocate,36,0.9722222222222222,1.0833333333333333
E3,F3,same,random,provider,confirm,36,0.7777777777777778,1.0277777777777777
E3,F3,same,random,provider,finish,36,0.8055555555555556,0.8055555555555556
E3,F3,same,random,provider,message,36,0.7777777777777778,0.8333333333333334
E3,F3,same,random,provider,publish,36,1.0,1.0
E3,F3,same,random,provider,read_records,36,0.8611111111111112,0.8888888888888888
E3,F3,transfer,cycle,analyst,allocate,36,1.0,1.0
E3,F3,transfer,cycle,analyst,calculate,36,1.0,1.0277777777777777
E3,F3,transfer,cycle,analyst,finish,36,0.6944444444444444,0.6944444444444444
E3,F3,transfer,cycle,analyst,message,36,1.0,1.1666666666666667
E3,F3,transfer,cycle,analyst,read_artifact,36,0.75,0.75
E3,F3,transfer,cycle,analyst,verify,36,0.8055555555555556,1.0833333333333333
E3,F3,transfer,cycle,coordinator,assign,36,1.0,1.4444444444444444
E3,F3,transfer,cycle,coordinator,finish,36,0.9444444444444444,0.9444444444444444
E3,F3,transfer,cycle,coordinator,message,36,1.0,1.9444444444444444
E3,F3,transfer,cycle,coordinator,status,36,1.0,1.6666666666666667
E3,F3,transfer,cycle,executor,commit,36,1.0,1.0
E3,F3,transfer,cycle,executor,finish,36,1.0,1.0
E3,F3,transfer,cycle,executor,message,36,0.4444444444444444,0.4444444444444444
E3,F3,transfer,cycle,executor,status,36,1.0,1.1388888888888888
E3,F3,transfer,cycle,executor,verify,36,0.9166666666666666,0.9166666666666666
E3,F3,transfer,cycle,provider,allocate,36,1.0,1.0833333333333333
E3,F3,transfer,cycle,provider,confirm,36,0.8333333333333334,0.8333333333333334
E3,F3,transfer,cycle,provider,finish,36,1.0,1.0
E3,F3,transfer,cycle,provider,message,36,0.9166666666666666,0.9166666666666666
E3,F3,transfer,cycle,provider,publish,36,1.0,1.0
E3,F3,transfer,cycle,provider,read_records,36,1.0,1.0
E3,F3,transfer,matched,analyst,allocate,36,0.9722222222222222,1.1666666666666667
E3,F3,transfer,matched,analyst,calculate,36,0.8888888888888888,1.2777777777777777
E3,F3,transfer,matched,analyst,finish,36,0.4444444444444444,0.4444444444444444
E3,F3,transfer,matched,analyst,message,36,1.0,1.4166666666666667
E3,F3,transfer,matched,analyst,read_artifact,36,0.4166666666666667,0.4166666666666667
E3,F3,transfer,matched,analyst,verify,36,0.8611111111111112,1.1944444444444444
E3,F3,transfer,matched,coordinator,assign,36,0.9722222222222222,1.3055555555555556
E3,F3,transfer,matched,coordinator,finish,36,0.6388888888888888,0.6388888888888888
E3,F3,transfer,matched,coordinator,message,36,1.0,2.0555555555555554
E3,F3,transfer,matched,coordinator,status,36,1.0,2.0
E3,F3,transfer,matched,executor,commit,36,1.0,1.3333333333333333
E3,F3,transfer,matched,executor,finish,36,0.7777777777777778,0.9444444444444444
E3,F3,transfer,matched,executor,message,36,0.75,0.7777777777777778
E3,F3,transfer,matched,executor,status,36,0.9444444444444444,1.5833333333333333
E3,F3,transfer,matched,executor,verify,36,0.6388888888888888,0.6666666666666666
E3,F3,transfer,matched,provider,allocate,36,1.0,1.6111111111111112
E3,F3,transfer,matched,provider,confirm,36,0.5833333333333334,0.6111111111111112
E3,F3,transfer,matched,provider,finish,36,0.7222222222222222,0.7222222222222222
E3,F3,transfer,matched,provider,message,36,0.9166666666666666,1.2222222222222223
E3,F3,transfer,matched,provider,publish,36,1.0,1.0
E3,F3,transfer,matched,provider,read_records,36,0.4166666666666667,0.4166666666666667
E3,F3,transfer,random,analyst,allocate,36,0.9444444444444444,1.1944444444444444
E3,F3,transfer,random,analyst,calculate,36,0.9444444444444444,1.1111111111111112
E3,F3,transfer,random,analyst,finish,36,0.4722222222222222,0.4722222222222222
E3,F3,transfer,random,analyst,message,36,1.0,1.4166666666666667
E3,F3,transfer,random,analyst,read_artifact,36,0.4444444444444444,0.4444444444444444
E3,F3,transfer,random,analyst,verify,36,0.8611111111111112,1.1944444444444444
E3,F3,transfer,random,coordinator,assign,36,1.0,1.25
E3,F3,transfer,random,coordinator,finish,36,0.8055555555555556,0.8055555555555556
E3,F3,transfer,random,coordinator,message,36,1.0,2.0
E3,F3,transfer,random,coordinator,status,36,1.0,1.8333333333333333
E3,F3,transfer,random,executor,commit,36,0.9722222222222222,1.0277777777777777
E3,F3,transfer,random,executor,finish,36,0.9444444444444444,1.0277777777777777
E3,F3,transfer,random,executor,message,36,0.3888888888888889,0.3888888888888889
E3,F3,transfer,random,executor,status,36,0.9722222222222222,1.1111111111111112
E3,F3,transfer,random,executor,verify,36,0.8888888888888888,0.8888888888888888
E3,F3,transfer,random,provider,allocate,36,1.0,1.2222222222222223
E3,F3,transfer,random,provider,confirm,36,0.6944444444444444,0.75
E3,F3,transfer,random,provider,finish,36,0.7777777777777778,0.7777777777777778
E3,F3,transfer,random,provider,message,36,0.8333333333333334,0.9166666666666666
E3,F3,transfer,random,provider,publish,36,1.0,1.1666666666666667
E3,F3,transfer,random,provider,read_records,36,0.8055555555555556,0.8055555555555556
E3,F4,reversal,cycle,analyst,allocate,30,0.7666666666666667,0.8666666666666667
E3,F4,reversal,cycle,analyst,calculate,30,0.9666666666666667,1.0666666666666667
E3,F4,reversal,cycle,analyst,contract,30,0.2,0.2
E3,F4,reversal,cycle,analyst,finish,30,0.7333333333333333,0.8
E3,F4,reversal,cycle,analyst,message,30,1.0,1.5
E3,F4,reversal,cycle,analyst,read_artifact,30,0.4666666666666667,0.4666666666666667
E3,F4,reversal,cycle,analyst,verify,30,0.6,0.6666666666666666
E3,F4,reversal,cycle,coordinator,assign,30,1.0,1.1333333333333333
E3,F4,reversal,cycle,coordinator,contract,30,0.43333333333333335,0.43333333333333335
E3,F4,reversal,cycle,coordinator,finish,30,0.13333333333333333,0.13333333333333333
E3,F4,reversal,cycle,coordinator,message,30,1.0,2.2333333333333334
E3,F4,reversal,cycle,coordinator,signoff,30,0.03333333333333333,0.03333333333333333
E3,F4,reversal,cycle,coordinator,status,30,1.0,2.033333333333333
E3,F4,reversal,cycle,executor,commit,30,0.6333333333333333,0.8
E3,F4,reversal,cycle,executor,contract,30,0.1,0.1
E3,F4,reversal,cycle,executor,finish,30,0.6333333333333333,0.6666666666666666
E3,F4,reversal,cycle,executor,message,30,0.8,0.8333333333333334
E3,F4,reversal,cycle,executor,read_artifact,30,0.06666666666666667,0.06666666666666667
E3,F4,reversal,cycle,executor,status,30,0.9666666666666667,2.033333333333333
E3,F4,reversal,cycle,executor,verify,30,0.9333333333333333,0.9333333333333333
E3,F4,reversal,cycle,provider,allocate,30,0.9666666666666667,2.066666666666667
E3,F4,reversal,cycle,provider,confirm,30,0.6333333333333333,0.9333333333333333
E3,F4,reversal,cycle,provider,finish,30,0.6333333333333333,0.6333333333333333
E3,F4,reversal,cycle,provider,message,30,0.5666666666666667,0.6333333333333333
E3,F4,reversal,cycle,provider,publish,30,0.7,0.7666666666666667
E3,F4,reversal,cycle,provider,read_records,30,0.6666666666666666,0.6666666666666666
E3,F4,reversal,matched,analyst,allocate,30,0.9666666666666667,1.4
E3,F4,reversal,matched,analyst,calculate,30,0.9666666666666667,1.4666666666666666
E3,F4,reversal,matched,analyst,finish,30,0.4,0.4
E3,F4,reversal,matched,analyst,message,30,1.0,1.2333333333333334
E3,F4,reversal,matched,analyst,read_artifact,30,0.16666666666666666,0.16666666666666666
E3,F4,reversal,matched,analyst,verify,30,0.8,1.1333333333333333
E3,F4,reversal,matched,coordinator,assign,30,1.0,1.5333333333333334
E3,F4,reversal,matched,coordinator,contract,30,0.23333333333333334,0.23333333333333334
E3,F4,reversal,matched,coordinator,finish,30,0.06666666666666667,0.06666666666666667
E3,F4,reversal,matched,coordinator,message,30,1.0,2.1
E3,F4,reversal,matched,coordinator,status,30,1.0,2.066666666666667
E3,F4,reversal,matched,executor,commit,30,0.9,1.0333333333333334
E3,F4,reversal,matched,executor,contract,30,0.03333333333333333,0.03333333333333333
E3,F4,reversal,matched,executor,finish,30,0.6666666666666666,0.9666666666666667
E3,F4,reversal,matched,executor,message,30,0.7333333333333333,0.8666666666666667
E3,F4,reversal,matched,executor,status,30,1.0,1.9
E3,F4,reversal,matched,executor,verify,30,0.6333333333333333,0.7
E3,F4,reversal,matched,provider,allocate,30,1.0,2.8
E3,F4,reversal,matched,provider,confirm,30,0.23333333333333334,0.23333333333333334
E3,F4,reversal,matched,provider,finish,30,0.36666666666666664,0.36666666666666664
E3,F4,reversal,matched,provider,message,30,0.7666666666666667,1.0666666666666667
E3,F4,reversal,matched,provider,publish,30,1.0,1.2
E3,F4,reversal,matched,provider,read_records,30,0.16666666666666666,0.16666666666666666
E3,F4,reversal,random,analyst,allocate,30,0.8333333333333334,1.0
E3,F4,reversal,random,analyst,calculate,30,0.9666666666666667,1.3333333333333333
E3,F4,reversal,random,analyst,contract,30,0.03333333333333333,0.03333333333333333
E3,F4,reversal,random,analyst,finish,30,0.5666666666666667,0.5666666666666667
E3,F4,reversal,random,analyst,message,30,0.9666666666666667,1.2
E3,F4,reversal,random,analyst,read_artifact,30,0.36666666666666664,0.36666666666666664
E3,F4,reversal,random,analyst,verify,30,0.8666666666666667,1.2
E3,F4,reversal,random,coordinator,assign,30,1.0,1.4333333333333333
E3,F4,reversal,random,coordinator,contract,30,0.36666666666666664,0.36666666666666664
E3,F4,reversal,random,coordinator,finish,30,0.16666666666666666,0.16666666666666666
E3,F4,reversal,random,coordinator,message,30,1.0,2.033333333333333
E3,F4,reversal,random,coordinator,status,30,1.0,2.0
E3,F4,reversal,random,executor,commit,30,0.9333333333333333,0.9333333333333333
E3,F4,reversal,random,executor,finish,30,0.8,0.8
E3,F4,reversal,random,executor,message,30,0.6333333333333333,0.6666666666666666
E3,F4,reversal,random,executor,status,30,1.0,1.8333333333333333
E3,F4,reversal,random,executor,verify,30,0.9,0.9
E3,F4,reversal,random,provider,allocate,30,0.9666666666666667,1.9
E3,F4,reversal,random,provider,confirm,30,0.5666666666666667,0.7
E3,F4,reversal,random,provider,contract,30,0.03333333333333333,0.03333333333333333
E3,F4,reversal,random,provider,finish,30,0.6333333333333333,0.6666666666666666
E3,F4,reversal,random,provider,message,30,0.8,0.9666666666666667
E3,F4,reversal,random,provider,publish,30,0.9,0.9666666666666667
E3,F4,reversal,random,provider,read_records,30,0.5666666666666667,0.6
E3,F4,same,cycle,analyst,allocate,30,0.8,0.8666666666666667
E3,F4,same,cycle,analyst,calculate,30,1.0,1.3
E3,F4,same,cycle,analyst,contract,30,0.1,0.1
E3,F4,same,cycle,analyst,finish,30,0.6666666666666666,0.7333333333333333
E3,F4,same,cycle,analyst,message,30,1.0,1.3666666666666667
E3,F4,same,cycle,analyst,read_artifact,30,0.6666666666666666,0.7
E3,F4,same,cycle,analyst,verify,30,0.7333333333333333,0.8
E3,F4,same,cycle,coordinator,assign,30,0.9333333333333333,1.0
E3,F4,same,cycle,coordinator,contract,30,0.36666666666666664,0.4
E3,F4,same,cycle,coordinator,finish,30,0.13333333333333333,0.13333333333333333
E3,F4,same,cycle,coordinator,message,30,1.0,2.2666666666666666
E3,F4,same,cycle,coordinator,status,30,1.0,2.1666666666666665
E3,F4,same,cycle,executor,commit,30,0.8,1.1
E3,F4,same,cycle,executor,contract,30,0.1,0.1
E3,F4,same,cycle,executor,finish,30,0.4,0.4
E3,F4,same,cycle,executor,message,30,0.8666666666666667,0.9
E3,F4,same,cycle,executor,read_artifact,30,0.06666666666666667,0.13333333333333333
E3,F4,same,cycle,executor,status,30,1.0,1.9666666666666666
E3,F4,same,cycle,executor,verify,30,0.8666666666666667,0.8666666666666667
E3,F4,same,cycle,provider,allocate,30,1.0,2.4
E3,F4,same,cycle,provider,confirm,30,0.5,0.7666666666666667
E3,F4,same,cycle,provider,finish,30,0.43333333333333335,0.43333333333333335
E3,F4,same,cycle,provider,message,30,0.5333333333333333,0.6
E3,F4,same,cycle,provider,publish,30,0.7,0.8666666666666667
E3,F4,same,cycle,provider,read_records,30,0.6666666666666666,0.7333333333333333
E3,F4,same,matched,analyst,allocate,30,0.9666666666666667,1.4
E3,F4,same,matched,analyst,calculate,30,0.9,1.3333333333333333
E3,F4,same,matched,analyst,finish,30,0.36666666666666664,0.4
E3,F4,same,matched,analyst,message,30,0.9666666666666667,1.2666666666666666
E3,F4,same,matched,analyst,read_artifact,30,0.2,0.2
E3,F4,same,matched,analyst,verify,30,0.7333333333333333,1.2
E3,F4,same,matched,coordinator,assign,30,1.0,1.5
E3,F4,same,matched,coordinator,contract,30,0.2,0.2
E3,F4,same,matched,coordinator,message,30,1.0,2.1666666666666665
E3,F4,same,matched,coordinator,status,30,1.0,2.1333333333333333
E3,F4,same,matched,executor,commit,30,0.9,0.9666666666666667
E3,F4,same,matched,executor,finish,30,0.7,1.0333333333333334
E3,F4,same,matched,executor,message,30,0.7666666666666667,0.8333333333333334
E3,F4,same,matched,executor,status,30,1.0,1.9666666666666666
E3,F4,same,matched,executor,verify,30,0.6,0.6333333333333333
E3,F4,same,matched,provider,allocate,30,1.0,2.4
E3,F4,same,matched,provider,confirm,30,0.36666666666666664,0.43333333333333335
E3,F4,same,matched,provider,contract,30,0.03333333333333333,0.03333333333333333
E3,F4,same,matched,provider,finish,30,0.5,0.5
E3,F4,same,matched,provider,message,30,0.8333333333333334,1.1333333333333333
E3,F4,same,matched,provider,publish,30,1.0,1.2333333333333334
E3,F4,same,matched,provider,read_records,30,0.2,0.2
E3,F4,same,random,analyst,allocate,30,0.8666666666666667,1.0666666666666667
E3,F4,same,random,analyst,calculate,30,0.9666666666666667,1.3333333333333333
E3,F4,same,random,analyst,finish,30,0.6,0.6
E3,F4,same,random,analyst,message,30,0.9333333333333333,1.1666666666666667
E3,F4,same,random,analyst,read_artifact,30,0.4666666666666667,0.4666666666666667
E3,F4,same,random,analyst,verify,30,0.6666666666666666,0.9333333333333333
E3,F4,same,random,coordinator,assign,30,0.9666666666666667,1.3333333333333333
E3,F4,same,random,coordinator,contract,30,0.36666666666666664,0.36666666666666664
E3,F4,same,random,coordinator,finish,30,0.1,0.1
E3,F4,same,random,coordinator,message,30,1.0,2.2
E3,F4,same,random,coordinator,status,30,1.0,2.0
E3,F4,same,random,executor,commit,30,0.9333333333333333,0.9333333333333333
E3,F4,same,random,executor,contract,30,0.03333333333333333,0.03333333333333333
E3,F4,same,random,executor,finish,30,0.9,1.0
E3,F4,same,random,executor,message,30,0.7333333333333333,0.7333333333333333
E3,F4,same,random,executor,status,30,1.0,1.5
E3,F4,same,random,executor,verify,30,0.9,0.9
E3,F4,same,random,provider,allocate,30,1.0,2.066666666666667
E3,F4,same,random,provider,confirm,30,0.6,0.8
E3,F4,same,random,provider,contract,30,0.03333333333333333,0.03333333333333333
E3,F4,same,random,provider,finish,30,0.6333333333333333,0.6333333333333333
E3,F4,same,random,provider,message,30,0.6,0.6666666666666666
E3,F4,same,random,provider,publish,30,0.9333333333333333,0.9666666666666667
E3,F4,same,random,provider,read_records,30,0.5666666666666667,0.5666666666666667
E3,F4,transfer,cycle,analyst,allocate,30,1.0,1.1666666666666667
E3,F4,transfer,cycle,analyst,calculate,30,1.0,1.0333333333333334
E3,F4,transfer,cycle,analyst,contract,30,0.03333333333333333,0.03333333333333333
E3,F4,transfer,cycle,analyst,finish,30,0.7666666666666667,0.7666666666666667
E3,F4,transfer,cycle,analyst,message,30,1.0,1.1333333333333333
E3,F4,transfer,cycle,analyst,read_artifact,30,0.9,0.9
E3,F4,transfer,cycle,analyst,verify,30,0.7,0.7
E3,F4,transfer,cycle,coordinator,assign,30,1.0,1.4
E3,F4,transfer,cycle,coordinator,finish,30,0.8333333333333334,0.8333333333333334
E3,F4,transfer,cycle,coordinator,message,30,1.0,1.9666666666666666
E3,F4,transfer,cycle,coordinator,status,30,1.0,1.7666666666666666
E3,F4,transfer,cycle,executor,commit,30,0.9333333333333333,0.9333333333333333
E3,F4,transfer,cycle,executor,finish,30,0.9,0.9
E3,F4,transfer,cycle,executor,message,30,0.6333333333333333,0.6333333333333333
E3,F4,transfer,cycle,executor,status,30,1.0,1.4333333333333333
E3,F4,transfer,cycle,executor,verify,30,1.0,1.0333333333333334
E3,F4,transfer,cycle,provider,allocate,30,1.0,1.2333333333333334
E3,F4,transfer,cycle,provider,confirm,30,0.6333333333333333,0.6666666666666666
E3,F4,transfer,cycle,provider,finish,30,0.8666666666666667,0.8666666666666667
E3,F4,transfer,cycle,provider,message,30,1.0,1.1333333333333333
E3,F4,transfer,cycle,provider,publish,30,1.0,1.0
E3,F4,transfer,cycle,provider,read_records,30,1.0,1.0
E3,F4,transfer,matched,analyst,allocate,30,0.9333333333333333,1.0333333333333334
E3,F4,transfer,matched,analyst,calculate,30,0.9666666666666667,1.6
E3,F4,transfer,matched,analyst,contract,30,0.1,0.1
E3,F4,transfer,matched,analyst,finish,30,0.5,0.5
E3,F4,transfer,matched,analyst,message,30,0.9666666666666667,1.3333333333333333
E3,F4,transfer,matched,analyst,read_artifact,30,0.1,0.1
E3,F4,transfer,matched,analyst,verify,30,0.8333333333333334,1.1333333333333333
E3,F4,transfer,matched,coordinator,assign,30,0.8666666666666667,1.2333333333333334
E3,F4,transfer,matched,coordinator,finish,30,0.6666666666666666,0.6666666666666666
E3,F4,transfer,matched,coordinator,message,30,1.0,2.066666666666667
E3,F4,transfer,matched,coordinator,status,30,1.0,1.9333333333333333
E3,F4,transfer,matched,executor,commit,30,0.7666666666666667,0.9
E3,F4,transfer,matched,executor,finish,30,0.7,1.0333333333333334
E3,F4,transfer,matched,executor,message,30,0.8666666666666667,0.9
E3,F4,transfer,matched,executor,status,30,0.9666666666666667,1.9
E3,F4,transfer,matched,executor,verify,30,0.6666666666666666,0.7333333333333333
E3,F4,transfer,matched,provider,allocate,30,1.0,1.9333333333333333
E3,F4,transfer,matched,provider,confirm,30,0.36666666666666664,0.36666666666666664
E3,F4,transfer,matched,provider,finish,30,0.7333333333333333,0.7333333333333333
E3,F4,transfer,matched,provider,message,30,0.9666666666666667,1.6666666666666667
E3,F4,transfer,matched,provider,publish,30,1.0,1.0
E3,F4,transfer,matched,provider,read_records,30,0.1,0.1
E3,F4,transfer,random,analyst,allocate,30,1.0,1.2666666666666666
E3,F4,transfer,random,analyst,calculate,30,0.9333333333333333,1.1333333333333333
E3,F4,transfer,random,analyst,contract,30,0.03333333333333333,0.03333333333333333
E3,F4,transfer,random,analyst,finish,30,0.6,0.6333333333333333
E3,F4,transfer,random,analyst,message,30,0.9666666666666667,1.1666666666666667
E3,F4,transfer,random,analyst,read_artifact,30,0.5,0.5
E3,F4,transfer,random,analyst,verify,30,0.7333333333333333,0.9666666666666667
E3,F4,transfer,random,coordinator,assign,30,0.9333333333333333,1.3666666666666667
E3,F4,transfer,random,coordinator,finish,30,0.6666666666666666,0.6666666666666666
E3,F4,transfer,random,coordinator,message,30,1.0,1.8333333333333333
E3,F4,transfer,random,coordinator,status,30,1.0,1.8333333333333333
E3,F4,transfer,random,executor,commit,30,1.0,1.0
E3,F4,transfer,random,executor,contract,30,0.03333333333333333,0.03333333333333333
E3,F4,transfer,random,executor,finish,30,0.8666666666666667,1.0333333333333334
E3,F4,transfer,random,executor,message,30,0.6,0.6333333333333333
E3,F4,transfer,random,executor,read_artifact,30,0.03333333333333333,0.03333333333333333
E3,F4,transfer,random,executor,status,30,0.9333333333333333,1.2666666666666666
E3,F4,transfer,random,executor,verify,30,0.9,0.9
E3,F4,transfer,random,provider,allocate,30,1.0,1.2333333333333334
E3,F4,transfer,random,provider,confirm,30,0.7333333333333333,0.8
E3,F4,transfer,random,provider,finish,30,0.9,0.9
E3,F4,transfer,random,provider,message,30,0.8,0.9333333333333333
E3,F4,transfer,random,provider,publish,30,1.0,1.1333333333333333
E3,F4,transfer,random,provider,read_records,30,0.7,0.7
