experiment,family_id,kind,method,n,opportunities,recurrence_count,recurrence_rate,mean_commits,mean_model_calls,mean_input_tokens,first_success_rate,final_success_rate,abstained_rate,strict_composition_failure_rate,preventive_action_rate,unnecessary_wait_rate,any_new_error_rate,any_tool_error_rate,budget_ceiling_rate,target_avoided_but_failed_rate,recurred_then_repaired_rate,outcome_first_success,outcome_recurred_then_repaired,outcome_late_success_without_target_recurrence,outcome_abstained,outcome_target_recurrence_failure,outcome_other_failure_without_target_recurrence
E1,workflow/funds/F1,reversal,components_SOCDKPU,3,0,0,,0.6666666666666666,21.666666666666668,38440.0,0.0,0.0,0.3333333333333333,0.0,0.3333333333333333,0.3333333333333333,0.6666666666666666,0.6666666666666666,1.0,0.0,0.0,0,0,0,1,0,2
E1,workflow/funds/F1,reversal,components_SP,3,0,0,,1.0,22.0,19880.666666666668,0.0,0.0,0.0,0.0,1.0,0.6666666666666666,1.0,1.0,1.0,0.0,0.0,0,0,0,0,0,3
E1,workflow/funds/F1,same,components_SOCDKPU,3,3,3,1.0,0.6666666666666666,21.666666666666668,38394.666666666664,0.0,0.0,0.3333333333333333,0.0,1.0,0.0,0.6666666666666666,0.6666666666666666,1.0,0.0,0.0,0,0,0,1,2,0
E1,workflow/funds/F1,same,components_SP,3,3,3,1.0,1.0,21.0,18675.666666666668,0.0,0.0,0.0,0.0,1.0,0.0,1.0,0.0,1.0,0.0,0.0,0,0,0,0,3,0
E1,workflow/funds/F1,transfer,components_SOCDKPU,3,3,3,1.0,0.6666666666666666,21.666666666666668,38710.666666666664,0.0,0.0,0.3333333333333333,0.0,0.3333333333333333,0.0,0.6666666666666666,1.0,1.0,0.0,0.0,0,0,0,1,2,0
E1,workflow/funds/F1,transfer,components_SP,3,3,3,1.0,1.0,22.333333333333332,19854.333333333332,0.0,0.0,0.0,0.0,0.0,0.0,1.0,1.0,1.0,0.0,0.0,0,0,0,0,3,0
E1,workflow/funds/F2,reversal,components_SOCDKPU,3,0,0,,1.0,22.0,41135.666666666664,0.0,0.0,0.0,0.0,0.3333333333333333,0.3333333333333333,1.0,1.0,1.0,0.0,0.0,0,0,0,0,0,3
E1,workflow/funds/F2,reversal,components_SP,3,0,0,,1.0,21.333333333333332,19775.666666666668,0.0,0.0,0.0,0.0,1.0,1.0,1.0,1.0,1.0,0.0,0.0,0,0,0,0,0,3
E1,workflow/funds/F2,same,components_SOCDKPU,3,3,3,1.0,1.0,22.0,41193.333333333336,0.0,0.0,0.0,0.0,0.3333333333333333,0.0,1.0,1.0,1.0,0.0,0.0,0,0,0,0,3,0
E1,workflow/funds/F2,same,components_SP,3,3,3,1.0,1.0,21.333333333333332,19741.666666666668,0.0,0.0,0.0,0.0,1.0,0.0,1.0,0.0,1.0,0.0,0.0,0,0,0,0,3,0
E1,workflow/funds/F2,transfer,components_SOCDKPU,3,3,1,0.3333333333333333,1.0,24.0,44815.0,0.0,0.0,0.0,0.0,0.6666666666666666,0.0,1.0,1.0,1.0,0.6666666666666666,0.0,0,0,0,0,1,2
E1,workflow/funds/F2,transfer,components_SP,3,3,3,1.0,1.0,22.0,20118.0,0.0,0.0,0.0,0.0,1.0,0.0,1.0,0.0,1.0,0.0,0.0,0,0,0,0,3,0
E1,workflow/funds/F3,reversal,components_SOCDKPU,3,0,0,,1.0,22.0,38880.0,0.0,0.0,0.0,0.0,0.0,0.0,1.0,1.0,1.0,0.0,0.0,0,0,0,0,0,3
E1,workflow/funds/F3,reversal,components_SP,3,0,0,,1.3333333333333333,22.333333333333332,20142.666666666668,0.0,0.0,0.0,0.0,1.0,0.6666666666666666,1.0,0.6666666666666666,1.0,0.0,0.0,0,0,0,0,0,3
E1,workflow/funds/F3,same,components_SOCDKPU,3,3,3,1.0,1.0,22.0,38829.333333333336,0.0,0.0,0.0,0.0,0.0,0.0,1.0,1.0,1.0,0.0,0.0,0,0,0,0,3,0
E1,workflow/funds/F3,same,components_SP,3,3,3,1.0,1.0,22.0,19776.666666666668,0.0,0.0,0.0,0.0,1.0,0.0,1.0,0.3333333333333333,1.0,0.0,0.0,0,0,0,0,3,0
E1,workflow/funds/F3,transfer,components_SOCDKPU,3,3,3,1.0,1.0,22.0,38794.0,0.0,0.0,0.0,0.0,0.0,0.0,1.0,1.0,1.0,0.0,0.0,0,0,0,0,3,0
E1,workflow/funds/F3,transfer,components_SP,3,3,3,1.0,1.0,22.0,19667.666666666668,0.0,0.0,0.0,0.0,1.0,0.0,1.0,0.0,1.0,0.0,0.0,0,0,0,0,3,0
E1,workflow/funds/F4,reversal,components_SOCDKPU,3,0,0,,1.3333333333333333,21.0,37629.333333333336,0.0,0.0,0.0,0.0,1.0,0.0,1.0,0.3333333333333333,1.0,0.0,0.0,0,0,0,0,0,3
E1,workflow/funds/F4,reversal,components_SP,3,0,0,,0.3333333333333333,24.0,21703.0,0.0,0.0,0.6666666666666666,0.0,1.0,0.0,0.3333333333333333,1.0,1.0,0.0,0.0,0,0,0,2,0,1
E1,workflow/funds/F4,same,components_SOCDKPU,3,3,3,1.0,3.0,21.666666666666668,38938.333333333336,0.0,0.0,0.0,0.0,1.0,0.0,1.0,0.3333333333333333,1.0,0.0,0.0,0,0,0,0,3,0
E1,workflow/funds/F4,same,components_SP,3,3,1,0.3333333333333333,0.3333333333333333,24.0,21693.333333333332,0.0,0.0,0.6666666666666666,0.0,1.0,0.0,0.3333333333333333,1.0,1.0,0.6666666666666666,0.0,0,0,0,2,1,0
E1,workflow/funds/F4,transfer,components_SOCDKPU,3,3,3,1.0,1.0,21.333333333333332,38099.0,0.0,0.0,0.0,0.0,1.0,0.0,1.0,0.6666666666666666,1.0,0.0,0.0,0,0,0,0,3,0
E1,workflow/funds/F4,transfer,components_SP,3,3,3,1.0,1.0,21.666666666666668,19099.333333333332,0.0,0.0,0.0,0.0,1.0,0.0,1.0,1.0,1.0,0.0,0.0,0,0,0,0,3,0
E1,workflow/inspection/F1,reversal,components_SOCDKPU,3,0,0,,0.6666666666666666,22.333333333333332,41915.666666666664,0.0,0.0,0.3333333333333333,0.0,0.6666666666666666,0.0,0.6666666666666666,1.0,1.0,0.0,0.0,0,0,0,1,0,2
E1,workflow/inspection/F1,reversal,components_SP,3,0,0,,1.0,21.666666666666668,19903.0,0.0,0.0,0.0,0.0,0.6666666666666666,1.0,1.0,1.0,1.0,0.0,0.0,0,0,0,0,0,3
E1,workflow/inspection/F1,same,components_SOCDKPU,3,3,2,0.6666666666666666,0.6666666666666666,22.333333333333332,41873.666666666664,0.0,0.0,0.3333333333333333,0.0,0.6666666666666666,0.0,0.6666666666666666,1.0,1.0,0.3333333333333333,0.0,0,0,0,1,2,0
E1,workflow/inspection/F1,same,components_SP,3,3,3,1.0,1.0,22.0,20257.666666666668,0.0,0.0,0.0,0.0,0.6666666666666666,0.0,0.3333333333333333,0.3333333333333333,1.0,0.0,0.0,0,0,0,0,3,0
E1,workflow/inspection/F1,transfer,components_SOCDKPU,3,3,3,1.0,1.0,21.666666666666668,40411.333333333336,0.0,0.0,0.0,0.0,0.0,0.0,1.0,1.0,1.0,0.0,0.0,0,0,0,0,3,0
E1,workflow/inspection/F1,transfer,components_SP,3,3,3,1.0,1.0,22.333333333333332,20550.333333333332,0.0,0.0,0.0,0.0,0.0,0.0,0.0,0.0,1.0,0.0,0.0,0,0,0,0,3,0
E1,workflow/inspection/F2,reversal,components_SOCDKPU,3,0,0,,0.3333333333333333,22.666666666666668,41522.0,0.0,0.0,0.6666666666666666,0.0,0.0,0.0,0.3333333333333333,1.0,1.0,0.0,0.0,0,0,0,2,0,1
E1,workflow/inspection/F2,reversal,components_SP,3,0,0,,0.6666666666666666,21.666666666666668,19705.333333333332,0.0,0.0,0.3333333333333333,0.0,0.0,0.0,0.6666666666666666,0.6666666666666666,1.0,0.0,0.0,0,0,0,1,0,2
E1,workflow/inspection/F2,same,components_SOCDKPU,3,3,3,1.0,1.0,22.0,40031.666666666664,0.0,0.0,0.0,0.0,0.0,0.0,1.0,1.0,1.0,0.0,0.0,0,0,0,0,3,0
E1,workflow/inspection/F2,same,components_SP,3,3,3,1.0,1.0,21.0,18970.333333333332,0.0,0.0,0.0,0.0,0.3333333333333333,0.0,1.0,0.0,1.0,0.0,0.0,0,0,0,0,3,0
E1,workflow/inspection/F2,transfer,components_SOCDKPU,3,3,3,1.0,1.0,22.333333333333332,40558.0,0.0,0.0,0.0,0.0,0.0,0.0,1.0,1.0,1.0,0.0,0.0,0,0,0,0,3,0
E1,workflow/inspection/F2,transfer,components_SP,3,3,3,1.0,1.0,22.0,19775.666666666668,0.0,0.0,0.0,0.0,1.0,0.0,1.0,0.0,1.0,0.0,0.0,0,0,0,0,3,0
E1,workflow/inspection/F3,reversal,components_SOCDKPU,3,0,0,,1.0,24.0,37243.666666666664,0.0,0.0,0.0,0.0,0.6666666666666666,0.3333333333333333,1.0,1.0,1.0,0.0,0.0,0,0,0,0,0,3
E1,workflow/inspection/F3,reversal,components_SP,3,0,0,,1.0,23.0,17746.0,0.0,0.0,0.0,0.0,1.0,1.0,1.0,1.0,1.0,0.0,0.0,0,0,0,0,0,3
E1,workflow/inspection/F3,same,components_SOCDKPU,3,3,3,1.0,1.3333333333333333,24.0,37355.666666666664,0.0,0.0,0.3333333333333333,0.0,0.0,0.0,0.6666666666666666,1.0,1.0,0.0,0.0,0,0,0,1,2,0
E1,workflow/inspection/F3,same,components_SP,3,3,3,1.0,1.0,22.0,16691.666666666668,0.0,0.0,0.0,0.0,1.0,0.0,1.0,0.6666666666666666,1.0,0.0,0.0,0,0,0,0,3,0
E1,workflow/inspection/F3,transfer,components_SOCDKPU,3,3,3,1.0,0.3333333333333333,23.333333333333332,36086.666666666664,0.0,0.0,0.6666666666666666,0.0,0.3333333333333333,0.0,0.3333333333333333,1.0,1.0,0.0,0.0,0,0,0,2,1,0
E1,workflow/inspection/F3,transfer,components_SP,3,3,3,1.0,1.0,23.333333333333332,17897.0,0.0,0.0,0.0,0.0,1.0,0.0,1.0,0.3333333333333333,1.0,0.0,0.0,0,0,0,0,3,0
E1,workflow/inspection/F4,reversal,components_SOCDKPU,3,0,0,,0.3333333333333333,23.333333333333332,39560.333333333336,0.0,0.0,0.6666666666666666,0.0,1.0,0.0,0.3333333333333333,1.0,1.0,0.0,0.0,0,0,0,2,0,1
E1,workflow/inspection/F4,reversal,components_SP,3,0,0,,1.0,22.666666666666668,18105.333333333332,0.0,0.0,0.0,0.0,1.0,1.0,1.0,1.0,1.0,0.0,0.0,0,0,0,0,0,3
E1,workflow/inspection/F4,same,components_SOCDKPU,3,3,2,0.6666666666666666,0.6666666666666666,23.333333333333332,39167.666666666664,0.0,0.0,0.3333333333333333,0.0,1.0,0.0,0.6666666666666666,1.0,1.0,0.3333333333333333,0.0,0,0,0,1,2,0
E1,workflow/inspection/F4,same,components_SP,3,3,3,1.0,1.0,22.333333333333332,17719.333333333332,0.0,0.0,0.0,0.0,1.0,0.0,1.0,1.0,1.0,0.0,0.0,0,0,0,0,3,0
E1,workflow/inspection/F4,transfer,components_SOCDKPU,3,3,3,1.0,1.0,22.0,37244.333333333336,0.0,0.0,0.0,0.0,1.0,0.0,1.0,1.0,1.0,0.0,0.0,0,0,0,0,3,0
E1,workflow/inspection/F4,transfer,components_SP,3,3,3,1.0,2.0,23.666666666666668,18883.333333333332,0.0,0.0,0.0,0.0,1.0,0.0,1.0,0.0,1.0,0.0,0.0,0,0,0,0,3,0
E1,workflow/inventory/F1,reversal,components_SOCDKPU,3,0,0,,0.0,24.0,42972.666666666664,0.0,0.0,1.0,0.0,0.0,0.3333333333333333,0.0,1.0,1.0,0.0,0.0,0,0,0,3,0,0
E1,workflow/inventory/F1,reversal,components_SP,3,0,0,,0.3333333333333333,23.666666666666668,19439.0,0.0,0.0,0.6666666666666666,0.0,0.0,0.0,0.3333333333333333,1.0,1.0,0.0,0.0,0,0,0,2,0,1
E1,workflow/inventory/F1,same,components_SOCDKPU,3,3,0,0.0,0.0,24.0,43105.333333333336,0.0,0.0,1.0,0.0,0.0,0.0,0.0,1.0,1.0,1.0,0.0,0,0,0,3,0,0
E1,workflow/inventory/F1,same,components_SP,3,3,0,0.0,0.0,23.666666666666668,19690.0,0.0,0.0,1.0,0.0,0.3333333333333333,0.0,0.0,1.0,1.0,1.0,0.0,0,0,0,3,0,0
E1,workflow/inventory/F1,transfer,components_SOCDKPU,3,3,2,0.6666666666666666,0.6666666666666666,24.0,43138.666666666664,0.0,0.0,0.3333333333333333,0.0,0.0,0.0,0.6666666666666666,1.0,1.0,0.3333333333333333,0.0,0,0,0,1,2,0
E1,workflow/inventory/F1,transfer,components_SP,3,3,3,1.0,1.0,22.666666666666668,18431.666666666668,0.0,0.0,0.0,0.0,0.6666666666666666,0.0,0.6666666666666666,1.0,1.0,0.0,0.0,0,0,0,0,3,0
E1,workflow/inventory/F2,reversal,components_SOCDKPU,3,0,0,,0.6666666666666666,23.333333333333332,39706.0,0.0,0.0,0.3333333333333333,0.0,1.0,1.0,0.6666666666666666,1.0,1.0,0.0,0.0,0,0,0,1,0,2
E1,workflow/inventory/F2,reversal,components_SP,3,0,0,,1.0,21.333333333333332,18805.666666666668,0.0,0.0,0.0,0.0,0.0,0.0,1.0,0.3333333333333333,1.0,0.0,0.0,0,0,0,0,0,3
E1,workflow/inventory/F2,same,components_SOCDKPU,3,3,2,0.6666666666666666,0.6666666666666666,22.666666666666668,38552.666666666664,0.0,0.0,0.3333333333333333,0.0,1.0,0.0,0.6666666666666666,1.0,1.0,0.3333333333333333,0.0,0,0,0,1,2,0
E1,workflow/inventory/F2,same,components_SP,3,3,3,1.0,1.0,22.0,19402.0,0.0,0.0,0.0,0.0,1.0,0.0,1.0,0.6666666666666666,1.0,0.0,0.0,0,0,0,0,3,0
E1,workflow/inventory/F2,transfer,components_SOCDKPU,3,3,0,0.0,0.0,24.0,40683.333333333336,0.0,0.0,1.0,0.0,1.0,0.0,0.0,1.0,1.0,1.0,0.0,0,0,0,3,0,0
E1,workflow/inventory/F2,transfer,components_SP,3,3,3,1.0,1.0,22.333333333333332,19625.666666666668,0.0,0.0,0.0,0.0,1.0,0.0,1.0,0.3333333333333333,1.0,0.0,0.0,0,0,0,0,3,0
E1,workflow/inventory/F3,reversal,components_SOCDKPU,3,0,0,,0.6666666666666666,21.0,35445.666666666664,0.0,0.0,0.3333333333333333,0.0,0.0,1.0,0.6666666666666666,1.0,1.0,0.0,0.0,0,0,0,1,0,2
E1,workflow/inventory/F3,reversal,components_SP,3,0,0,,0.0,23.0,20577.0,0.0,0.0,1.0,0.0,0.0,0.3333333333333333,0.0,1.0,1.0,0.0,0.0,0,0,0,3,0,0
E1,workflow/inventory/F3,same,components_SOCDKPU,3,3,3,1.0,2.6666666666666665,20.666666666666668,34865.0,0.0,0.0,0.0,0.0,0.0,0.0,1.0,1.0,1.0,0.0,0.0,0,0,0,0,3,0
E1,workflow/inventory/F3,same,components_SP,3,3,0,0.0,0.0,23.666666666666668,21309.333333333332,0.0,0.0,1.0,0.0,0.6666666666666666,0.0,0.0,1.0,1.0,1.0,0.0,0,0,0,3,0,0
E1,workflow/inventory/F3,transfer,components_SOCDKPU,3,3,3,1.0,0.6666666666666666,24.0,40952.0,0.0,0.0,0.3333333333333333,0.0,0.3333333333333333,0.0,0.6666666666666666,1.0,1.0,0.0,0.0,0,0,0,1,2,0
E1,workflow/inventory/F3,transfer,components_SP,3,3,3,1.0,1.0,22.333333333333332,19187.666666666668,0.0,0.0,0.0,0.0,1.0,0.0,1.0,0.0,1.0,0.0,0.0,0,0,0,0,3,0
E1,workflow/inventory/F4,reversal,components_SOCDKPU,3,0,0,,0.6666666666666666,23.666666666666668,38649.666666666664,0.0,0.0,0.3333333333333333,0.0,1.0,1.0,0.6666666666666666,1.0,1.0,0.0,0.0,0,0,0,1,0,2
E1,workflow/inventory/F4,reversal,components_SP,3,0,0,,0.6666666666666666,23.0,19968.0,0.0,0.0,0.3333333333333333,0.0,1.0,1.0,0.6666666666666666,1.0,1.0,0.0,0.0,0,0,0,1,0,2
E1,workflow/inventory/F4,same,components_SOCDKPU,3,3,2,0.6666666666666666,0.6666666666666666,24.0,39174.666666666664,0.0,0.0,0.3333333333333333,0.0,1.0,0.0,0.6666666666666666,1.0,1.0,0.3333333333333333,0.0,0,0,0,1,2,0
E1,workflow/inventory/F4,same,components_SP,3,3,3,1.0,1.0,22.0,18958.333333333332,0.0,0.0,0.0,0.0,1.0,0.0,1.0,0.6666666666666666,1.0,0.0,0.0,0,0,0,0,3,0
E1,workflow/inventory/F4,transfer,components_SOCDKPU,3,3,3,1.0,1.0,22.0,35698.333333333336,0.0,0.0,0.0,0.0,1.0,0.0,1.0,1.0,1.0,0.0,0.0,0,0,0,0,3,0
E1,workflow/inventory/F4,transfer,components_SP,3,3,3,1.0,1.0,22.0,18877.333333333332,0.0,0.0,0.0,0.0,1.0,0.0,1.0,0.0,1.0,0.0,0.0,0,0,0,0,3,0
E1,workflow/packing/F1,reversal,components_SOCDKPU,3,0,0,,0.0,22.0,35753.0,0.0,0.0,1.0,0.0,0.0,1.0,0.0,1.0,1.0,0.0,0.0,0,0,0,3,0,0
E1,workflow/packing/F1,reversal,components_SP,3,0,0,,1.0,23.0,18738.666666666668,0.0,0.0,0.0,0.0,0.6666666666666666,1.0,1.0,1.0,1.0,0.0,0.0,0,0,0,0,0,3
E1,workflow/packing/F1,same,components_SOCDKPU,3,3,3,1.0,0.6666666666666666,22.0,36167.666666666664,0.0,0.0,0.3333333333333333,0.0,0.0,0.0,0.6666666666666666,1.0,1.0,0.0,0.0,0,0,0,1,2,0
E1,workflow/packing/F1,same,components_SP,3,3,3,1.0,1.0,23.666666666666668,19392.0,0.0,0.0,0.0,0.0,0.6666666666666666,0.0,0.6666666666666666,0.6666666666666666,1.0,0.0,0.0,0,0,0,0,3,0
E1,workflow/packing/F1,transfer,components_SOCDKPU,3,3,3,1.0,0.6666666666666666,24.0,39811.666666666664,0.0,0.0,0.3333333333333333,0.0,0.0,0.0,0.6666666666666666,1.0,1.0,0.0,0.0,0,0,0,1,2,0
E1,workflow/packing/F1,transfer,components_SP,3,3,3,1.0,1.0,23.333333333333332,18999.666666666668,0.0,0.0,0.0,0.0,0.0,0.0,0.0,0.0,1.0,0.0,0.0,0,0,0,0,3,0
E1,workflow/packing/F3,reversal,components_SOCDKPU,3,0,0,,0.3333333333333333,20.333333333333332,34462.0,0.0,0.0,0.6666666666666666,0.0,0.0,0.6666666666666666,0.3333333333333333,1.0,1.0,0.0,0.0,0,0,0,2,0,1
E1,workflow/packing/F3,reversal,components_SP,3,0,0,,1.0,22.666666666666668,20249.333333333332,0.0,0.0,0.0,0.0,1.0,1.0,1.0,1.0,1.0,0.0,0.0,0,0,0,0,0,3
E1,workflow/packing/F3,same,components_SOCDKPU,3,3,0,0.0,0.0,21.333333333333332,36246.666666666664,0.0,0.0,1.0,0.0,0.0,0.0,0.0,1.0,1.0,1.0,0.0,0,0,0,3,0,0
E1,workflow/packing/F3,same,components_SP,3,3,3,1.0,1.0,22.0,19540.0,0.0,0.0,0.0,0.0,1.0,0.0,1.0,1.0,1.0,0.0,0.0,0,0,0,0,3,0
E1,workflow/packing/F3,transfer,components_SOCDKPU,3,3,1,0.3333333333333333,0.3333333333333333,24.0,41633.333333333336,0.0,0.0,0.6666666666666666,0.0,0.0,0.0,0.3333333333333333,1.0,1.0,0.6666666666666666,0.0,0,0,0,2,1,0
E1,workflow/packing/F3,transfer,components_SP,3,3,3,1.0,1.0,22.333333333333332,19679.0,0.0,0.0,0.0,0.0,1.0,0.0,1.0,0.0,1.0,0.0,0.0,0,0,0,0,3,0
E1,workflow/packing/F4,reversal,components_SOCDKPU,3,0,0,,1.0,22.0,45593.333333333336,0.0,0.0,0.0,0.0,1.0,1.0,1.0,1.0,1.0,0.0,0.0,0,0,0,0,0,3
E1,workflow/packing/F4,reversal,components_SP,3,0,0,,1.0,22.0,17399.0,0.0,0.0,0.0,0.0,1.0,1.0,1.0,1.0,1.0,0.0,0.0,0,0,0,0,0,3
E1,workflow/packing/F4,same,components_SOCDKPU,3,3,3,1.0,1.0,23.333333333333332,48513.333333333336,0.0,0.0,0.0,0.0,1.0,0.0,1.0,1.0,1.0,0.0,0.0,0,0,0,0,3,0
E1,workflow/packing/F4,same,components_SP,3,3,3,1.0,1.0,22.0,17229.666666666668,0.0,0.0,0.0,0.0,1.0,0.0,1.0,1.0,1.0,0.0,0.0,0,0,0,0,3,0
E1,workflow/packing/F4,transfer,components_SOCDKPU,3,3,3,1.0,1.0,22.333333333333332,46157.666666666664,0.0,0.0,0.0,0.0,1.0,0.0,1.0,1.0,1.0,0.0,0.0,0,0,0,0,3,0
E1,workflow/packing/F4,transfer,components_SP,3,3,3,1.0,1.0,23.333333333333332,18685.666666666668,0.0,0.0,0.0,0.0,1.0,0.0,1.0,1.0,1.0,0.0,0.0,0,0,0,0,3,0
E1,workflow/portfolio/F1,reversal,components_SOCDKPU,3,0,0,,0.0,24.0,40414.666666666664,0.0,0.0,1.0,0.0,0.0,0.6666666666666666,0.0,1.0,1.0,0.0,0.0,0,0,0,3,0,0
E1,workflow/portfolio/F1,reversal,components_SP,3,0,0,,0.0,24.0,20778.666666666668,0.0,0.0,1.0,0.0,0.0,1.0,0.0,1.0,1.0,0.0,0.0,0,0,0,3,0,0
E1,workflow/portfolio/F1,same,components_SOCDKPU,3,3,1,0.3333333333333333,0.3333333333333333,23.333333333333332,39126.333333333336,0.0,0.0,0.6666666666666666,0.0,0.3333333333333333,0.0,0.3333333333333333,1.0,1.0,0.6666666666666666,0.0,0,0,0,2,1,0
E1,workflow/portfolio/F1,same,components_SP,3,3,3,1.0,0.3333333333333333,23.0,19786.333333333332,0.0,0.0,0.6666666666666666,0.0,0.0,0.0,0.3333333333333333,1.0,1.0,0.0,0.0,0,0,0,2,1,0
E1,workflow/portfolio/F1,transfer,components_SOCDKPU,3,3,3,1.0,1.0,23.333333333333332,38747.666666666664,0.0,0.0,0.0,0.0,0.0,0.0,0.6666666666666666,1.0,1.0,0.0,0.0,0,0,0,0,3,0
E1,workflow/portfolio/F1,transfer,components_SP,3,3,3,1.0,1.0,22.333333333333332,19368.666666666668,0.0,0.0,0.0,0.0,0.0,0.0,0.0,0.0,1.0,0.0,0.0,0,0,0,0,3,0
E1,workflow/portfolio/F2,reversal,components_SOCDKPU,3,0,0,,1.0,24.0,41401.333333333336,0.0,0.0,0.0,0.0,1.0,1.0,1.0,1.0,1.0,0.0,0.0,0,0,0,0,0,3
E1,workflow/portfolio/F2,reversal,components_SP,3,0,0,,0.3333333333333333,24.0,21389.666666666668,0.0,0.0,0.6666666666666666,0.0,1.0,1.0,0.3333333333333333,1.0,1.0,0.0,0.0,0,0,0,2,0,1
E1,workflow/portfolio/F2,same,components_SOCDKPU,3,3,2,0.6666666666666666,0.6666666666666666,23.333333333333332,40224.666666666664,0.0,0.0,0.3333333333333333,0.0,1.0,0.0,0.6666666666666666,1.0,1.0,0.3333333333333333,0.0,0,0,0,1,1,1
E1,workflow/portfolio/F2,same,components_SP,3,3,1,0.3333333333333333,0.3333333333333333,23.333333333333332,20904.0,0.0,0.0,0.6666666666666666,0.0,0.6666666666666666,0.0,0.3333333333333333,1.0,1.0,0.6666666666666666,0.0,0,0,0,2,1,0
E1,workflow/portfolio/F2,transfer,components_SOCDKPU,3,3,1,0.3333333333333333,1.0,23.333333333333332,40123.333333333336,0.0,0.0,0.0,0.0,1.0,0.0,1.0,1.0,1.0,0.6666666666666666,0.0,0,0,0,0,1,2
E1,workflow/portfolio/F2,transfer,components_SP,3,3,3,1.0,1.0,21.333333333333332,18537.333333333332,0.0,0.0,0.0,0.0,0.6666666666666666,0.0,1.0,1.0,1.0,0.0,0.0,0,0,0,0,3,0
E1,workflow/portfolio/F3,reversal,components_SOCDKPU,3,0,0,,1.0,22.0,39934.666666666664,0.0,0.0,0.0,0.0,0.0,0.0,1.0,1.0,1.0,0.0,0.0,0,0,0,0,0,3
E1,workflow/portfolio/F3,reversal,components_SP,3,0,0,,1.0,20.666666666666668,18488.333333333332,0.0,0.0,0.0,0.0,1.0,0.3333333333333333,1.0,1.0,1.0,0.0,0.0,0,0,0,0,0,3
E1,workflow/portfolio/F3,same,components_SOCDKPU,3,3,3,1.0,1.0,22.0,39967.666666666664,0.0,0.0,0.0,0.0,0.0,0.0,1.0,1.0,1.0,0.0,0.0,0,0,0,0,3,0
E1,workflow/portfolio/F3,same,components_SP,3,3,3,1.0,1.0,22.0,19886.0,0.0,0.0,0.0,0.0,1.0,0.0,1.0,1.0,1.0,0.0,0.0,0,0,0,0,3,0
E1,workflow/portfolio/F3,transfer,components_SOCDKPU,3,3,3,1.0,1.0,21.666666666666668,39100.333333333336,0.0,0.0,0.0,0.0,0.0,0.0,1.0,1.0,1.0,0.0,0.0,0,0,0,0,3,0
E1,workflow/portfolio/F3,transfer,components_SP,3,3,3,1.0,1.0,22.333333333333332,20043.666666666668,0.0,0.0,0.0,0.0,1.0,0.0,1.0,1.0,1.0,0.0,0.0,0,0,0,0,3,0
E1,workflow/portfolio/F4,reversal,components_SOCDKPU,3,0,0,,0.6666666666666666,24.0,40966.666666666664,0.0,0.0,0.3333333333333333,0.0,1.0,0.0,0.6666666666666666,1.0,1.0,0.0,0.0,0,0,0,1,0,2
E1,workflow/portfolio/F4,reversal,components_SP,3,0,0,,0.6666666666666666,23.333333333333332,20853.333333333332,0.0,0.0,0.3333333333333333,0.0,1.0,1.0,0.6666666666666666,1.0,1.0,0.0,0.0,0,0,0,1,0,2
E1,workflow/portfolio/F4,same,components_SOCDKPU,3,3,0,0.0,0.0,24.0,40923.666666666664,0.0,0.0,1.0,0.0,1.0,0.0,0.0,1.0,1.0,1.0,0.0,0,0,0,3,0,0
E1,workflow/portfolio/F4,same,components_SP,3,3,1,0.3333333333333333,0.3333333333333333,23.666666666666668,21167.666666666668,0.0,0.0,0.6666666666666666,0.0,1.0,0.0,0.3333333333333333,1.0,1.0,0.6666666666666666,0.0,0,0,0,2,1,0
E1,workflow/portfolio/F4,transfer,components_SOCDKPU,3,3,3,1.0,1.0,23.333333333333332,39511.666666666664,0.0,0.0,0.0,0.0,1.0,0.0,1.0,1.0,1.0,0.0,0.0,0,0,0,0,3,0
E1,workflow/portfolio/F4,transfer,components_SP,3,3,3,1.0,1.0,21.666666666666668,19060.666666666668,0.0,0.0,0.0,0.0,1.0,0.0,1.0,0.0,1.0,0.0,0.0,0,0,0,0,3,0
E1,workflow/quality/F1,reversal,components_SOCDKPU,3,0,0,,2.0,22.666666666666668,40694.0,0.0,0.0,0.6666666666666666,0.0,0.3333333333333333,0.3333333333333333,0.3333333333333333,1.0,1.0,0.0,0.0,0,0,0,2,0,1
E1,workflow/quality/F1,reversal,components_SP,3,0,0,,1.0,22.0,19857.333333333332,0.0,0.0,0.0,0.0,1.0,1.0,1.0,1.0,1.0,0.0,0.0,0,0,0,0,0,3
E1,workflow/quality/F1,same,components_SOCDKPU,3,3,3,1.0,1.0,20.666666666666668,36883.666666666664,0.0,0.0,0.0,0.0,0.3333333333333333,0.0,1.0,1.0,1.0,0.0,0.0,0,0,0,0,3,0
E1,workflow/quality/F1,same,components_SP,3,3,3,1.0,1.0,22.666666666666668,20737.0,0.0,0.0,0.0,0.0,1.0,0.0,1.0,1.0,1.0,0.0,0.0,0,0,0,0,3,0
E1,workflow/quality/F1,transfer,components_SOCDKPU,3,3,3,1.0,1.0,23.333333333333332,41887.666666666664,0.0,0.0,0.0,0.0,0.0,0.0,0.6666666666666666,1.0,1.0,0.0,0.0,0,0,0,0,3,0
E1,workflow/quality/F1,transfer,components_SP,3,3,3,1.0,1.0,23.0,20816.333333333332,0.0,0.0,0.0,0.0,1.0,0.0,1.0,0.6666666666666666,1.0,0.0,0.0,0,0,0,0,3,0
E1,workflow/quality/F2,reversal,components_SOCDKPU,3,0,0,,0.6666666666666666,23.0,42262.0,0.0,0.0,0.3333333333333333,0.0,0.6666666666666666,0.6666666666666666,0.6666666666666666,1.0,1.0,0.0,0.0,0,0,0,1,0,2
E1,workflow/quality/F2,reversal,components_SP,3,0,0,,1.0,22.0,20098.0,0.0,0.0,0.0,0.0,1.0,1.0,1.0,1.0,1.0,0.0,0.0,0,0,0,0,0,3
E1,workflow/quality/F2,same,components_SOCDKPU,3,3,3,1.0,1.0,22.0,40174.333333333336,0.0,0.0,0.0,0.0,1.0,0.0,1.0,1.0,1.0,0.0,0.0,0,0,0,0,3,0
E1,workflow/quality/F2,same,components_SP,3,3,2,0.6666666666666666,1.0,22.0,20140.0,0.0,0.0,0.0,0.0,1.0,0.0,1.0,1.0,1.0,0.3333333333333333,0.0,0,0,0,0,2,1
E1,workflow/quality/F2,transfer,components_SOCDKPU,3,3,1,0.3333333333333333,1.0,23.0,42043.333333333336,0.0,0.0,0.0,0.0,1.0,0.0,1.0,1.0,1.0,0.6666666666666666,0.0,0,0,0,0,1,2
E1,workflow/quality/F2,transfer,components_SP,3,3,3,1.0,1.0,22.333333333333332,20174.333333333332,0.0,0.0,0.0,0.0,1.0,0.0,1.0,0.0,1.0,0.0,0.0,0,0,0,0,3,0
E1,workflow/quality/F3,reversal,components_SOCDKPU,3,0,0,,0.0,23.666666666666668,43015.333333333336,0.0,0.0,1.0,0.0,0.0,1.0,0.0,1.0,1.0,0.0,0.0,0,0,0,3,0,0
E1,workflow/quality/F3,reversal,components_SP,3,0,0,,1.6666666666666667,23.0,21212.666666666668,0.0,0.0,0.0,0.0,1.0,1.0,1.0,1.0,1.0,0.0,0.0,0,0,0,0,0,3
E1,workflow/quality/F3,same,components_SOCDKPU,3,3,1,0.3333333333333333,0.3333333333333333,22.333333333333332,40436.333333333336,0.0,0.0,0.6666666666666666,0.0,0.0,0.0,0.3333333333333333,1.0,1.0,0.6666666666666666,0.0,0,0,0,2,1,0
E1,workflow/quality/F3,same,components_SP,3,3,3,1.0,1.0,22.0,19974.0,0.0,0.0,0.0,0.0,1.0,0.0,1.0,1.0,1.0,0.0,0.0,0,0,0,0,3,0
E1,workflow/quality/F3,transfer,components_SOCDKPU,3,3,1,0.3333333333333333,0.3333333333333333,23.333333333333332,42591.666666666664,0.0,0.0,0.6666666666666666,0.0,0.0,0.0,0.3333333333333333,1.0,1.0,0.6666666666666666,0.0,0,0,0,2,1,0
E1,workflow/quality/F3,transfer,components_SP,3,3,3,1.0,1.0,22.333333333333332,20036.333333333332,0.0,0.0,0.0,0.0,1.0,0.0,1.0,1.0,1.0,0.0,0.0,0,0,0,0,3,0
E1,workflow/quality/F4,reversal,components_SOCDKPU,3,0,0,,2.0,22.333333333333332,36865.666666666664,0.0,0.0,0.3333333333333333,0.0,1.0,1.0,0.6666666666666666,1.0,1.0,0.0,0.0,0,0,0,1,0,2
E1,workflow/quality/F4,reversal,components_SP,3,0,0,,0.6666666666666666,23.666666666666668,18773.0,0.0,0.0,0.3333333333333333,0.0,1.0,0.6666666666666666,0.6666666666666666,1.0,1.0,0.0,0.0,0,0,0,1,0,2
E1,workflow/quality/F4,same,components_SOCDKPU,3,3,0,0.0,0.0,22.666666666666668,37463.666666666664,0.0,0.0,1.0,0.0,1.0,0.0,0.0,1.0,1.0,1.0,0.0,0,0,0,3,0,0
E1,workflow/quality/F4,same,components_SP,3,3,3,1.0,1.0,22.666666666666668,17622.0,0.0,0.0,0.0,0.0,1.0,0.0,1.0,1.0,1.0,0.0,0.0,0,0,0,0,3,0
E1,workflow/quality/F4,transfer,components_SOCDKPU,3,3,1,0.3333333333333333,1.0,22.666666666666668,37418.0,0.0,0.0,0.6666666666666666,0.0,1.0,0.0,0.3333333333333333,1.0,1.0,0.6666666666666666,0.0,0,0,0,2,1,0
E1,workflow/quality/F4,transfer,components_SP,3,3,3,1.0,1.0,23.0,18088.0,0.0,0.0,0.0,0.0,1.0,0.0,1.0,0.0,1.0,0.0,0.0,0,0,0,0,3,0
E1,workflow/risk/F1,reversal,components_SOCDKPU,3,0,0,,0.6666666666666666,24.0,40156.666666666664,0.0,0.0,0.3333333333333333,0.0,0.6666666666666666,1.0,0.6666666666666666,1.0,1.0,0.0,0.0,0,0,0,1,0,2
E1,workflow/risk/F1,reversal,components_SP,3,0,0,,1.0,23.0,18541.666666666668,0.0,0.0,0.0,0.0,0.3333333333333333,0.6666666666666666,1.0,1.0,1.0,0.0,0.0,0,0,0,0,0,3
E1,workflow/risk/F1,same,components_SOCDKPU,3,3,2,0.6666666666666666,0.3333333333333333,23.333333333333332,38808.333333333336,0.0,0.0,0.6666666666666666,0.0,0.3333333333333333,0.0,0.3333333333333333,1.0,1.0,0.3333333333333333,0.0,0,0,0,2,1,0
E1,workflow/risk/F1,same,components_SP,3,3,3,1.0,1.0,22.333333333333332,18139.0,0.0,0.0,0.0,0.0,0.3333333333333333,0.0,1.0,1.0,1.0,0.0,0.0,0,0,0,0,3,0
E1,workflow/risk/F1,transfer,components_SOCDKPU,3,3,3,1.0,0.3333333333333333,23.666666666666668,39232.0,0.0,0.0,0.6666666666666666,0.0,0.0,0.0,0.0,1.0,1.0,0.0,0.0,0,0,0,2,1,0
E1,workflow/risk/F1,transfer,components_SP,3,3,3,1.0,1.0,23.333333333333332,18525.333333333332,0.0,0.0,0.0,0.0,0.0,0.0,0.0,0.3333333333333333,1.0,0.0,0.0,0,0,0,0,3,0
E1,workflow/risk/F2,reversal,components_SOCDKPU,3,0,0,,1.0,22.0,40706.0,0.0,0.0,0.0,0.0,1.0,1.0,1.0,1.0,1.0,0.0,0.0,0,0,0,0,0,3
E1,workflow/risk/F2,reversal,components_SP,3,0,0,,1.0,21.333333333333332,19710.0,0.0,0.0,0.0,0.0,1.0,1.0,1.0,1.0,1.0,0.0,0.0,0,0,0,0,0,3
E1,workflow/risk/F2,same,components_SOCDKPU,3,3,0,0.0,1.0,21.666666666666668,40151.0,0.0,0.0,0.0,0.0,1.0,0.0,1.0,0.0,1.0,1.0,0.0,0,0,0,0,0,3
E1,workflow/risk/F2,same,components_SP,3,3,3,1.0,1.0,22.333333333333332,20556.666666666668,0.0,0.0,0.0,0.0,1.0,0.0,1.0,0.3333333333333333,1.0,0.0,0.0,0,0,0,0,3,0
E1,workflow/risk/F2,transfer,components_SOCDKPU,3,3,0,0.0,0.0,24.0,44785.0,0.0,0.0,1.0,0.0,1.0,0.0,0.0,1.0,1.0,1.0,0.0,0,0,0,3,0,0
E1,workflow/risk/F2,transfer,components_SP,3,3,3,1.0,0.6666666666666666,23.333333333333332,21491.666666666668,0.0,0.0,0.3333333333333333,0.0,1.0,0.0,0.6666666666666666,0.0,1.0,0.0,0.0,0,0,0,1,2,0
E1,workflow/risk/F3,reversal,components_SOCDKPU,3,0,0,,0.3333333333333333,23.333333333333332,43244.666666666664,0.0,0.0,0.6666666666666666,0.0,0.3333333333333333,1.0,0.3333333333333333,1.0,1.0,0.0,0.0,0,0,0,2,0,1
E1,workflow/risk/F3,reversal,components_SP,3,0,0,,0.6666666666666666,22.666666666666668,21123.666666666668,0.0,0.0,0.3333333333333333,0.0,1.0,1.0,0.6666666666666666,1.0,1.0,0.0,0.0,0,0,0,1,0,2
E1,workflow/risk/F3,same,components_SOCDKPU,3,3,0,0.0,0.0,24.0,44452.333333333336,0.0,0.0,1.0,0.0,0.0,0.0,0.0,1.0,1.0,1.0,0.0,0,0,0,3,0,0
E1,workflow/risk/F3,same,components_SP,3,3,3,1.0,0.6666666666666666,22.333333333333332,20730.666666666668,0.0,0.0,0.3333333333333333,0.0,1.0,0.0,0.6666666666666666,0.6666666666666666,1.0,0.0,0.0,0,0,0,1,2,0
E1,workflow/risk/F3,transfer,components_SOCDKPU,3,3,3,1.0,1.0,23.0,42329.333333333336,0.0,0.0,0.0,0.0,0.0,0.0,1.0,1.0,1.0,0.0,0.0,0,0,0,0,3,0
E1,workflow/risk/F3,transfer,components_SP,3,3,3,1.0,1.0,22.0,20059.666666666668,0.0,0.0,0.0,0.0,1.0,0.0,1.0,0.0,1.0,0.0,0.0,0,0,0,0,3,0
E1,workflow/risk/F4,reversal,components_SOCDKPU,3,0,0,,1.0,24.0,40238.0,0.0,0.0,0.0,0.0,1.0,0.0,1.0,1.0,1.0,0.0,0.0,0,0,0,0,0,3
E1,workflow/risk/F4,reversal,components_SP,3,0,0,,1.0,21.333333333333332,16293.0,0.0,0.0,0.0,0.0,1.0,0.6666666666666666,1.0,1.0,1.0,0.0,0.0,0,0,0,0,0,3
E1,workflow/risk/F4,same,components_SOCDKPU,3,3,3,1.0,1.0,22.666666666666668,37520.333333333336,0.0,0.0,0.0,0.0,1.0,0.0,1.0,1.0,1.0,0.0,0.0,0,0,0,0,3,0
E1,workflow/risk/F4,same,components_SP,3,3,3,1.0,1.0,21.666666666666668,16565.666666666668,0.0,0.0,0.0,0.0,1.0,0.0,1.0,1.0,1.0,0.0,0.0,0,0,0,0,3,0
E1,workflow/risk/F4,transfer,components_SOCDKPU,3,3,3,1.0,1.0,24.0,39768.333333333336,0.0,0.0,0.0,0.0,1.0,0.0,1.0,1.0,1.0,0.0,0.0,0,0,0,0,3,0
E1,workflow/risk/F4,transfer,components_SP,3,3,3,1.0,1.0,22.0,16917.333333333332,0.0,0.0,0.0,0.0,1.0,0.0,1.0,0.0,1.0,0.0,0.0,0,0,0,0,3,0
E1,workflow/routing/F1,reversal,components_SOCDKPU,3,0,0,,1.3333333333333333,23.666666666666668,40962.333333333336,0.0,0.0,0.0,0.0,0.3333333333333333,1.0,1.0,1.0,1.0,0.0,0.0,0,0,0,0,0,3
E1,workflow/routing/F1,reversal,components_SP,3,0,0,,0.0,24.0,21328.333333333332,0.0,0.0,1.0,0.0,0.3333333333333333,0.6666666666666666,0.0,1.0,1.0,0.0,0.0,0,0,0,3,0,0
E1,workflow/routing/F1,same,components_SOCDKPU,3,3,3,1.0,1.0,21.666666666666668,37108.666666666664,0.0,0.0,0.0,0.0,0.0,0.0,1.0,1.0,1.0,0.0,0.0,0,0,0,0,3,0
E1,workflow/routing/F1,same,components_SP,3,3,0,0.0,0.0,24.0,21258.666666666668,0.0,0.0,1.0,0.0,0.0,0.0,0.0,1.0,1.0,1.0,0.0,0,0,0,3,0,0
E1,workflow/routing/F1,transfer,components_SOCDKPU,3,3,3,1.0,1.0,21.333333333333332,36515.666666666664,0.0,0.0,0.0,0.0,0.0,0.0,1.0,1.0,1.0,0.0,0.0,0,0,0,0,3,0
E1,workflow/routing/F1,transfer,components_SP,3,3,3,1.0,1.0,21.0,18356.333333333332,0.0,0.0,0.0,0.0,0.0,0.0,1.0,1.0,1.0,0.0,0.0,0,0,0,0,3,0
E1,workflow/routing/F2,reversal,components_SOCDKPU,3,0,0,,0.3333333333333333,23.0,39504.333333333336,0.0,0.0,0.6666666666666666,0.0,1.0,1.0,0.3333333333333333,1.0,1.0,0.0,0.0,0,0,0,2,0,1
E1,workflow/routing/F2,reversal,components_SP,3,0,0,,1.0,22.333333333333332,20258.666666666668,0.0,0.0,0.0,0.0,1.0,1.0,1.0,1.0,1.0,0.0,0.0,0,0,0,0,0,3
E1,workflow/routing/F2,same,components_SOCDKPU,3,3,3,1.0,1.0,22.0,37822.666666666664,0.0,0.0,0.0,0.0,0.3333333333333333,0.0,1.0,0.6666666666666666,1.0,0.0,0.0,0,0,0,0,3,0
E1,workflow/routing/F2,same,components_SP,3,3,3,1.0,1.0,22.333333333333332,20293.0,0.0,0.0,0.0,0.0,1.0,0.0,1.0,1.0,1.0,0.0,0.0,0,0,0,0,3,0
E1,workflow/routing/F2,transfer,components_SOCDKPU,3,3,3,1.0,1.0,19.333333333333332,32848.333333333336,0.0,0.0,0.0,0.0,0.0,0.0,1.0,1.0,1.0,0.0,0.0,0,0,0,0,3,0
E1,workflow/routing/F2,transfer,components_SP,3,3,3,1.0,1.0,21.0,18252.333333333332,0.0,0.0,0.0,0.0,1.0,0.0,1.0,0.0,1.0,0.0,0.0,0,0,0,0,3,0
E1,workflow/routing/F3,reversal,components_SOCDKPU,3,0,0,,3.0,21.333333333333332,35767.333333333336,0.0,0.0,0.0,0.0,0.0,0.6666666666666666,1.0,1.0,1.0,0.0,0.0,0,0,0,0,0,3
E1,workflow/routing/F3,reversal,components_SP,3,0,0,,1.3333333333333333,22.333333333333332,19985.666666666668,0.0,0.0,0.0,0.0,1.0,0.6666666666666666,1.0,1.0,1.0,0.0,0.0,0,0,0,0,0,3
E1,workflow/routing/F3,same,components_SOCDKPU,3,3,3,1.0,2.6666666666666665,21.0,35001.333333333336,0.0,0.0,0.0,0.0,0.0,0.0,1.0,0.6666666666666666,1.0,0.0,0.0,0,0,0,0,3,0
E1,workflow/routing/F3,same,components_SP,3,3,3,1.0,1.0,22.666666666666668,20303.666666666668,0.0,0.0,0.0,0.0,1.0,0.0,1.0,1.0,1.0,0.0,0.0,0,0,0,0,3,0
E1,workflow/routing/F3,transfer,components_SOCDKPU,3,3,3,1.0,1.0,20.0,33606.0,0.0,0.0,0.0,0.0,0.0,0.0,1.0,0.3333333333333333,1.0,0.0,0.0,0,0,0,0,3,0
E1,workflow/routing/F3,transfer,components_SP,3,3,3,1.0,1.0,22.0,19357.333333333332,0.0,0.0,0.0,0.0,1.0,0.0,1.0,0.0,1.0,0.0,0.0,0,0,0,0,3,0
E1,workflow/sampling/F1,reversal,components_SOCDKPU,3,0,0,,0.3333333333333333,23.666666666666668,40975.333333333336,0.0,0.0,0.6666666666666666,0.0,0.0,1.0,0.3333333333333333,1.0,1.0,0.0,0.0,0,0,0,2,0,1
E1,workflow/sampling/F1,reversal,components_SP,3,0,0,,1.0,22.666666666666668,18013.333333333332,0.0,0.0,0.0,0.0,0.6666666666666666,0.3333333333333333,1.0,1.0,1.0,0.0,0.0,0,0,0,0,0,3
E1,workflow/sampling/F1,same,components_SOCDKPU,3,3,3,1.0,0.6666666666666666,23.0,39734.666666666664,0.0,0.0,0.3333333333333333,0.0,0.0,0.0,0.6666666666666666,1.0,1.0,0.0,0.0,0,0,0,1,2,0
E1,workflow/sampling/F1,same,components_SP,3,3,3,1.0,1.0,22.666666666666668,18070.0,0.0,0.0,0.0,0.0,0.6666666666666666,0.0,1.0,1.0,1.0,0.0,0.0,0,0,0,0,3,0
E1,workflow/sampling/F1,transfer,components_SOCDKPU,3,3,3,1.0,0.6666666666666666,22.333333333333332,38549.333333333336,0.0,0.0,0.3333333333333333,0.0,0.3333333333333333,0.0,0.6666666666666666,1.0,1.0,0.0,0.0,0,0,0,1,2,0
E1,workflow/sampling/F1,transfer,components_SP,3,3,3,1.0,1.0,21.333333333333332,16880.333333333332,0.0,0.0,0.0,0.0,0.0,0.0,1.0,1.0,1.0,0.0,0.0,0,0,0,0,3,0
E1,workflow/sampling/F2,reversal,components_SOCDKPU,3,0,0,,1.0,21.333333333333332,40287.0,0.0,0.0,0.0,0.0,1.0,1.0,1.0,1.0,1.0,0.0,0.0,0,0,0,0,0,3
E1,workflow/sampling/F2,reversal,components_SP,3,0,0,,1.6666666666666667,22.333333333333332,20615.333333333332,0.0,0.0,0.3333333333333333,0.0,1.0,1.0,0.6666666666666666,1.0,1.0,0.0,0.0,0,0,0,1,0,2
E1,workflow/sampling/F2,same,components_SOCDKPU,3,3,0,0.0,1.0,22.0,41164.0,0.0,0.0,0.0,0.0,1.0,0.0,1.0,1.0,1.0,1.0,0.0,0,0,0,0,0,3
E1,workflow/sampling/F2,same,components_SP,3,3,0,0.0,0.3333333333333333,23.333333333333332,21588.0,0.0,0.0,0.6666666666666666,0.0,1.0,0.0,0.3333333333333333,0.6666666666666666,1.0,1.0,0.0,0,0,0,2,0,1
E1,workflow/sampling/F2,transfer,components_SOCDKPU,3,3,0,0.0,1.0,21.0,38804.666666666664,0.0,0.0,0.0,0.0,1.0,0.0,1.0,1.0,1.0,1.0,0.0,0,0,0,0,0,3
E1,workflow/sampling/F2,transfer,components_SP,3,3,3,1.0,1.0,22.666666666666668,20778.333333333332,0.0,0.0,0.0,0.0,1.0,0.0,1.0,0.0,1.0,0.0,0.0,0,0,0,0,3,0
E1,workflow/sampling/F3,reversal,components_SOCDKPU,3,0,0,,2.0,22.333333333333332,40941.333333333336,0.0,0.0,0.0,0.0,0.0,1.0,1.0,1.0,1.0,0.0,0.0,0,0,0,0,0,3
E1,workflow/sampling/F3,reversal,components_SP,3,0,0,,0.6666666666666666,22.333333333333332,20023.666666666668,0.0,0.0,0.3333333333333333,0.0,1.0,1.0,0.6666666666666666,1.0,1.0,0.0,0.0,0,0,0,1,0,2
E1,workflow/sampling/F3,same,components_SOCDKPU,3,3,3,1.0,2.0,21.0,38139.0,0.0,0.0,0.0,0.0,0.0,0.0,1.0,0.6666666666666666,1.0,0.0,0.0,0,0,0,0,3,0
E1,workflow/sampling/F3,same,components_SP,3,3,2,0.6666666666666666,0.6666666666666666,21.333333333333332,18843.333333333332,0.0,0.0,0.3333333333333333,0.0,1.0,0.0,0.6666666666666666,1.0,1.0,0.3333333333333333,0.0,0,0,0,1,2,0
E1,workflow/sampling/F3,transfer,components_SOCDKPU,3,3,3,1.0,1.0,24.0,43188.0,0.0,0.0,0.0,0.0,0.3333333333333333,0.0,1.0,1.0,1.0,0.0,0.0,0,0,0,0,3,0
E1,workflow/sampling/F3,transfer,components_SP,3,3,3,1.0,1.0,22.0,19635.666666666668,0.0,0.0,0.0,0.0,1.0,0.0,1.0,0.0,1.0,0.0,0.0,0,0,0,0,3,0
E1,workflow/signals/F1,reversal,components_SOCDKPU,3,0,0,,1.0,20.0,33456.666666666664,0.0,0.0,0.0,0.0,0.0,1.0,1.0,1.0,1.0,0.0,0.0,0,0,0,0,0,3
E1,workflow/signals/F1,reversal,components_SP,3,0,0,,1.0,21.666666666666668,18783.0,0.0,0.0,0.0,0.0,0.0,0.6666666666666666,1.0,1.0,1.0,0.0,0.0,0,0,0,0,0,3
E1,workflow/signals/F1,same,components_SOCDKPU,3,3,3,1.0,1.0,20.0,33432.0,0.0,0.0,0.0,0.0,0.0,0.0,1.0,0.0,1.0,0.0,0.0,0,0,0,0,3,0
E1,workflow/signals/F1,same,components_SP,3,3,3,1.0,1.0,22.333333333333332,19452.0,0.0,0.0,0.0,0.0,0.0,0.0,1.0,1.0,1.0,0.0,0.0,0,0,0,0,3,0
E1,workflow/signals/F1,transfer,components_SOCDKPU,3,3,3,1.0,1.0,18.333333333333332,30615.0,0.0,0.0,0.0,0.0,0.0,0.0,1.0,0.0,1.0,0.0,0.0,0,0,0,0,3,0
E1,workflow/signals/F1,transfer,components_SP,3,3,3,1.0,1.0,22.333333333333332,19465.333333333332,0.0,0.0,0.0,0.0,0.0,0.0,0.0,0.0,1.0,0.0,0.0,0,0,0,0,3,0
E1,workflow/signals/F2,reversal,components_SOCDKPU,3,0,0,,1.0,20.0,37241.333333333336,0.0,0.0,0.0,0.0,1.0,1.0,1.0,1.0,1.0,0.0,0.0,0,0,0,0,0,3
E1,workflow/signals/F2,reversal,components_SP,3,0,0,,1.0,23.0,21490.0,0.0,0.0,0.0,0.0,1.0,1.0,1.0,1.0,1.0,0.0,0.0,0,0,0,0,0,3
E1,workflow/signals/F2,same,components_SOCDKPU,3,3,0,0.0,1.0,20.0,37260.666666666664,0.0,0.0,0.0,0.0,1.0,0.0,1.0,0.6666666666666666,1.0,1.0,0.0,0,0,0,0,0,3
E1,workflow/signals/F2,same,components_SP,3,3,3,1.0,1.0,22.333333333333332,20802.666666666668,0.0,0.0,0.0,0.0,1.0,0.0,1.0,0.3333333333333333,1.0,0.0,0.0,0,0,0,0,3,0
E1,workflow/signals/F2,transfer,components_SOCDKPU,3,3,0,0.0,1.0,21.333333333333332,39754.666666666664,0.0,0.0,0.0,0.0,1.0,0.0,1.0,1.0,1.0,1.0,0.0,0,0,0,0,0,3
E1,workflow/signals/F2,transfer,components_SP,3,3,3,1.0,1.0,22.666666666666668,20856.666666666668,0.0,0.0,0.0,0.0,1.0,0.0,1.0,0.0,1.0,0.0,0.0,0,0,0,0,3,0
E1,workflow/signals/F3,reversal,components_SOCDKPU,3,0,0,,1.0,21.0,37321.333333333336,0.0,0.0,0.0,0.0,0.0,1.0,1.0,1.0,1.0,0.0,0.0,0,0,0,0,0,3
E1,workflow/signals/F3,reversal,components_SP,3,0,0,,1.0,23.0,20479.666666666668,0.0,0.0,0.0,0.0,1.0,1.0,1.0,1.0,1.0,0.0,0.0,0,0,0,0,0,3
E1,workflow/signals/F3,same,components_SOCDKPU,3,3,3,1.0,1.0,21.0,37418.0,0.0,0.0,0.0,0.0,0.0,0.0,1.0,1.0,1.0,0.0,0.0,0,0,0,0,3,0
E1,workflow/signals/F3,same,components_SP,3,3,3,1.0,1.0,21.666666666666668,19153.0,0.0,0.0,0.0,0.0,1.0,0.0,1.0,1.0,1.0,0.0,0.0,0,0,0,0,3,0
E1,workflow/signals/F3,transfer,components_SOCDKPU,3,3,3,1.0,3.0,23.666666666666668,42425.333333333336,0.0,0.0,0.0,0.0,0.0,0.0,1.0,1.0,1.0,0.0,0.0,0,0,0,0,3,0
E1,workflow/signals/F3,transfer,components_SP,3,3,3,1.0,1.0,21.333333333333332,18487.666666666668,0.0,0.0,0.0,0.0,1.0,0.0,1.0,1.0,1.0,0.0,0.0,0,0,0,0,3,0
E1,workflow/signals/F4,reversal,components_SOCDKPU,3,0,0,,0.3333333333333333,24.0,48460.333333333336,0.0,0.0,0.6666666666666666,0.0,1.0,1.0,0.3333333333333333,1.0,1.0,0.0,0.0,0,0,0,2,0,1
E1,workflow/signals/F4,reversal,components_SP,3,0,0,,1.0,22.333333333333332,18396.333333333332,0.0,0.0,0.0,0.0,1.0,1.0,1.0,1.0,1.0,0.0,0.0,0,0,0,0,0,3
E1,workflow/signals/F4,same,components_SOCDKPU,3,3,2,0.6666666666666666,0.6666666666666666,22.666666666666668,45730.0,0.0,0.0,0.3333333333333333,0.0,1.0,0.0,0.6666666666666666,1.0,1.0,0.3333333333333333,0.0,0,0,0,1,2,0
E1,workflow/signals/F4,same,components_SP,3,3,3,1.0,1.0,22.333333333333332,18370.333333333332,0.0,0.0,0.0,0.0,1.0,0.0,1.0,0.0,1.0,0.0,0.0,0,0,0,0,3,0
E1,workflow/signals/F4,transfer,components_SOCDKPU,3,3,3,1.0,1.0,22.0,44239.333333333336,0.0,0.0,0.0,0.0,1.0,0.0,1.0,1.0,1.0,0.0,0.0,0,0,0,0,3,0
E1,workflow/signals/F4,transfer,components_SP,3,3,3,1.0,1.0,23.0,18989.0,0.0,0.0,0.0,0.0,1.0,0.0,1.0,0.0,1.0,0.0,0.0,0,0,0,0,3,0
E1,workflow/temperature/F1,reversal,components_SOCDKPU,3,0,0,,1.0,22.0,38189.333333333336,0.0,0.0,0.0,0.0,0.0,0.0,1.0,1.0,1.0,0.0,0.0,0,0,0,0,0,3
E1,workflow/temperature/F1,reversal,components_SP,3,0,0,,1.0,21.0,18457.0,0.0,0.0,0.0,0.0,0.0,1.0,1.0,1.0,1.0,0.0,0.0,0,0,0,0,0,3
E1,workflow/temperature/F1,same,components_SOCDKPU,3,3,3,1.0,1.0,22.666666666666668,39206.666666666664,0.0,0.0,0.0,0.0,0.0,0.0,1.0,1.0,1.0,0.0,0.0,0,0,0,0,3,0
E1,workflow/temperature/F1,same,components_SP,3,3,3,1.0,1.0,20.0,17387.0,0.0,0.0,0.0,0.0,0.0,0.0,1.0,1.0,1.0,0.0,0.0,0,0,0,0,3,0
E1,workflow/temperature/F1,transfer,components_SOCDKPU,3,3,2,0.6666666666666666,0.6666666666666666,24.0,42240.666666666664,0.0,0.0,0.3333333333333333,0.0,0.0,0.0,0.6666666666666666,1.0,1.0,0.3333333333333333,0.0,0,0,0,1,2,0
E1,workflow/temperature/F1,transfer,components_SP,3,3,3,1.0,1.0,21.0,18472.0,0.0,0.0,0.0,0.0,0.0,0.0,0.0,0.0,1.0,0.0,0.0,0,0,0,0,3,0
E1,workflow/temperature/F2,reversal,components_SOCDKPU,3,0,0,,1.3333333333333333,23.0,37906.333333333336,0.0,0.0,0.3333333333333333,0.0,1.0,1.0,0.6666666666666666,1.0,1.0,0.0,0.0,0,0,0,1,0,2
E1,workflow/temperature/F2,reversal,components_SP,3,0,0,,0.0,23.666666666666668,20594.0,0.0,0.0,1.0,0.0,1.0,1.0,0.0,1.0,1.0,0.0,0.0,0,0,0,3,0,0
E1,workflow/temperature/F2,same,components_SOCDKPU,3,3,0,0.0,0.3333333333333333,23.666666666666668,39069.333333333336,0.0,0.0,0.6666666666666666,0.0,1.0,0.0,0.3333333333333333,1.0,1.0,1.0,0.0,0,0,0,2,0,1
E1,workflow/temperature/F2,same,components_SP,3,3,0,0.0,0.0,23.666666666666668,20677.666666666668,0.0,0.0,1.0,0.0,1.0,0.0,0.0,1.0,1.0,1.0,0.0,0,0,0,3,0,0
E1,workflow/temperature/F2,transfer,components_SOCDKPU,3,3,2,0.6666666666666666,2.6666666666666665,23.0,37925.666666666664,0.0,0.0,0.3333333333333333,0.0,1.0,0.0,0.6666666666666666,1.0,1.0,0.3333333333333333,0.0,0,0,0,1,2,0
E1,workflow/temperature/F2,transfer,components_SP,3,3,3,1.0,1.0,21.333333333333332,18177.666666666668,0.0,0.0,0.0,0.0,1.0,0.0,1.0,1.0,1.0,0.0,0.0,0,0,0,0,3,0
E1,workflow/temperature/F3,reversal,components_SOCDKPU,3,0,0,,1.0,22.666666666666668,38304.666666666664,0.0,0.0,0.0,0.0,0.3333333333333333,0.6666666666666666,1.0,1.0,1.0,0.0,0.0,0,0,0,0,0,3
E1,workflow/temperature/F3,reversal,components_SP,3,0,0,,1.0,23.333333333333332,20736.333333333332,0.0,0.0,0.0,0.0,1.0,1.0,1.0,1.0,1.0,0.0,0.0,0,0,0,0,0,3
E1,workflow/temperature/F3,same,components_SOCDKPU,3,3,3,1.0,1.0,23.333333333333332,39363.333333333336,0.0,0.0,0.0,0.0,0.3333333333333333,0.0,1.0,1.0,1.0,0.0,0.0,0,0,0,0,3,0
E1,workflow/temperature/F3,same,components_SP,3,3,2,0.6666666666666666,0.6666666666666666,22.333333333333332,19653.333333333332,0.0,0.0,0.3333333333333333,0.0,1.0,0.0,0.6666666666666666,1.0,1.0,0.3333333333333333,0.0,0,0,0,1,2,0
E1,workflow/temperature/F3,transfer,components_SOCDKPU,3,3,3,1.0,0.3333333333333333,24.0,41094.333333333336,0.0,0.0,0.6666666666666666,0.0,0.0,0.0,0.3333333333333333,1.0,1.0,0.0,0.0,0,0,0,2,1,0
E1,workflow/temperature/F3,transfer,components_SP,3,3,3,1.0,1.0,22.333333333333332,19649.0,0.0,0.0,0.0,0.0,1.0,0.0,1.0,1.0,1.0,0.0,0.0,0,0,0,0,3,0
E1,workflow/temperature/F4,reversal,components_SOCDKPU,3,0,0,,0.6666666666666666,24.0,42100.333333333336,0.0,0.0,0.3333333333333333,0.0,1.0,0.6666666666666666,0.6666666666666666,1.0,1.0,0.0,0.0,0,0,0,1,0,2
E1,workflow/temperature/F4,reversal,components_SP,3,0,0,,1.0,21.333333333333332,18934.666666666668,0.0,0.0,0.0,0.0,1.0,1.0,1.0,1.0,1.0,0.0,0.0,0,0,0,0,0,3
E1,workflow/temperature/F4,same,components_SOCDKPU,3,3,3,1.0,1.0,22.666666666666668,39644.666666666664,0.0,0.0,0.0,0.0,1.0,0.0,1.0,1.0,1.0,0.0,0.0,0,0,0,0,3,0
E1,workflow/temperature/F4,same,components_SP,3,3,3,1.0,1.0,21.333333333333332,18912.333333333332,0.0,0.0,0.0,0.0,1.0,0.0,1.0,1.0,1.0,0.0,0.0,0,0,0,0,3,0
E1,workflow/temperature/F4,transfer,components_SOCDKPU,3,3,3,1.0,1.0,23.333333333333332,40870.666666666664,0.0,0.0,0.0,0.0,1.0,0.0,1.0,1.0,1.0,0.0,0.0,0,0,0,0,3,0
E1,workflow/temperature/F4,transfer,components_SP,3,3,3,1.0,1.0,22.0,19596.0,0.0,0.0,0.0,0.0,1.0,0.0,1.0,0.0,1.0,0.0,0.0,0,0,0,0,3,0
E1,workflow/water/F1,reversal,components_SOCDKPU,3,0,0,,1.0,22.0,39802.666666666664,0.0,0.0,0.0,0.0,1.0,1.0,1.0,1.0,1.0,0.0,0.0,0,0,0,0,0,3
E1,workflow/water/F1,reversal,components_SP,3,0,0,,1.0,21.0,18987.666666666668,0.0,0.0,0.0,0.0,1.0,1.0,1.0,1.0,1.0,0.0,0.0,0,0,0,0,0,3
E1,workflow/water/F1,same,components_SOCDKPU,3,3,3,1.0,1.0,21.333333333333332,38469.333333333336,0.0,0.0,0.0,0.0,1.0,0.0,1.0,1.0,1.0,0.0,0.0,0,0,0,0,3,0
E1,workflow/water/F1,same,components_SP,3,3,3,1.0,1.0,21.0,18932.666666666668,0.0,0.0,0.0,0.0,1.0,0.0,1.0,0.0,1.0,0.0,0.0,0,0,0,0,3,0
E1,workflow/water/F1,transfer,components_SOCDKPU,3,3,3,1.0,1.0,20.0,36449.333333333336,0.0,0.0,0.0,0.0,1.0,0.0,1.0,0.0,1.0,0.0,0.0,0,0,0,0,3,0
E1,workflow/water/F1,transfer,components_SP,3,3,3,1.0,1.0,22.666666666666668,20576.0,0.0,0.0,0.0,0.0,0.0,0.0,0.0,0.0,1.0,0.0,0.0,0,0,0,0,3,0
E1,workflow/water/F2,reversal,components_SOCDKPU,3,0,0,,1.0,22.666666666666668,39433.666666666664,0.0,0.0,0.0,0.0,0.0,0.0,1.0,0.6666666666666666,1.0,0.0,0.0,0,0,0,0,0,3
E1,workflow/water/F2,reversal,components_SP,3,0,0,,1.0,21.0,18741.333333333332,0.0,0.0,0.0,0.0,0.6666666666666666,0.6666666666666666,1.0,0.6666666666666666,1.0,0.0,0.0,0,0,0,0,0,3
E1,workflow/water/F2,same,components_SOCDKPU,3,3,3,1.0,1.0,22.666666666666668,39414.0,0.0,0.0,0.0,0.0,1.0,0.0,1.0,0.6666666666666666,1.0,0.0,0.0,0,0,0,0,3,0
E1,workflow/water/F2,same,components_SP,3,3,3,1.0,1.0,21.0,18658.333333333332,0.0,0.0,0.0,0.0,0.6666666666666666,0.0,1.0,0.3333333333333333,1.0,0.0,0.0,0,0,0,0,3,0
E1,workflow/water/F2,transfer,components_SOCDKPU,3,3,3,1.0,1.6666666666666667,21.666666666666668,37367.333333333336,0.0,0.0,0.0,0.0,1.0,0.0,1.0,0.6666666666666666,1.0,0.0,0.0,0,0,0,0,3,0
E1,workflow/water/F2,transfer,components_SP,3,3,3,1.0,1.6666666666666667,23.333333333333332,20790.666666666668,0.0,0.0,0.0,0.0,1.0,0.0,1.0,0.0,1.0,0.0,0.0,0,0,0,0,3,0
E1,workflow/water/F3,reversal,components_SOCDKPU,3,0,0,,0.3333333333333333,23.333333333333332,39263.0,0.0,0.0,0.6666666666666666,0.0,0.0,1.0,0.3333333333333333,1.0,1.0,0.0,0.0,0,0,0,2,0,1
E1,workflow/water/F3,reversal,components_SP,3,0,0,,1.0,23.0,18447.333333333332,0.0,0.0,0.0,0.0,1.0,0.6666666666666666,1.0,1.0,1.0,0.0,0.0,0,0,0,0,0,3
E1,workflow/water/F3,same,components_SOCDKPU,3,3,3,1.0,0.3333333333333333,22.333333333333332,37433.0,0.0,0.0,0.6666666666666666,0.0,0.0,0.0,0.3333333333333333,1.0,1.0,0.0,0.0,0,0,0,2,1,0
E1,workflow/water/F3,same,components_SP,3,3,3,1.0,1.0,23.0,18361.333333333332,0.0,0.0,0.0,0.0,1.0,0.0,1.0,0.3333333333333333,1.0,0.0,0.0,0,0,0,0,3,0
E1,workflow/water/F3,transfer,components_SOCDKPU,3,3,3,1.0,1.0,22.0,36867.666666666664,0.0,0.0,0.0,0.0,0.0,0.0,1.0,1.0,1.0,0.0,0.0,0,0,0,0,3,0
E1,workflow/water/F3,transfer,components_SP,3,3,3,1.0,1.0,23.0,18329.333333333332,0.0,0.0,0.0,0.0,1.0,0.0,1.0,0.0,1.0,0.0,0.0,0,0,0,0,3,0
E1,workflow/water/F4,reversal,components_SOCDKPU,3,0,0,,1.0,22.0,40541.666666666664,0.0,0.0,0.0,0.0,1.0,0.0,1.0,1.0,1.0,0.0,0.0,0,0,0,0,0,3
E1,workflow/water/F4,reversal,components_SP,3,0,0,,1.0,22.666666666666668,18359.0,0.0,0.0,0.0,0.0,1.0,0.3333333333333333,1.0,1.0,1.0,0.0,0.0,0,0,0,0,0,3
E1,workflow/water/F4,same,components_SOCDKPU,3,3,3,1.0,1.0,22.0,40503.0,0.0,0.0,0.0,0.0,1.0,0.0,1.0,1.0,1.0,0.0,0.0,0,0,0,0,3,0
E1,workflow/water/F4,same,components_SP,3,3,3,1.0,1.0,22.0,17652.333333333332,0.0,0.0,0.0,0.0,1.0,0.0,1.0,0.3333333333333333,1.0,0.0,0.0,0,0,0,0,3,0
E1,workflow/water/F4,transfer,components_SOCDKPU,3,3,1,0.3333333333333333,0.3333333333333333,22.0,40862.333333333336,0.0,0.0,0.6666666666666666,0.0,1.0,0.0,0.3333333333333333,1.0,1.0,0.6666666666666666,0.0,0,0,0,2,1,0
E1,workflow/water/F4,transfer,components_SP,3,3,3,1.0,1.0,24.0,19358.666666666668,0.0,0.0,0.0,0.0,1.0,0.0,1.0,0.0,1.0,0.0,0.0,0,0,0,0,3,0
E3,workflow/funds/F1,reversal,cycle,3,0,0,,1.0,21.666666666666668,22656.0,0.0,0.0,0.0,0.0,1.0,1.0,1.0,1.0,1.0,0.0,0.0,0,0,0,0,0,3
E3,workflow/funds/F1,reversal,matched,3,0,0,,1.0,21.0,21383.333333333332,0.0,0.0,0.0,0.0,0.0,1.0,1.0,1.0,1.0,0.0,0.0,0,0,0,0,0,3
E3,workflow/funds/F1,reversal,random,3,0,0,,1.0,21.333333333333332,21875.666666666668,0.0,0.0,0.0,0.0,0.3333333333333333,1.0,1.0,1.0,1.0,0.0,0.0,0,0,0,0,0,3
E3,workflow/funds/F1,same,cycle,3,3,3,1.0,1.0,21.333333333333332,22246.666666666668,0.0,0.0,0.0,0.0,1.0,0.0,1.0,0.0,1.0,0.0,0.0,0,0,0,0,3,0
E3,workflow/funds/F1,same,matched,3,3,3,1.0,1.0,20.666666666666668,20892.666666666668,0.0,0.0,0.0,0.0,0.0,0.0,1.0,1.0,1.0,0.0,0.0,0,0,0,0,3,0
E3,workflow/funds/F1,same,random,3,3,3,1.0,1.0,21.0,21487.0,0.0,0.0,0.0,0.0,0.3333333333333333,0.0,1.0,0.6666666666666666,1.0,0.0,0.0,0,0,0,0,3,0
E3,workflow/funds/F1,transfer,cycle,3,3,3,1.0,1.0,22.0,22868.333333333332,0.0,0.0,0.0,0.0,0.0,0.0,0.0,0.0,1.0,0.0,0.0,0,0,0,0,3,0
E3,workflow/funds/F1,transfer,matched,3,3,3,1.0,1.0,22.0,22747.666666666668,0.0,0.0,0.0,0.0,0.0,0.0,0.0,0.0,1.0,0.0,0.0,0,0,0,0,3,0
E3,workflow/funds/F1,transfer,random,3,3,3,1.0,1.0,22.0,22788.0,0.0,0.0,0.0,0.0,0.0,0.0,0.0,0.0,1.0,0.0,0.0,0,0,0,0,3,0
E3,workflow/funds/F2,reversal,cycle,3,0,0,,1.0,22.333333333333332,22294.333333333332,0.0,0.0,0.0,0.0,1.0,1.0,1.0,1.0,1.0,0.0,0.0,0,0,0,0,0,3
E3,workflow/funds/F2,reversal,matched,3,0,0,,1.0,22.333333333333332,22437.666666666668,0.0,0.0,0.0,0.0,1.0,1.0,1.0,1.0,1.0,0.0,0.0,0,0,0,0,0,3
E3,workflow/funds/F2,reversal,random,3,0,0,,1.0,22.333333333333332,22436.0,0.0,0.0,0.0,0.0,1.0,1.0,1.0,1.0,1.0,0.0,0.0,0,0,0,0,0,3
E3,workflow/funds/F2,same,cycle,3,3,3,1.0,1.0,21.666666666666668,21405.333333333332,0.0,0.0,0.0,0.0,1.0,0.0,1.0,0.3333333333333333,1.0,0.0,0.0,0,0,0,0,3,0
E3,workflow/funds/F2,same,matched,3,3,3,1.0,1.0,22.333333333333332,22424.333333333332,0.0,0.0,0.0,0.0,1.0,0.0,1.0,1.0,1.0,0.0,0.0,0,0,0,0,3,0
E3,workflow/funds/F2,same,random,3,3,3,1.0,1.0,22.333333333333332,22405.0,0.0,0.0,0.0,0.0,1.0,0.0,1.0,1.0,1.0,0.0,0.0,0,0,0,0,3,0
E3,workflow/funds/F2,transfer,cycle,3,3,3,1.0,1.6666666666666667,23.0,22783.0,0.0,0.0,0.0,0.0,1.0,0.0,1.0,0.0,1.0,0.0,0.0,0,0,0,0,3,0
E3,workflow/funds/F2,transfer,matched,3,3,3,1.0,2.3333333333333335,23.333333333333332,23157.0,0.0,0.0,0.0,0.0,1.0,0.0,1.0,0.0,1.0,0.0,0.0,0,0,0,0,3,0
E3,workflow/funds/F2,transfer,random,3,3,3,1.0,1.6666666666666667,22.666666666666668,22340.333333333332,0.0,0.0,0.0,0.0,1.0,0.0,1.0,0.0,1.0,0.0,0.0,0,0,0,0,3,0
E3,workflow/funds/F3,reversal,cycle,3,0,0,,1.0,24.0,25633.666666666668,0.0,0.0,0.0,0.0,1.0,1.0,1.0,1.0,1.0,0.0,0.0,0,0,0,0,0,3
E3,workflow/funds/F3,reversal,matched,3,0,0,,0.0,21.666666666666668,22312.0,0.0,0.0,1.0,0.0,1.0,0.6666666666666666,0.0,1.0,1.0,0.0,0.0,0,0,0,3,0,0
E3,workflow/funds/F3,reversal,random,3,0,0,,0.3333333333333333,23.0,24094.666666666668,0.0,0.0,0.6666666666666666,0.0,1.0,0.6666666666666666,0.3333333333333333,1.0,1.0,0.0,0.0,0,0,0,2,0,1
E3,workflow/funds/F3,same,cycle,3,3,3,1.0,1.0,21.666666666666668,22393.666666666668,0.0,0.0,0.0,0.0,1.0,0.0,1.0,1.0,1.0,0.0,0.0,0,0,0,0,3,0
E3,workflow/funds/F3,same,matched,3,3,1,0.3333333333333333,0.3333333333333333,21.666666666666668,22334.333333333332,0.0,0.0,0.6666666666666666,0.0,1.0,0.0,0.3333333333333333,1.0,1.0,0.6666666666666666,0.0,0,0,0,2,1,0
E3,workflow/funds/F3,same,random,3,3,1,0.3333333333333333,0.3333333333333333,21.333333333333332,21892.0,0.0,0.0,0.6666666666666666,0.0,1.0,0.0,0.3333333333333333,1.0,1.0,0.6666666666666666,0.0,0,0,0,2,1,0
E3,workflow/funds/F3,transfer,cycle,3,3,3,1.0,1.0,22.0,22732.333333333332,0.0,0.0,0.0,0.0,1.0,0.0,1.0,0.0,1.0,0.0,0.0,0,0,0,0,3,0
E3,workflow/funds/F3,transfer,matched,3,3,3,1.0,1.0,21.333333333333332,21931.0,0.0,0.0,0.0,0.0,1.0,0.0,1.0,0.0,1.0,0.0,0.0,0,0,0,0,3,0
E3,workflow/funds/F3,transfer,random,3,3,3,1.0,1.0,21.333333333333332,21857.0,0.0,0.0,0.0,0.0,1.0,0.0,1.0,0.0,1.0,0.0,0.0,0,0,0,0,3,0
E3,workflow/funds/F4,reversal,cycle,3,0,0,,0.3333333333333333,22.666666666666668,22248.0,0.0,0.0,0.6666666666666666,0.0,1.0,1.0,0.3333333333333333,1.0,1.0,0.0,0.0,0,0,0,2,0,1
E3,workflow/funds/F4,reversal,matched,3,0,0,,0.0,24.0,23131.333333333332,0.0,0.0,1.0,0.0,1.0,0.0,0.0,1.0,1.0,0.0,0.0,0,0,0,3,0,0
E3,workflow/funds/F4,reversal,random,3,0,0,,0.3333333333333333,23.0,22368.333333333332,0.0,0.0,0.6666666666666666,0.0,1.0,0.3333333333333333,0.0,1.0,1.0,0.0,0.0,0,0,0,2,0,1
E3,workflow/funds/F4,same,cycle,3,3,0,0.0,0.0,24.0,23643.0,0.0,0.0,1.0,0.0,1.0,0.0,0.0,1.0,1.0,1.0,0.0,0,0,0,3,0,0
E3,workflow/funds/F4,same,matched,3,3,0,0.0,0.0,24.0,23130.666666666668,0.0,0.0,1.0,0.0,1.0,0.0,0.0,1.0,1.0,1.0,0.0,0,0,0,3,0,0
E3,workflow/funds/F4,same,random,3,3,1,0.3333333333333333,0.3333333333333333,22.666666666666668,21962.666666666668,0.0,0.0,0.6666666666666666,0.0,1.0,0.0,0.3333333333333333,1.0,1.0,0.6666666666666666,0.0,0,0,0,2,1,0
E3,workflow/funds/F4,transfer,cycle,3,3,3,1.0,1.0,23.0,22236.333333333332,0.0,0.0,0.0,0.0,1.0,0.0,1.0,0.0,1.0,0.0,0.0,0,0,0,0,3,0
E3,workflow/funds/F4,transfer,matched,3,3,3,1.0,1.0,21.666666666666668,21043.333333333332,0.0,0.0,0.0,0.0,1.0,0.0,1.0,1.0,1.0,0.0,0.0,0,0,0,0,3,0
E3,workflow/funds/F4,transfer,random,3,3,2,0.6666666666666666,0.6666666666666666,21.666666666666668,21017.0,0.0,0.0,0.3333333333333333,0.0,1.0,0.0,0.6666666666666666,1.0,1.0,0.3333333333333333,0.0,0,0,0,1,2,0
E3,workflow/inspection/F1,reversal,cycle,3,0,0,,1.0,20.666666666666668,18927.0,0.0,0.0,0.0,0.0,0.0,1.0,1.0,1.0,1.0,0.0,0.0,0,0,0,0,0,3
E3,workflow/inspection/F1,reversal,matched,3,0,0,,0.0,22.666666666666668,21106.666666666668,0.0,0.0,1.0,0.0,0.0,0.0,0.0,1.0,1.0,0.0,0.0,0,0,0,3,0,0
E3,workflow/inspection/F1,reversal,random,3,0,0,,0.6666666666666666,22.666666666666668,21223.333333333332,0.0,0.0,0.3333333333333333,0.0,0.3333333333333333,0.6666666666666666,0.3333333333333333,1.0,1.0,0.0,0.0,0,0,0,1,0,2
E3,workflow/inspection/F1,same,cycle,3,3,3,1.0,1.0,21.333333333333332,19495.666666666668,0.0,0.0,0.0,0.0,0.0,0.0,1.0,1.0,1.0,0.0,0.0,0,0,0,0,3,0
E3,workflow/inspection/F1,same,matched,3,3,1,0.3333333333333333,0.0,22.666666666666668,21075.333333333332,0.0,0.0,1.0,0.0,0.0,0.0,0.0,1.0,1.0,0.6666666666666666,0.0,0,0,0,3,0,0
E3,workflow/inspection/F1,same,random,3,3,3,1.0,0.6666666666666666,23.666666666666668,22444.666666666668,0.0,0.0,0.3333333333333333,0.0,0.6666666666666666,0.0,0.3333333333333333,0.6666666666666666,1.0,0.0,0.0,0,0,0,1,2,0
E3,workflow/inspection/F1,transfer,cycle,3,3,3,1.0,1.0,21.666666666666668,19569.0,0.0,0.0,0.0,0.0,0.0,0.0,0.0,0.0,1.0,0.0,0.0,0,0,0,0,3,0
E3,workflow/inspection/F1,transfer,matched,3,3,3,1.0,1.0,22.333333333333332,20477.0,0.0,0.0,0.0,0.0,0.0,0.0,0.0,0.0,1.0,0.0,0.0,0,0,0,0,3,0
E3,workflow/inspection/F1,transfer,random,3,3,3,1.0,1.0,22.333333333333332,20399.0,0.0,0.0,0.0,0.0,0.0,0.0,0.3333333333333333,0.3333333333333333,1.0,0.0,0.0,0,0,0,0,3,0
E3,workflow/inspection/F2,reversal,cycle,3,0,0,,1.0,20.333333333333332,18636.333333333332,0.0,0.0,0.0,0.0,1.0,1.0,1.0,1.0,1.0,0.0,0.0,0,0,0,0,0,3
E3,workflow/inspection/F2,reversal,matched,3,0,0,,0.0,22.0,20432.666666666668,0.0,0.0,1.0,0.0,1.0,1.0,0.0,1.0,1.0,0.0,0.0,0,0,0,3,0,0
E3,workflow/inspection/F2,reversal,random,3,0,0,,0.6666666666666666,22.0,20521.666666666668,0.0,0.0,0.3333333333333333,0.0,1.0,1.0,0.6666666666666666,1.0,1.0,0.0,0.0,0,0,0,1,0,2
E3,workflow/inspection/F2,same,cycle,3,3,3,1.0,1.0,20.333333333333332,18711.333333333332,0.0,0.0,0.0,0.0,1.0,0.0,1.0,0.6666666666666666,1.0,0.0,0.0,0,0,0,0,3,0
E3,workflow/inspection/F2,same,matched,3,3,0,0.0,0.0,22.0,20462.666666666668,0.0,0.0,1.0,0.0,1.0,0.0,0.0,1.0,1.0,1.0,0.0,0,0,0,3,0,0
E3,workflow/inspection/F2,same,random,3,3,1,0.3333333333333333,0.6666666666666666,22.0,20541.333333333332,0.0,0.0,0.3333333333333333,0.0,1.0,0.0,0.6666666666666666,0.6666666666666666,1.0,0.6666666666666666,0.0,0,0,0,1,1,1
E3,workflow/inspection/F2,transfer,cycle,3,3,3,1.0,1.0,23.333333333333332,22076.0,0.0,0.0,0.0,0.0,1.0,0.0,1.0,0.0,1.0,0.0,0.0,0,0,0,0,3,0
E3,workflow/inspection/F2,transfer,matched,3,3,3,1.0,1.0,23.333333333333332,22161.666666666668,0.0,0.0,0.0,0.0,1.0,0.0,1.0,0.0,1.0,0.0,0.0,0,0,0,0,3,0
E3,workflow/inspection/F2,transfer,random,3,3,3,1.0,1.0,22.666666666666668,21218.333333333332,0.0,0.0,0.0,0.0,1.0,0.0,1.0,0.3333333333333333,1.0,0.0,0.0,0,0,0,0,3,0
E3,workflow/inspection/F3,reversal,cycle,3,0,0,,0.3333333333333333,24.0,22441.333333333332,0.0,0.0,0.6666666666666666,0.0,1.0,0.6666666666666666,0.3333333333333333,1.0,1.0,0.0,0.0,0,0,0,2,0,1
E3,workflow/inspection/F3,reversal,matched,3,0,0,,1.0,21.0,18852.666666666668,0.0,0.0,0.0,0.0,0.0,0.0,1.0,1.0,1.0,0.0,0.0,0,0,0,0,0,3
E3,workflow/inspection/F3,reversal,random,3,0,0,,1.0,21.666666666666668,19092.666666666668,0.0,0.0,0.0,0.0,0.6666666666666666,0.3333333333333333,1.0,0.6666666666666666,1.0,0.0,0.0,0,0,0,0,0,3
E3,workflow/inspection/F3,same,cycle,3,3,3,1.0,1.6666666666666667,23.333333333333332,21575.666666666668,0.0,0.0,0.3333333333333333,0.0,1.0,0.0,0.6666666666666666,0.3333333333333333,1.0,0.0,0.0,0,0,0,1,2,0
E3,workflow/inspection/F3,same,matched,3,3,3,1.0,1.0,21.0,18666.0,0.0,0.0,0.0,0.0,0.0,0.0,1.0,1.0,1.0,0.0,0.0,0,0,0,0,3,0
E3,workflow/inspection/F3,same,random,3,3,3,1.0,1.0,20.666666666666668,18064.666666666668,0.0,0.0,0.0,0.0,0.6666666666666666,0.0,1.0,0.6666666666666666,1.0,0.0,0.0,0,0,0,0,3,0
E3,workflow/inspection/F3,transfer,cycle,3,3,3,1.0,1.0,23.0,20172.333333333332,0.0,0.0,0.0,0.0,1.0,0.0,1.0,0.0,1.0,0.0,0.0,0,0,0,0,3,0
E3,workflow/inspection/F3,transfer,matched,3,3,3,1.0,1.0,22.0,19752.0,0.0,0.0,0.0,0.0,0.0,0.0,1.0,1.0,1.0,0.0,0.0,0,0,0,0,3,0
E3,workflow/inspection/F3,transfer,random,3,3,3,1.0,1.0,22.333333333333332,19656.666666666668,0.0,0.0,0.0,0.0,0.6666666666666666,0.0,1.0,0.6666666666666666,1.0,0.0,0.0,0,0,0,0,3,0
E3,workflow/inspection/F4,reversal,cycle,3,0,0,,0.0,24.0,21029.666666666668,0.0,0.0,1.0,0.0,1.0,0.0,0.0,1.0,1.0,0.0,0.0,0,0,0,3,0,0
E3,workflow/inspection/F4,reversal,matched,3,0,0,,1.0,22.333333333333332,19696.0,0.0,0.0,0.0,0.0,1.0,0.0,1.0,1.0,1.0,0.0,0.0,0,0,0,0,0,3
E3,workflow/inspection/F4,reversal,random,3,0,0,,1.0,22.0,18753.666666666668,0.0,0.0,0.0,0.0,1.0,0.3333333333333333,1.0,0.6666666666666666,1.0,0.0,0.0,0,0,0,0,0,3
E3,workflow/inspection/F4,same,cycle,3,3,0,0.0,0.0,24.0,20897.0,0.0,0.0,1.0,0.0,1.0,0.0,0.0,1.0,1.0,1.0,0.0,0,0,0,3,0,0
E3,workflow/inspection/F4,same,matched,3,3,3,1.0,1.0,22.0,19483.666666666668,0.0,0.0,0.0,0.0,1.0,0.0,1.0,1.0,1.0,0.0,0.0,0,0,0,0,3,0
E3,workflow/inspection/F4,same,random,3,3,3,1.0,1.0,22.0,18675.666666666668,0.0,0.0,0.0,0.0,1.0,0.0,1.0,0.3333333333333333,1.0,0.0,0.0,0,0,0,0,3,0
E3,workflow/inspection/F4,transfer,cycle,3,3,3,1.0,1.0,22.0,18678.333333333332,0.0,0.0,0.0,0.0,1.0,0.0,1.0,0.0,1.0,0.0,0.0,0,0,0,0,3,0
E3,workflow/inspection/F4,transfer,matched,3,3,0,0.0,0.0,24.0,21606.0,0.0,0.0,1.0,0.0,1.0,0.0,0.0,1.0,1.0,1.0,0.0,0,0,0,3,0,0
E3,workflow/inspection/F4,transfer,random,3,3,3,1.0,1.0,22.0,18865.666666666668,0.0,0.0,0.0,0.0,1.0,0.0,1.0,0.3333333333333333,1.0,0.0,0.0,0,0,0,0,3,0
E3,workflow/inventory/F1,reversal,cycle,3,0,0,,0.6666666666666666,23.333333333333332,22584.666666666668,0.0,0.0,0.3333333333333333,0.0,0.0,0.3333333333333333,0.6666666666666666,1.0,1.0,0.0,0.0,0,0,0,1,0,2
E3,workflow/inventory/F1,reversal,matched,3,0,0,,1.0,22.666666666666668,22008.0,0.0,0.0,0.0,0.0,0.0,1.0,0.6666666666666666,1.0,1.0,0.0,0.0,0,0,0,0,0,3
E3,workflow/inventory/F1,reversal,random,3,0,0,,0.6666666666666666,23.333333333333332,22946.666666666668,0.0,0.0,0.3333333333333333,0.0,0.0,1.0,0.6666666666666666,1.0,1.0,0.0,0.0,0,0,0,1,0,2
E3,workflow/inventory/F1,same,cycle,3,3,0,0.0,0.0,24.0,23827.666666666668,0.0,0.0,1.0,0.0,0.0,0.0,0.0,1.0,1.0,1.0,0.0,0,0,0,3,0,0
E3,workflow/inventory/F1,same,matched,3,3,3,1.0,1.0,22.0,21540.333333333332,0.0,0.0,0.0,0.0,0.0,0.0,1.0,0.3333333333333333,1.0,0.0,0.0,0,0,0,0,3,0
E3,workflow/inventory/F1,same,random,3,3,2,0.6666666666666666,0.6666666666666666,23.666666666666668,23011.666666666668,0.0,0.0,0.3333333333333333,0.0,0.0,0.0,0.0,0.3333333333333333,1.0,0.3333333333333333,0.0,0,0,0,1,2,0
E3,workflow/inventory/F1,transfer,cycle,3,3,3,1.0,1.0,24.0,23016.333333333332,0.0,0.0,0.0,0.0,0.0,0.0,1.0,1.0,1.0,0.0,0.0,0,0,0,0,3,0
E3,workflow/inventory/F1,transfer,matched,3,3,3,1.0,1.0,24.0,22803.666666666668,0.0,0.0,0.0,0.0,0.0,0.0,1.0,1.0,1.0,0.0,0.0,0,0,0,0,3,0
E3,workflow/inventory/F1,transfer,random,3,3,2,0.6666666666666666,0.6666666666666666,24.0,23080.333333333332,0.0,0.0,0.3333333333333333,0.0,0.0,0.0,0.0,0.3333333333333333,1.0,0.3333333333333333,0.0,0,0,0,1,2,0
E3,workflow/inventory/F2,reversal,cycle,3,0,0,,1.0,23.333333333333332,22153.666666666668,0.0,0.0,0.0,0.0,1.0,1.0,1.0,1.0,1.0,0.0,0.0,0,0,0,0,0,3
E3,workflow/inventory/F2,reversal,matched,3,0,0,,0.0,24.0,23303.666666666668,0.0,0.0,1.0,0.0,0.0,0.0,0.0,1.0,1.0,0.0,0.0,0,0,0,3,0,0
E3,workflow/inventory/F2,reversal,random,3,0,0,,1.0,22.666666666666668,20936.333333333332,0.0,0.0,0.0,0.0,0.6666666666666666,0.6666666666666666,1.0,1.0,1.0,0.0,0.0,0,0,0,0,0,3
E3,workflow/inventory/F2,same,cycle,3,3,2,0.6666666666666666,1.0,22.666666666666668,21316.0,0.0,0.0,0.0,0.0,1.0,0.0,1.0,0.6666666666666666,1.0,0.3333333333333333,0.0,0,0,0,0,2,1
E3,workflow/inventory/F2,same,matched,3,3,2,0.6666666666666666,0.6666666666666666,24.0,22968.0,0.0,0.0,0.3333333333333333,0.0,0.0,0.0,0.6666666666666666,1.0,1.0,0.3333333333333333,0.0,0,0,0,1,2,0
E3,workflow/inventory/F2,same,random,3,3,2,0.6666666666666666,1.0,22.666666666666668,20847.333333333332,0.0,0.0,0.0,0.0,0.6666666666666666,0.0,1.0,0.6666666666666666,1.0,0.3333333333333333,0.0,0,0,0,0,2,1
E3,workflow/inventory/F2,transfer,cycle,3,3,3,1.0,1.0,21.0,18795.666666666668,0.0,0.0,0.0,0.0,1.0,0.0,1.0,0.0,1.0,0.0,0.0,0,0,0,0,3,0
E3,workflow/inventory/F2,transfer,matched,3,3,1,0.3333333333333333,0.0,24.0,22626.666666666668,0.0,0.0,1.0,0.0,0.0,0.0,0.0,1.0,1.0,0.6666666666666666,0.0,0,0,0,3,0,0
E3,workflow/inventory/F2,transfer,random,3,3,3,1.0,0.6666666666666666,23.666666666666668,21848.666666666668,0.0,0.0,0.3333333333333333,0.0,0.3333333333333333,0.0,0.6666666666666666,1.0,1.0,0.0,0.0,0,0,0,1,2,0
E3,workflow/inventory/F3,reversal,cycle,3,0,0,,0.0,23.333333333333332,26109.333333333332,0.0,0.0,1.0,0.0,0.3333333333333333,1.0,0.0,1.0,1.0,0.0,0.0,0,0,0,3,0,0
E3,workflow/inventory/F3,reversal,matched,3,0,0,,0.6666666666666666,24.0,26968.0,0.0,0.0,0.3333333333333333,0.0,1.0,0.6666666666666666,0.6666666666666666,1.0,1.0,0.0,0.0,0,0,0,1,0,2
E3,workflow/inventory/F3,reversal,random,3,0,0,,0.6666666666666666,22.333333333333332,24673.666666666668,0.0,0.0,0.3333333333333333,0.0,1.0,1.0,0.6666666666666666,1.0,1.0,0.0,0.0,0,0,0,1,0,2
E3,workflow/inventory/F3,same,cycle,3,3,2,0.6666666666666666,0.3333333333333333,24.0,27105.666666666668,0.0,0.0,0.6666666666666666,0.0,0.6666666666666666,0.0,0.3333333333333333,0.6666666666666666,1.0,0.3333333333333333,0.0,0,0,0,2,1,0
E3,workflow/inventory/F3,same,matched,3,3,3,1.0,1.0,24.0,27038.666666666668,0.0,0.0,0.0,0.0,1.0,0.0,1.0,1.0,1.0,0.0,0.0,0,0,0,0,3,0
E3,workflow/inventory/F3,same,random,3,3,2,0.6666666666666666,0.6666666666666666,22.666666666666668,25360.0,0.0,0.0,0.3333333333333333,0.0,1.0,0.0,0.6666666666666666,0.6666666666666666,1.0,0.3333333333333333,0.0,0,0,0,1,2,0
E3,workflow/inventory/F3,transfer,cycle,3,3,3,1.0,1.0,21.0,22658.666666666668,0.0,0.0,0.0,0.0,1.0,0.0,1.0,0.0,1.0,0.0,0.0,0,0,0,0,3,0
E3,workflow/inventory/F3,transfer,matched,3,3,2,0.6666666666666666,0.6666666666666666,24.0,26814.0,0.0,0.0,0.3333333333333333,0.0,0.0,0.0,0.6666666666666666,1.0,1.0,0.3333333333333333,0.0,0,0,0,1,2,0
E3,workflow/inventory/F3,transfer,random,3,3,2,0.6666666666666666,0.6666666666666666,22.666666666666668,25027.666666666668,0.0,0.0,0.3333333333333333,0.0,0.6666666666666666,0.0,0.6666666666666666,1.0,1.0,0.3333333333333333,0.0,0,0,0,1,2,0
E3,workflow/inventory/F4,reversal,cycle,3,0,0,,0.3333333333333333,22.666666666666668,23947.0,0.0,0.0,0.6666666666666666,0.0,1.0,0.3333333333333333,0.3333333333333333,1.0,1.0,0.0,0.0,0,0,0,2,0,1
E3,workflow/inventory/F4,reversal,matched,3,0,0,,0.6666666666666666,24.0,25064.0,0.0,0.0,0.3333333333333333,0.0,1.0,0.0,0.6666666666666666,1.0,1.0,0.0,0.0,0,0,0,1,0,2
E3,workflow/inventory/F4,reversal,random,3,0,0,,0.3333333333333333,23.0,23815.666666666668,0.0,0.0,0.6666666666666666,0.0,1.0,0.3333333333333333,0.3333333333333333,1.0,1.0,0.0,0.0,0,0,0,2,0,1
E3,workflow/inventory/F4,same,cycle,3,3,3,1.0,1.6666666666666667,22.0,23084.666666666668,0.0,0.0,0.0,0.0,1.0,0.0,1.0,0.6666666666666666,1.0,0.0,0.0,0,0,0,0,3,0
E3,workflow/inventory/F4,same,matched,3,3,1,0.3333333333333333,0.3333333333333333,24.0,25099.666666666668,0.0,0.0,0.6666666666666666,0.0,1.0,0.0,0.3333333333333333,1.0,1.0,0.6666666666666666,0.0,0,0,0,2,1,0
E3,workflow/inventory/F4,same,random,3,3,1,0.3333333333333333,0.3333333333333333,23.333333333333332,24120.333333333332,0.0,0.0,0.6666666666666666,0.0,1.0,0.0,0.3333333333333333,1.0,1.0,0.6666666666666666,0.0,0,0,0,2,1,0
E3,workflow/inventory/F4,transfer,cycle,3,3,3,1.0,1.0,22.666666666666668,23499.333333333332,0.0,0.0,0.0,0.0,1.0,0.0,1.0,0.0,1.0,0.0,0.0,0,0,0,0,3,0
E3,workflow/inventory/F4,transfer,matched,3,3,2,0.6666666666666666,0.6666666666666666,23.333333333333332,24435.666666666668,0.0,0.0,0.3333333333333333,0.0,1.0,0.0,0.6666666666666666,1.0,1.0,0.3333333333333333,0.0,0,0,0,1,2,0
E3,workflow/inventory/F4,transfer,random,3,3,2,0.6666666666666666,0.6666666666666666,22.0,22517.666666666668,0.0,0.0,0.3333333333333333,0.0,1.0,0.0,0.6666666666666666,0.6666666666666666,1.0,0.3333333333333333,0.0,0,0,0,1,2,0
E3,workflow/packing/F1,reversal,cycle,3,0,0,,0.0,24.0,22544.0,0.0,0.0,1.0,0.0,1.0,0.0,0.0,1.0,1.0,0.0,0.0,0,0,0,3,0,0
E3,workflow/packing/F1,reversal,matched,3,0,0,,1.0,23.0,21166.0,0.0,0.0,0.0,0.0,0.6666666666666666,1.0,1.0,1.0,1.0,0.0,0.0,0,0,0,0,0,3
E3,workflow/packing/F1,reversal,random,3,0,0,,1.0,22.0,20035.0,0.0,0.0,0.0,0.0,0.3333333333333333,1.0,0.3333333333333333,1.0,1.0,0.0,0.0,0,0,0,0,0,3
E3,workflow/packing/F1,same,cycle,3,3,1,0.3333333333333333,0.3333333333333333,23.333333333333332,21751.0,0.0,0.0,0.6666666666666666,0.0,0.3333333333333333,0.0,0.3333333333333333,1.0,1.0,0.6666666666666666,0.0,0,0,0,2,1,0
E3,workflow/packing/F1,same,matched,3,3,3,1.0,1.0,23.333333333333332,21482.333333333332,0.0,0.0,0.0,0.0,0.3333333333333333,0.0,0.0,1.0,1.0,0.0,0.0,0,0,0,0,3,0
E3,workflow/packing/F1,same,random,3,3,3,1.0,2.0,22.333333333333332,20340.0,0.0,0.0,0.0,0.0,0.3333333333333333,0.0,0.0,0.3333333333333333,1.0,0.0,0.0,0,0,0,0,3,0
E3,workflow/packing/F1,transfer,cycle,3,3,3,1.0,1.0,22.333333333333332,19942.0,0.0,0.0,0.0,0.0,0.0,0.0,0.0,0.0,1.0,0.0,0.0,0,0,0,0,3,0
E3,workflow/packing/F1,transfer,matched,3,3,3,1.0,1.0,23.333333333333332,21473.0,0.0,0.0,0.0,0.0,0.0,0.0,1.0,1.0,1.0,0.0,0.0,0,0,0,0,3,0
E3,workflow/packing/F1,transfer,random,3,3,3,1.0,1.0,22.0,19719.666666666668,0.0,0.0,0.0,0.0,0.0,0.0,0.3333333333333333,0.3333333333333333,1.0,0.0,0.0,0,0,0,0,3,0
E3,workflow/packing/F3,reversal,cycle,3,0,0,,1.0,20.333333333333332,21710.0,0.0,0.0,0.0,0.0,1.0,1.0,1.0,1.0,1.0,0.0,0.0,0,0,0,0,0,3
E3,workflow/packing/F3,reversal,matched,3,0,0,,1.6666666666666667,23.666666666666668,26230.0,0.0,0.0,0.0,0.0,1.0,0.6666666666666666,1.0,1.0,1.0,0.0,0.0,0,0,0,0,0,3
E3,workflow/packing/F3,reversal,random,3,0,0,,0.6666666666666666,21.0,22995.333333333332,0.0,0.0,0.3333333333333333,0.0,1.0,1.0,0.6666666666666666,1.0,1.0,0.0,0.0,0,0,0,1,0,2
E3,workflow/packing/F3,same,cycle,3,3,3,1.0,1.0,19.666666666666668,20830.333333333332,0.0,0.0,0.0,0.0,1.0,0.0,1.0,0.3333333333333333,1.0,0.0,0.0,0,0,0,0,3,0
E3,workflow/packing/F3,same,matched,3,3,3,1.0,1.0,21.666666666666668,23697.333333333332,0.0,0.0,0.0,0.0,1.0,0.0,1.0,0.6666666666666666,1.0,0.0,0.0,0,0,0,0,3,0
E3,workflow/packing/F3,same,random,3,3,3,1.0,0.6666666666666666,22.0,24215.333333333332,0.0,0.0,0.3333333333333333,0.0,1.0,0.0,0.6666666666666666,0.6666666666666666,1.0,0.0,0.0,0,0,0,1,2,0
E3,workflow/packing/F3,transfer,cycle,3,3,3,1.0,1.0,22.333333333333332,23954.666666666668,0.0,0.0,0.0,0.0,1.0,0.0,1.0,0.0,1.0,0.0,0.0,0,0,0,0,3,0
E3,workflow/packing/F3,transfer,matched,3,3,3,1.0,1.0,23.666666666666668,25646.333333333332,0.0,0.0,0.0,0.0,1.0,0.0,1.0,0.0,1.0,0.0,0.0,0,0,0,0,3,0
E3,workflow/packing/F3,transfer,random,3,3,3,1.0,1.0,22.333333333333332,23931.0,0.0,0.0,0.0,0.0,1.0,0.0,1.0,0.0,1.0,0.0,0.0,0,0,0,0,3,0
E3,workflow/packing/F4,reversal,cycle,3,0,0,,1.0,23.333333333333332,22141.0,0.0,0.0,0.3333333333333333,0.0,1.0,0.6666666666666666,0.6666666666666666,0.6666666666666666,1.0,0.0,0.0,0,0,0,1,0,2
E3,workflow/packing/F4,reversal,matched,3,0,0,,1.3333333333333333,22.666666666666668,21119.0,0.0,0.0,0.3333333333333333,0.0,1.0,1.0,0.6666666666666666,1.0,1.0,0.0,0.0,0,0,0,1,0,2
E3,workflow/packing/F4,reversal,random,3,0,0,,0.3333333333333333,22.666666666666668,21169.666666666668,0.0,0.0,0.6666666666666666,0.0,1.0,1.0,0.3333333333333333,1.0,1.0,0.0,0.0,0,0,0,2,0,1
E3,workflow/packing/F4,same,cycle,3,3,3,1.0,1.0,23.666666666666668,22423.0,0.0,0.0,0.0,0.0,1.0,0.0,1.0,0.6666666666666666,1.0,0.0,0.0,0,0,0,0,3,0
E3,workflow/packing/F4,same,matched,3,3,2,0.6666666666666666,0.6666666666666666,23.333333333333332,21825.0,0.0,0.0,0.3333333333333333,0.0,1.0,0.0,0.6666666666666666,1.0,1.0,0.3333333333333333,0.0,0,0,0,1,2,0
E3,workflow/packing/F4,same,random,3,3,1,0.3333333333333333,0.3333333333333333,22.0,20346.666666666668,0.0,0.0,0.6666666666666666,0.0,1.0,0.0,0.3333333333333333,1.0,1.0,0.6666666666666666,0.0,0,0,0,2,1,0
E3,workflow/packing/F4,transfer,cycle,3,3,3,1.0,1.0,21.333333333333332,19246.666666666668,0.0,0.0,0.0,0.0,1.0,0.0,1.0,1.0,1.0,0.0,0.0,0,0,0,0,3,0
E3,workflow/packing/F4,transfer,matched,3,3,3,1.0,2.3333333333333335,21.0,19289.666666666668,0.0,0.0,0.0,0.0,1.0,0.0,1.0,1.0,1.0,0.0,0.0,0,0,0,0,3,0
E3,workflow/packing/F4,transfer,random,3,3,3,1.0,1.0,22.0,20051.666666666668,0.0,0.0,0.0,0.0,1.0,0.0,1.0,0.6666666666666666,1.0,0.0,0.0,0,0,0,0,3,0
E3,workflow/portfolio/F1,reversal,cycle,3,0,0,,0.6666666666666666,24.0,24974.0,0.0,0.0,0.3333333333333333,0.0,0.0,1.0,0.6666666666666666,1.0,1.0,0.0,0.0,0,0,0,1,0,2
E3,workflow/portfolio/F1,reversal,matched,3,0,0,,0.0,24.0,24693.0,0.0,0.0,1.0,0.0,0.6666666666666666,0.6666666666666666,0.0,1.0,1.0,0.0,0.0,0,0,0,3,0,0
E3,workflow/portfolio/F1,reversal,random,3,0,0,,0.3333333333333333,22.0,22403.666666666668,0.0,0.0,0.6666666666666666,0.0,0.3333333333333333,0.3333333333333333,0.3333333333333333,1.0,1.0,0.0,0.0,0,0,0,2,0,1
E3,workflow/portfolio/F1,same,cycle,3,3,2,0.6666666666666666,0.3333333333333333,23.333333333333332,24108.666666666668,0.0,0.0,0.6666666666666666,0.0,0.0,0.0,0.3333333333333333,1.0,1.0,0.3333333333333333,0.0,0,0,0,2,1,0
E3,workflow/portfolio/F1,same,matched,3,3,0,0.0,0.0,23.333333333333332,24200.666666666668,0.0,0.0,1.0,0.0,0.6666666666666666,0.0,0.0,1.0,1.0,1.0,0.0,0,0,0,3,0,0
E3,workflow/portfolio/F1,same,random,3,3,1,0.3333333333333333,0.3333333333333333,22.0,22310.0,0.0,0.0,0.6666666666666666,0.0,0.3333333333333333,0.0,0.3333333333333333,1.0,1.0,0.6666666666666666,0.0,0,0,0,2,1,0
E3,workflow/portfolio/F1,transfer,cycle,3,3,3,1.0,1.0,23.333333333333332,23534.666666666668,0.0,0.0,0.0,0.0,0.0,0.0,0.0,0.0,1.0,0.0,0.0,0,0,0,0,3,0
E3,workflow/portfolio/F1,transfer,matched,3,3,3,1.0,1.0,22.666666666666668,22703.0,0.0,0.0,0.0,0.0,0.0,0.0,0.6666666666666666,0.6666666666666666,1.0,0.0,0.0,0,0,0,0,3,0
E3,workflow/portfolio/F1,transfer,random,3,3,3,1.0,1.0,21.333333333333332,20978.333333333332,0.0,0.0,0.0,0.0,0.0,0.0,0.6666666666666666,0.6666666666666666,1.0,0.0,0.0,0,0,0,0,3,0
E3,workflow/portfolio/F2,reversal,cycle,3,0,0,,1.0,20.666666666666668,19398.666666666668,0.0,0.0,0.0,0.0,1.0,1.0,1.0,1.0,1.0,0.0,0.0,0,0,0,0,0,3
E3,workflow/portfolio/F2,reversal,matched,3,0,0,,0.6666666666666666,23.0,22138.333333333332,0.0,0.0,0.3333333333333333,0.0,0.6666666666666666,0.6666666666666666,0.6666666666666666,1.0,1.0,0.0,0.0,0,0,0,1,0,2
E3,workflow/portfolio/F2,reversal,random,3,0,0,,0.6666666666666666,23.0,21535.333333333332,0.0,0.0,0.3333333333333333,0.0,0.6666666666666666,0.6666666666666666,0.6666666666666666,1.0,1.0,0.0,0.0,0,0,0,1,0,2
E3,workflow/portfolio/F2,same,cycle,3,3,3,1.0,1.0,21.0,19687.333333333332,0.0,0.0,0.0,0.0,1.0,0.0,1.0,0.6666666666666666,1.0,0.0,0.0,0,0,0,0,3,0
E3,workflow/portfolio/F2,same,matched,3,3,3,1.0,0.6666666666666666,23.333333333333332,22659.333333333332,0.0,0.0,0.3333333333333333,0.0,1.0,0.0,0.6666666666666666,1.0,1.0,0.0,0.0,0,0,0,1,2,0
E3,workflow/portfolio/F2,same,random,3,3,1,0.3333333333333333,0.6666666666666666,23.333333333333332,21931.333333333332,0.0,0.0,0.3333333333333333,0.0,1.0,0.0,0.6666666666666666,0.6666666666666666,1.0,0.6666666666666666,0.0,0,0,0,1,1,1
E3,workflow/portfolio/F2,transfer,cycle,3,3,3,1.0,1.0,22.666666666666668,20948.0,0.0,0.0,0.0,0.0,1.0,0.0,1.0,0.0,1.0,0.0,0.0,0,0,0,0,3,0
E3,workflow/portfolio/F2,transfer,matched,3,3,3,1.0,0.3333333333333333,22.0,20982.0,0.0,0.0,0.6666666666666666,0.0,1.0,0.0,0.3333333333333333,1.0,1.0,0.0,0.0,0,0,0,2,1,0
E3,workflow/portfolio/F2,transfer,random,3,3,2,0.6666666666666666,0.6666666666666666,23.333333333333332,21637.666666666668,0.0,0.0,0.3333333333333333,0.0,0.6666666666666666,0.0,0.6666666666666666,1.0,1.0,0.3333333333333333,0.0,0,0,0,1,2,0
E3,workflow/portfolio/F3,reversal,cycle,3,0,0,,1.0,23.333333333333332,26630.666666666668,0.0,0.0,0.0,0.0,1.0,1.0,1.0,1.0,1.0,0.0,0.0,0,0,0,0,0,3
E3,workflow/portfolio/F3,reversal,matched,3,0,0,,0.6666666666666666,21.666666666666668,24869.0,0.0,0.0,0.3333333333333333,0.0,0.3333333333333333,0.6666666666666666,0.6666666666666666,1.0,1.0,0.0,0.0,0,0,0,1,0,2
E3,workflow/portfolio/F3,reversal,random,3,0,0,,0.3333333333333333,21.666666666666668,24434.666666666668,0.0,0.0,0.6666666666666666,0.0,0.6666666666666666,0.6666666666666666,0.3333333333333333,1.0,1.0,0.0,0.0,0,0,0,2,0,1
E3,workflow/portfolio/F3,same,cycle,3,3,3,1.0,0.6666666666666666,22.666666666666668,25755.333333333332,0.0,0.0,0.3333333333333333,0.0,1.0,0.0,0.6666666666666666,1.0,1.0,0.0,0.0,0,0,0,1,2,0
E3,workflow/portfolio/F3,same,matched,3,3,3,1.0,1.0,20.0,22607.666666666668,0.0,0.0,0.0,0.0,0.3333333333333333,0.0,1.0,1.0,1.0,0.0,0.0,0,0,0,0,3,0
E3,workflow/portfolio/F3,same,random,3,3,1,0.3333333333333333,0.3333333333333333,23.0,26079.666666666668,0.0,0.0,0.6666666666666666,0.0,1.0,0.0,0.3333333333333333,1.0,1.0,0.6666666666666666,0.0,0,0,0,2,1,0
E3,workflow/portfolio/F3,transfer,cycle,3,3,3,1.0,1.0,23.0,26038.666666666668,0.0,0.0,0.0,0.0,1.0,0.0,1.0,0.0,1.0,0.0,0.0,0,0,0,0,3,0
E3,workflow/portfolio/F3,transfer,matched,3,3,1,0.3333333333333333,0.3333333333333333,22.333333333333332,25346.0,0.0,0.0,0.6666666666666666,0.0,0.0,0.0,0.3333333333333333,0.6666666666666666,1.0,0.6666666666666666,0.0,0,0,0,2,1,0
E3,workflow/portfolio/F3,transfer,random,3,3,2,0.6666666666666666,0.6666666666666666,22.333333333333332,25212.0,0.0,0.0,0.3333333333333333,0.0,0.6666666666666666,0.0,0.6666666666666666,0.6666666666666666,1.0,0.3333333333333333,0.0,0,0,0,1,2,0
E3,workflow/portfolio/F4,reversal,cycle,3,0,0,,0.6666666666666666,21.0,19035.333333333332,0.0,0.0,0.3333333333333333,0.0,1.0,1.0,0.6666666666666666,1.0,1.0,0.0,0.0,0,0,0,1,0,2
E3,workflow/portfolio/F4,reversal,matched,3,0,0,,0.3333333333333333,23.333333333333332,22251.333333333332,0.0,0.0,0.6666666666666666,0.0,1.0,0.0,0.3333333333333333,1.0,1.0,0.0,0.0,0,0,0,2,0,1
E3,workflow/portfolio/F4,reversal,random,3,0,0,,1.0,22.333333333333332,20481.333333333332,0.0,0.0,0.0,0.0,1.0,0.6666666666666666,1.0,1.0,1.0,0.0,0.0,0,0,0,0,0,3
E3,workflow/portfolio/F4,same,cycle,3,3,3,1.0,1.0,21.0,19070.333333333332,0.0,0.0,0.0,0.0,1.0,0.0,1.0,0.3333333333333333,1.0,0.0,0.0,0,0,0,0,3,0
E3,workflow/portfolio/F4,same,matched,3,3,1,0.3333333333333333,0.3333333333333333,23.333333333333332,22449.333333333332,0.0,0.0,0.6666666666666666,0.0,1.0,0.0,0.3333333333333333,1.0,1.0,0.6666666666666666,0.0,0,0,0,2,1,0
E3,workflow/portfolio/F4,same,random,3,3,3,1.0,1.0,22.333333333333332,20565.0,0.0,0.0,0.0,0.3333333333333333,1.0,0.0,0.6666666666666666,0.3333333333333333,1.0,0.0,0.0,0,0,0,0,3,0
E3,workflow/portfolio/F4,transfer,cycle,3,3,3,1.0,1.0,22.333333333333332,20253.333333333332,0.0,0.0,0.0,0.0,1.0,0.0,1.0,0.0,1.0,0.0,0.0,0,0,0,0,3,0
E3,workflow/portfolio/F4,transfer,matched,3,3,1,0.3333333333333333,0.3333333333333333,22.333333333333332,20498.0,0.0,0.0,0.6666666666666666,0.0,1.0,0.0,0.3333333333333333,1.0,1.0,0.6666666666666666,0.0,0,0,0,2,1,0
E3,workflow/portfolio/F4,transfer,random,3,3,2,0.6666666666666666,0.6666666666666666,22.666666666666668,20832.666666666668,0.0,0.0,0.3333333333333333,0.0,1.0,0.0,0.6666666666666666,0.3333333333333333,1.0,0.3333333333333333,0.0,0,0,0,1,2,0
E3,workflow/quality/F1,reversal,cycle,3,0,0,,1.0,23.0,26801.0,0.0,0.0,0.0,0.0,0.0,1.0,1.0,1.0,1.0,0.0,0.0,0,0,0,0,0,3
E3,workflow/quality/F1,reversal,matched,3,0,0,,1.0,22.666666666666668,25938.666666666668,0.0,0.0,0.0,0.0,1.0,1.0,1.0,1.0,1.0,0.0,0.0,0,0,0,0,0,3
E3,workflow/quality/F1,reversal,random,3,0,0,,2.0,22.333333333333332,25464.333333333332,0.0,0.0,0.0,0.0,1.0,1.0,1.0,1.0,1.0,0.0,0.0,0,0,0,0,0,3
E3,workflow/quality/F1,same,cycle,3,3,3,1.0,1.0,22.333333333333332,25657.333333333332,0.0,0.0,0.0,0.0,0.0,0.0,1.0,0.6666666666666666,1.0,0.0,0.0,0,0,0,0,3,0
E3,workflow/quality/F1,same,matched,3,3,3,1.0,1.0,22.333333333333332,25446.333333333332,0.0,0.0,0.0,0.0,1.0,0.0,1.0,1.0,1.0,0.0,0.0,0,0,0,0,3,0
E3,workflow/quality/F1,same,random,3,3,3,1.0,1.0,22.333333333333332,25553.333333333332,0.0,0.0,0.0,0.0,1.0,0.0,1.0,0.3333333333333333,1.0,0.0,0.0,0,0,0,0,3,0
E3,workflow/quality/F1,transfer,cycle,3,3,3,1.0,1.0,22.666666666666668,26042.333333333332,0.0,0.0,0.0,0.0,0.0,0.0,1.0,1.0,1.0,0.0,0.0,0,0,0,0,3,0
E3,workflow/quality/F1,transfer,matched,3,3,3,1.0,1.0,23.333333333333332,26696.0,0.0,0.0,0.0,0.0,0.6666666666666666,0.0,1.0,1.0,1.0,0.0,0.0,0,0,0,0,3,0
E3,workflow/quality/F1,transfer,random,3,3,3,1.0,2.0,23.333333333333332,26475.666666666668,0.0,0.0,0.0,0.0,0.3333333333333333,0.0,0.3333333333333333,0.3333333333333333,1.0,0.0,0.0,0,0,0,0,3,0
E3,workflow/quality/F2,reversal,cycle,3,0,0,,0.6666666666666666,22.333333333333332,24304.333333333332,0.0,0.0,0.3333333333333333,0.0,1.0,1.0,0.6666666666666666,1.0,1.0,0.0,0.0,0,0,0,1,0,2
E3,workflow/quality/F2,reversal,matched,3,0,0,,0.0,21.0,21965.333333333332,0.0,0.0,1.0,0.0,1.0,1.0,0.0,1.0,1.0,0.0,0.0,0,0,0,3,0,0
E3,workflow/quality/F2,reversal,random,3,0,0,,0.3333333333333333,21.666666666666668,22786.666666666668,0.0,0.0,0.6666666666666666,0.0,1.0,1.0,0.3333333333333333,1.0,1.0,0.0,0.0,0,0,0,2,0,1
E3,workflow/quality/F2,same,cycle,3,3,1,0.3333333333333333,3.0,23.0,25155.0,0.0,0.0,0.3333333333333333,0.0,1.0,0.0,0.6666666666666666,1.0,1.0,0.6666666666666666,0.0,0,0,0,1,1,1
E3,workflow/quality/F2,same,matched,3,3,1,0.3333333333333333,0.0,21.666666666666668,23250.666666666668,0.0,0.0,1.0,0.0,0.0,0.0,0.0,1.0,1.0,0.6666666666666666,0.0,0,0,0,3,0,0
E3,workflow/quality/F2,same,random,3,3,0,0.0,0.0,22.0,23427.666666666668,0.0,0.0,1.0,0.0,1.0,0.0,0.0,1.0,1.0,1.0,0.0,0,0,0,3,0,0
E3,workflow/quality/F2,transfer,cycle,3,3,3,1.0,1.0,23.0,24457.333333333332,0.0,0.0,0.0,0.0,1.0,0.0,1.0,0.0,1.0,0.0,0.0,0,0,0,0,3,0
E3,workflow/quality/F2,transfer,matched,3,3,2,0.6666666666666666,0.3333333333333333,23.666666666666668,25652.666666666668,0.0,0.0,0.6666666666666666,0.0,0.3333333333333333,0.0,0.3333333333333333,1.0,1.0,0.3333333333333333,0.0,0,0,0,2,1,0
E3,workflow/quality/F2,transfer,random,3,3,2,0.6666666666666666,2.0,22.666666666666668,24043.0,0.0,0.0,0.0,0.0,1.0,0.0,1.0,0.6666666666666666,1.0,0.3333333333333333,0.0,0,0,0,0,2,1
E3,workflow/quality/F3,reversal,cycle,3,0,0,,0.0,23.333333333333332,24699.0,0.0,0.0,1.0,0.0,1.0,1.0,0.0,1.0,1.0,0.0,0.0,0,0,0,3,0,0
E3,workflow/quality/F3,reversal,matched,3,0,0,,1.0,22.333333333333332,23341.666666666668,0.0,0.0,0.0,0.0,1.0,1.0,1.0,1.0,1.0,0.0,0.0,0,0,0,0,0,3
E3,workflow/quality/F3,reversal,random,3,0,0,,1.0,21.666666666666668,22689.333333333332,0.0,0.0,0.0,0.0,1.0,1.0,1.0,1.0,1.0,0.0,0.0,0,0,0,0,0,3
E3,workflow/quality/F3,same,cycle,3,3,0,0.0,0.0,24.0,25588.0,0.0,0.0,1.0,0.0,1.0,0.0,0.0,1.0,1.0,1.0,0.0,0,0,0,3,0,0
E3,workflow/quality/F3,same,matched,3,3,3,1.0,1.0,22.0,22855.333333333332,0.0,0.0,0.0,0.0,1.0,0.0,1.0,0.3333333333333333,1.0,0.0,0.0,0,0,0,0,3,0
E3,workflow/quality/F3,same,random,3,3,3,1.0,1.0,21.0,21825.333333333332,0.0,0.0,0.0,0.0,1.0,0.0,1.0,0.6666666666666666,1.0,0.0,0.0,0,0,0,0,3,0
E3,workflow/quality/F3,transfer,cycle,3,3,3,1.0,1.0,21.0,21390.0,0.0,0.0,0.0,0.0,1.0,0.0,1.0,1.0,1.0,0.0,0.0,0,0,0,0,3,0
E3,workflow/quality/F3,transfer,matched,3,3,3,1.0,1.0,22.0,22659.666666666668,0.0,0.0,0.0,0.0,1.0,0.0,1.0,0.0,1.0,0.0,0.0,0,0,0,0,3,0
E3,workflow/quality/F3,transfer,random,3,3,3,1.0,1.0,21.666666666666668,22091.0,0.0,0.0,0.0,0.0,1.0,0.0,1.0,0.6666666666666666,1.0,0.0,0.0,0,0,0,0,3,0
E3,workflow/quality/F4,reversal,cycle,3,0,0,,0.3333333333333333,22.666666666666668,21303.0,0.0,0.0,0.6666666666666666,0.0,1.0,0.6666666666666666,0.3333333333333333,1.0,1.0,0.0,0.0,0,0,0,2,0,1
E3,workflow/quality/F4,reversal,matched,3,0,0,,1.0,23.0,21086.0,0.0,0.0,0.0,0.0,1.0,0.3333333333333333,1.0,1.0,1.0,0.0,0.0,0,0,0,0,0,3
E3,workflow/quality/F4,reversal,random,3,0,0,,1.0,23.0,21222.666666666668,0.0,0.0,0.0,0.0,1.0,0.6666666666666666,1.0,1.0,1.0,0.0,0.0,0,0,0,0,0,3
E3,workflow/quality/F4,same,cycle,3,3,2,0.6666666666666666,0.6666666666666666,22.666666666666668,20790.333333333332,0.0,0.0,0.3333333333333333,0.0,1.0,0.0,0.6666666666666666,1.0,1.0,0.3333333333333333,0.0,0,0,0,1,2,0
E3,workflow/quality/F4,same,matched,3,3,3,1.0,1.0,23.333333333333332,21645.333333333332,0.0,0.0,0.0,0.0,1.0,0.0,1.0,1.0,1.0,0.0,0.0,0,0,0,0,3,0
E3,workflow/quality/F4,same,random,3,3,3,1.0,1.0,22.666666666666668,20644.333333333332,0.0,0.0,0.0,0.0,1.0,0.0,1.0,0.3333333333333333,1.0,0.0,0.0,0,0,0,0,3,0
E3,workflow/quality/F4,transfer,cycle,3,3,3,1.0,1.0,22.333333333333332,20417.333333333332,0.0,0.0,0.0,0.0,1.0,0.0,1.0,0.3333333333333333,1.0,0.0,0.0,0,0,0,0,3,0
E3,workflow/quality/F4,transfer,matched,3,3,3,1.0,1.0,23.0,21214.0,0.0,0.0,0.0,0.0,1.0,0.0,1.0,1.0,1.0,0.0,0.0,0,0,0,0,3,0
E3,workflow/quality/F4,transfer,random,3,3,3,1.0,1.0,22.0,19681.0,0.0,0.0,0.0,0.0,1.0,0.0,1.0,0.3333333333333333,1.0,0.0,0.0,0,0,0,0,3,0
E3,workflow/risk/F1,reversal,cycle,3,0,0,,1.0,21.0,20169.0,0.0,0.0,0.0,0.0,0.0,0.0,1.0,1.0,1.0,0.0,0.0,0,0,0,0,0,3
E3,workflow/risk/F1,reversal,matched,3,0,0,,1.0,22.333333333333332,21630.0,0.0,0.0,0.0,0.0,0.3333333333333333,1.0,1.0,1.0,1.0,0.0,0.0,0,0,0,0,0,3
E3,workflow/risk/F1,reversal,random,3,0,0,,1.0,22.333333333333332,21825.333333333332,0.0,0.0,0.0,0.0,0.3333333333333333,1.0,0.6666666666666666,1.0,1.0,0.0,0.0,0,0,0,0,0,3
E3,workflow/risk/F1,same,cycle,3,3,3,1.0,1.0,22.0,20945.333333333332,0.0,0.0,0.0,0.0,0.0,0.0,1.0,1.0,1.0,0.0,0.0,0,0,0,0,3,0
E3,workflow/risk/F1,same,matched,3,3,3,1.0,1.0,22.0,21476.666666666668,0.0,0.0,0.0,0.0,0.3333333333333333,0.0,1.0,1.0,1.0,0.0,0.0,0,0,0,0,3,0
E3,workflow/risk/F1,same,random,3,3,3,1.0,1.0,21.666666666666668,20972.666666666668,0.0,0.0,0.0,0.0,0.3333333333333333,0.0,0.3333333333333333,0.3333333333333333,1.0,0.0,0.0,0,0,0,0,3,0
E3,workflow/risk/F1,transfer,cycle,3,3,3,1.0,1.0,22.0,21218.333333333332,0.0,0.0,0.0,0.0,0.0,0.0,0.0,0.0,1.0,0.0,0.0,0,0,0,0,3,0
E3,workflow/risk/F1,transfer,matched,3,3,3,1.0,1.0,22.666666666666668,22036.0,0.0,0.0,0.0,0.0,0.0,0.0,1.0,0.6666666666666666,1.0,0.0,0.0,0,0,0,0,3,0
E3,workflow/risk/F1,transfer,random,3,3,3,1.0,1.0,22.666666666666668,22074.0,0.0,0.0,0.3333333333333333,0.0,0.0,0.0,0.0,0.3333333333333333,1.0,0.0,0.0,0,0,0,1,2,0
E3,workflow/risk/F2,reversal,cycle,3,0,0,,0.0,23.666666666666668,28492.333333333332,0.0,0.0,1.0,0.0,0.0,0.0,0.0,0.6666666666666666,1.0,0.0,0.0,0,0,0,3,0,0
E3,workflow/risk/F2,reversal,matched,3,0,0,,0.6666666666666666,22.333333333333332,24917.666666666668,0.0,0.0,0.6666666666666666,0.0,0.6666666666666666,0.6666666666666666,0.3333333333333333,1.0,1.0,0.0,0.0,0,0,0,2,0,1
E3,workflow/risk/F2,reversal,random,3,0,0,,0.3333333333333333,22.0,24496.666666666668,0.0,0.0,0.6666666666666666,0.0,0.6666666666666666,0.6666666666666666,0.3333333333333333,0.6666666666666666,1.0,0.0,0.0,0,0,0,2,0,1
E3,workflow/risk/F2,same,cycle,3,3,0,0.0,0.0,22.666666666666668,27056.0,0.0,0.0,1.0,0.0,0.0,0.0,0.0,0.3333333333333333,1.0,1.0,0.0,0,0,0,3,0,0
E3,workflow/risk/F2,same,matched,3,3,0,0.0,0.0,22.0,24383.666666666668,0.0,0.0,1.0,0.0,1.0,0.0,0.0,1.0,1.0,1.0,0.0,0,0,0,3,0,0
E3,workflow/risk/F2,same,random,3,3,2,0.6666666666666666,0.3333333333333333,21.333333333333332,23825.333333333332,0.0,0.0,0.6666666666666666,0.0,0.6666666666666666,0.0,0.3333333333333333,0.3333333333333333,1.0,0.3333333333333333,0.0,0,0,0,2,1,0
E3,workflow/risk/F2,transfer,cycle,3,3,3,1.0,0.6666666666666666,21.333333333333332,23425.0,0.0,0.0,0.3333333333333333,0.0,0.3333333333333333,0.0,0.6666666666666666,0.0,1.0,0.0,0.0,0,0,0,1,2,0
E3,workflow/risk/F2,transfer,matched,3,3,3,1.0,1.0,23.0,24997.0,0.0,0.0,0.0,0.0,1.0,0.0,1.0,0.0,1.0,0.0,0.0,0,0,0,0,3,0
E3,workflow/risk/F2,transfer,random,3,3,3,1.0,1.0,22.0,24126.666666666668,0.0,0.0,0.0,0.0,1.0,0.0,1.0,0.3333333333333333,1.0,0.0,0.0,0,0,0,0,3,0
E3,workflow/risk/F3,reversal,cycle,3,0,0,,0.3333333333333333,23.333333333333332,25484.666666666668,0.0,0.0,0.6666666666666666,0.0,1.0,1.0,0.3333333333333333,1.0,1.0,0.0,0.0,0,0,0,2,0,1
E3,workflow/risk/F3,reversal,matched,3,0,0,,0.0,23.666666666666668,25903.0,0.0,0.0,1.0,0.0,0.0,0.6666666666666666,0.0,1.0,1.0,0.0,0.0,0,0,0,3,0,0
E3,workflow/risk/F3,reversal,random,3,0,0,,0.3333333333333333,23.0,25341.333333333332,0.0,0.0,0.6666666666666666,0.0,0.6666666666666666,0.3333333333333333,0.3333333333333333,1.0,1.0,0.0,0.0,0,0,0,2,0,1
E3,workflow/risk/F3,same,cycle,3,3,3,1.0,0.3333333333333333,23.666666666666668,26160.666666666668,0.0,0.0,0.6666666666666666,0.0,1.0,0.0,0.3333333333333333,1.0,1.0,0.0,0.0,0,0,0,2,1,0
E3,workflow/risk/F3,same,matched,3,3,0,0.0,0.0,23.666666666666668,25711.666666666668,0.0,0.0,1.0,0.0,0.0,0.0,0.0,1.0,1.0,1.0,0.0,0,0,0,3,0,0
E3,workflow/risk/F3,same,random,3,3,2,0.6666666666666666,0.6666666666666666,22.0,23709.333333333332,0.0,0.0,0.3333333333333333,0.0,0.6666666666666666,0.0,0.6666666666666666,1.0,1.0,0.3333333333333333,0.0,0,0,0,1,2,0
E3,workflow/risk/F3,transfer,cycle,3,3,3,1.0,1.0,21.0,22514.0,0.0,0.0,0.0,0.0,1.0,0.0,1.0,0.0,1.0,0.0,0.0,0,0,0,0,3,0
E3,workflow/risk/F3,transfer,matched,3,3,0,0.0,0.0,24.0,26323.0,0.0,0.0,1.0,0.0,0.0,0.0,0.0,1.0,1.0,1.0,0.0,0,0,0,3,0,0
E3,workflow/risk/F3,transfer,random,3,3,3,1.0,1.0,20.666666666666668,22016.0,0.0,0.0,0.0,0.0,0.6666666666666666,0.0,1.0,0.3333333333333333,1.0,0.0,0.0,0,0,0,0,3,0
E3,workflow/risk/F4,reversal,cycle,3,0,0,,0.3333333333333333,24.0,21713.666666666668,0.0,0.0,0.6666666666666666,0.0,1.0,0.3333333333333333,0.3333333333333333,1.0,1.0,0.0,0.0,0,0,0,2,0,1
E3,workflow/risk/F4,reversal,matched,3,0,0,,1.0,22.0,19715.666666666668,0.0,0.0,0.0,0.0,1.0,0.0,1.0,1.0,1.0,0.0,0.0,0,0,0,0,0,3
E3,workflow/risk/F4,reversal,random,3,0,0,,1.0,22.333333333333332,19611.333333333332,0.0,0.0,0.0,0.0,1.0,0.3333333333333333,1.0,0.6666666666666666,1.0,0.0,0.0,0,0,0,0,0,3
E3,workflow/risk/F4,same,cycle,3,3,1,0.3333333333333333,0.3333333333333333,23.666666666666668,21501.333333333332,0.0,0.0,0.6666666666666666,0.0,1.0,0.0,0.3333333333333333,1.0,1.0,0.6666666666666666,0.0,0,0,0,2,1,0
E3,workflow/risk/F4,same,matched,3,3,3,1.0,1.0,22.0,19697.666666666668,0.0,0.0,0.0,0.0,1.0,0.0,1.0,1.0,1.0,0.0,0.0,0,0,0,0,3,0
E3,workflow/risk/F4,same,random,3,3,3,1.0,1.0,22.0,19319.0,0.0,0.0,0.0,0.0,1.0,0.0,1.0,0.3333333333333333,1.0,0.0,0.0,0,0,0,0,3,0
E3,workflow/risk/F4,transfer,cycle,3,3,3,1.0,1.0,23.0,20377.333333333332,0.0,0.0,0.0,0.0,1.0,0.0,1.0,0.0,1.0,0.0,0.0,0,0,0,0,3,0
E3,workflow/risk/F4,transfer,matched,3,3,1,0.3333333333333333,0.3333333333333333,24.0,21976.333333333332,0.0,0.0,0.6666666666666666,0.0,1.0,0.0,0.3333333333333333,1.0,1.0,0.6666666666666666,0.0,0,0,0,2,1,0
E3,workflow/risk/F4,transfer,random,3,3,3,1.0,1.0,21.666666666666668,18975.0,0.0,0.0,0.0,0.0,1.0,0.0,1.0,0.6666666666666666,1.0,0.0,0.0,0,0,0,0,3,0
E3,workflow/routing/F1,reversal,cycle,3,0,0,,0.0,24.0,26264.666666666668,0.0,0.0,1.0,0.0,0.3333333333333333,0.3333333333333333,0.0,1.0,1.0,0.0,0.0,0,0,0,3,0,0
E3,workflow/routing/F1,reversal,matched,3,0,0,,0.0,23.0,25205.333333333332,0.0,0.0,1.0,0.0,0.6666666666666666,0.3333333333333333,0.0,1.0,1.0,0.0,0.0,0,0,0,3,0,0
E3,workflow/routing/F1,reversal,random,3,0,0,,0.3333333333333333,22.666666666666668,24539.666666666668,0.0,0.0,0.6666666666666666,0.0,0.3333333333333333,0.6666666666666666,0.3333333333333333,1.0,1.0,0.0,0.0,0,0,0,2,0,1
E3,workflow/routing/F1,same,cycle,3,3,0,0.0,0.0,23.0,24782.0,0.0,0.0,1.0,0.0,0.0,0.0,0.0,1.0,1.0,1.0,0.0,0,0,0,3,0,0
E3,workflow/routing/F1,same,matched,3,3,2,0.6666666666666666,0.6666666666666666,23.333333333333332,25375.0,0.0,0.0,0.6666666666666666,0.0,0.3333333333333333,0.0,0.3333333333333333,1.0,1.0,0.3333333333333333,0.0,0,0,0,2,1,0
E3,workflow/routing/F1,same,random,3,3,2,0.6666666666666666,0.6666666666666666,21.666666666666668,23309.666666666668,0.0,0.0,0.3333333333333333,0.0,0.0,0.0,0.6666666666666666,1.0,1.0,0.3333333333333333,0.0,0,0,0,1,2,0
E3,workflow/routing/F1,transfer,cycle,3,3,3,1.0,1.0,22.0,23522.0,0.0,0.0,0.0,0.0,0.0,0.0,0.0,0.0,1.0,0.0,0.0,0,0,0,0,3,0
E3,workflow/routing/F1,transfer,matched,3,3,3,1.0,1.0,21.333333333333332,22918.666666666668,0.0,0.0,0.0,0.0,0.0,0.0,1.0,1.0,1.0,0.0,0.0,0,0,0,0,3,0
E3,workflow/routing/F1,transfer,random,3,3,3,1.0,1.0,21.666666666666668,23166.333333333332,0.0,0.0,0.0,0.0,0.0,0.0,0.6666666666666666,0.6666666666666666,1.0,0.0,0.0,0,0,0,0,3,0
E3,workflow/routing/F2,reversal,cycle,3,0,0,,1.3333333333333333,20.666666666666668,20101.333333333332,0.0,0.0,0.0,0.0,1.0,1.0,1.0,1.0,1.0,0.0,0.0,0,0,0,0,0,3
E3,workflow/routing/F2,reversal,matched,3,0,0,,0.0,22.333333333333332,22237.666666666668,0.0,0.0,1.0,0.0,1.0,1.0,0.0,1.0,1.0,0.0,0.0,0,0,0,3,0,0
E3,workflow/routing/F2,reversal,random,3,0,0,,0.6666666666666666,22.0,21997.666666666668,0.0,0.0,0.3333333333333333,0.0,1.0,1.0,0.6666666666666666,1.0,1.0,0.0,0.0,0,0,0,1,0,2
E3,workflow/routing/F2,same,cycle,3,3,3,1.0,1.0,21.0,20591.0,0.0,0.0,0.0,0.0,1.0,0.0,1.0,0.6666666666666666,1.0,0.0,0.0,0,0,0,0,3,0
E3,workflow/routing/F2,same,matched,3,3,3,1.0,0.6666666666666666,22.666666666666668,23001.333333333332,0.0,0.0,0.3333333333333333,0.0,0.0,0.0,0.6666666666666666,1.0,1.0,0.0,0.0,0,0,0,1,2,0
E3,workflow/routing/F2,same,random,3,3,1,0.3333333333333333,1.0,23.333333333333332,23550.0,0.0,0.0,0.0,0.0,0.6666666666666666,0.0,1.0,0.6666666666666666,1.0,0.6666666666666666,0.0,0,0,0,0,1,2
E3,workflow/routing/F2,transfer,cycle,3,3,3,1.0,1.0,22.0,21492.666666666668,0.0,0.0,0.0,0.0,1.0,0.0,1.0,0.0,1.0,0.0,0.0,0,0,0,0,3,0
E3,workflow/routing/F2,transfer,matched,3,3,2,0.6666666666666666,0.3333333333333333,24.0,24306.666666666668,0.0,0.0,0.6666666666666666,0.0,0.0,0.0,0.3333333333333333,1.0,1.0,0.3333333333333333,0.0,0,0,0,2,1,0
E3,workflow/routing/F2,transfer,random,3,3,3,1.0,1.0,21.333333333333332,20941.0,0.0,0.0,0.0,0.0,0.6666666666666666,0.0,1.0,0.6666666666666666,1.0,0.0,0.0,0,0,0,0,3,0
E3,workflow/routing/F3,reversal,cycle,3,0,0,,0.6666666666666666,22.666666666666668,23987.0,0.0,0.0,0.3333333333333333,0.0,1.0,1.0,0.6666666666666666,1.0,1.0,0.0,0.0,0,0,0,1,0,2
E3,workflow/routing/F3,reversal,matched,3,0,0,,0.6666666666666666,23.666666666666668,25220.666666666668,0.0,0.0,0.3333333333333333,0.0,0.0,0.3333333333333333,0.6666666666666666,1.0,1.0,0.0,0.0,0,0,0,1,0,2
E3,workflow/routing/F3,reversal,random,3,0,0,,0.6666666666666666,22.333333333333332,23462.0,0.0,0.0,0.3333333333333333,0.0,0.6666666666666666,0.3333333333333333,0.6666666666666666,1.0,1.0,0.0,0.0,0,0,0,1,0,2
E3,workflow/routing/F3,same,cycle,3,3,3,1.0,0.6666666666666666,22.0,23154.333333333332,0.0,0.0,0.3333333333333333,0.0,1.0,0.0,0.6666666666666666,1.0,1.0,0.0,0.0,0,0,0,1,2,0
E3,workflow/routing/F3,same,matched,3,3,2,0.6666666666666666,1.3333333333333333,23.333333333333332,24942.0,0.0,0.0,0.3333333333333333,0.0,0.0,0.0,0.6666666666666666,1.0,1.0,0.3333333333333333,0.0,0,0,0,1,2,0
E3,workflow/routing/F3,same,random,3,3,3,1.0,1.0,22.666666666666668,23676.0,0.0,0.0,0.0,0.0,0.6666666666666666,0.0,1.0,1.0,1.0,0.0,0.0,0,0,0,0,3,0
E3,workflow/routing/F3,transfer,cycle,3,3,3,1.0,1.0,22.666666666666668,23759.666666666668,0.0,0.0,0.0,0.0,1.0,0.0,1.0,0.0,1.0,0.0,0.0,0,0,0,0,3,0
E3,workflow/routing/F3,transfer,matched,3,3,1,0.3333333333333333,0.3333333333333333,24.0,25543.0,0.0,0.0,0.6666666666666666,0.0,0.0,0.0,0.3333333333333333,1.0,1.0,0.6666666666666666,0.0,0,0,0,2,1,0
E3,workflow/routing/F3,transfer,random,3,3,2,0.6666666666666666,0.6666666666666666,22.666666666666668,23845.333333333332,0.0,0.0,0.3333333333333333,0.0,0.6666666666666666,0.0,0.6666666666666666,0.6666666666666666,1.0,0.3333333333333333,0.0,0,0,0,1,2,0
E3,workflow/sampling/F1,reversal,cycle,3,0,0,,0.6666666666666666,23.666666666666668,21279.0,0.0,0.0,0.3333333333333333,0.0,0.6666666666666666,1.0,0.6666666666666666,1.0,1.0,0.0,0.0,0,0,0,1,0,2
E3,workflow/sampling/F1,reversal,matched,3,0,0,,1.6666666666666667,23.0,20805.0,0.0,0.0,0.0,0.0,0.3333333333333333,0.0,1.0,1.0,1.0,0.0,0.0,0,0,0,0,0,3
E3,workflow/sampling/F1,reversal,random,3,0,0,,1.0,21.666666666666668,18756.0,0.0,0.0,0.0,0.0,0.3333333333333333,0.3333333333333333,1.0,0.6666666666666666,1.0,0.0,0.0,0,0,0,0,0,3
E3,workflow/sampling/F1,same,cycle,3,3,2,0.6666666666666666,0.0,24.0,21860.0,0.0,0.0,1.0,0.0,0.6666666666666666,0.0,0.0,1.0,1.0,0.3333333333333333,0.0,0,0,0,3,0,0
E3,workflow/sampling/F1,same,matched,3,3,3,1.0,1.3333333333333333,24.0,21438.333333333332,0.0,0.0,0.0,0.0,0.3333333333333333,0.0,1.0,1.0,1.0,0.0,0.0,0,0,0,0,3,0
E3,workflow/sampling/F1,same,random,3,3,3,1.0,1.0,21.0,17971.666666666668,0.0,0.0,0.0,0.0,0.3333333333333333,0.0,0.6666666666666666,0.3333333333333333,1.0,0.0,0.0,0,0,0,0,3,0
E3,workflow/sampling/F1,transfer,cycle,3,3,3,1.0,1.0,22.333333333333332,19174.0,0.0,0.0,0.0,0.0,0.0,0.0,0.0,0.0,1.0,0.0,0.0,0,0,0,0,3,0
E3,workflow/sampling/F1,transfer,matched,3,3,3,1.0,0.0,22.0,19090.333333333332,0.0,0.0,1.0,0.0,0.0,0.0,0.0,1.0,1.0,0.0,0.0,0,0,0,3,0,0
E3,workflow/sampling/F1,transfer,random,3,3,3,1.0,1.0,21.333333333333332,18348.666666666668,0.0,0.0,0.0,0.0,0.3333333333333333,0.0,0.3333333333333333,0.3333333333333333,1.0,0.0,0.0,0,0,0,0,3,0
E3,workflow/sampling/F2,reversal,cycle,3,0,0,,0.6666666666666666,23.0,23534.666666666668,0.0,0.0,0.3333333333333333,0.0,0.6666666666666666,0.6666666666666666,0.6666666666666666,1.0,1.0,0.0,0.0,0,0,0,1,0,2
E3,workflow/sampling/F2,reversal,matched,3,0,0,,1.0,23.333333333333332,24000.0,0.0,0.0,0.0,0.0,1.0,1.0,1.0,1.0,1.0,0.0,0.0,0,0,0,0,0,3
E3,workflow/sampling/F2,reversal,random,3,0,0,,1.0,23.0,23589.0,0.0,0.0,0.0,0.0,1.0,1.0,1.0,1.0,1.0,0.0,0.0,0,0,0,0,0,3
E3,workflow/sampling/F2,same,cycle,3,3,2,0.6666666666666666,0.6666666666666666,22.666666666666668,23221.0,0.0,0.0,0.3333333333333333,0.0,1.0,0.0,0.6666666666666666,1.0,1.0,0.3333333333333333,0.0,0,0,0,1,2,0
E3,workflow/sampling/F2,same,matched,3,3,0,0.0,1.0,23.0,23590.0,0.0,0.0,0.0,0.0,1.0,0.0,1.0,1.0,1.0,1.0,0.0,0,0,0,0,0,3
E3,workflow/sampling/F2,same,random,3,3,1,0.3333333333333333,1.0,22.666666666666668,23237.0,0.0,0.0,0.0,0.0,1.0,0.0,1.0,1.0,1.0,0.6666666666666666,0.0,0,0,0,0,1,2
E3,workflow/sampling/F2,transfer,cycle,3,3,3,1.0,1.0,21.0,21248.666666666668,0.0,0.0,0.0,0.0,1.0,0.0,1.0,0.6666666666666666,1.0,0.0,0.0,0,0,0,0,3,0
E3,workflow/sampling/F2,transfer,matched,3,3,3,1.0,1.0,22.333333333333332,22937.333333333332,0.0,0.0,0.0,0.0,1.0,0.0,1.0,1.0,1.0,0.0,0.0,0,0,0,0,3,0
E3,workflow/sampling/F2,transfer,random,3,3,3,1.0,1.0,21.666666666666668,22108.666666666668,0.0,0.0,0.0,0.0,1.0,0.0,1.0,0.6666666666666666,1.0,0.0,0.0,0,0,0,0,3,0
E3,workflow/sampling/F3,reversal,cycle,3,0,0,,0.3333333333333333,23.666666666666668,25847.333333333332,0.0,0.0,0.6666666666666666,0.0,0.3333333333333333,0.3333333333333333,0.3333333333333333,1.0,1.0,0.0,0.0,0,0,0,2,0,1
E3,workflow/sampling/F3,reversal,matched,3,0,0,,1.0,20.666666666666668,21586.0,0.0,0.0,0.3333333333333333,0.0,0.0,1.0,0.6666666666666666,1.0,1.0,0.0,0.0,0,0,0,1,0,2
E3,workflow/sampling/F3,reversal,random,3,0,0,,0.6666666666666666,22.333333333333332,24031.0,0.0,0.0,0.3333333333333333,0.0,0.6666666666666666,1.0,0.6666666666666666,1.0,1.0,0.0,0.0,0,0,0,1,0,2
E3,workflow/sampling/F3,same,cycle,3,3,0,0.0,0.0,22.333333333333332,23512.333333333332,0.0,0.0,1.0,0.0,0.0,0.0,0.0,1.0,1.0,1.0,0.0,0,0,0,3,0,0
E3,workflow/sampling/F3,same,matched,3,3,2,0.6666666666666666,0.3333333333333333,23.333333333333332,25054.0,0.0,0.0,0.6666666666666666,0.0,0.0,0.0,0.3333333333333333,1.0,1.0,0.3333333333333333,0.0,0,0,0,2,1,0
E3,workflow/sampling/F3,same,random,3,3,2,0.6666666666666666,0.6666666666666666,20.666666666666668,21480.0,0.0,0.0,0.3333333333333333,0.0,0.6666666666666666,0.0,0.6666666666666666,1.0,1.0,0.3333333333333333,0.0,0,0,0,1,2,0
E3,workflow/sampling/F3,transfer,cycle,3,3,3,1.0,1.0,23.0,24352.666666666668,0.0,0.0,0.0,0.0,1.0,0.0,1.0,0.0,1.0,0.0,0.0,0,0,0,0,3,0
E3,workflow/sampling/F3,transfer,matched,3,3,3,1.0,1.0,22.0,23253.0,0.0,0.0,0.0,0.0,0.0,0.0,1.0,1.0,1.0,0.0,0.0,0,0,0,0,3,0
E3,workflow/sampling/F3,transfer,random,3,3,3,1.0,1.0,20.333333333333332,20822.666666666668,0.0,0.0,0.0,0.0,0.6666666666666666,0.0,1.0,0.6666666666666666,1.0,0.0,0.0,0,0,0,0,3,0
E3,workflow/signals/F1,reversal,cycle,3,0,0,,1.0,23.666666666666668,23808.333333333332,0.0,0.0,0.0,0.0,0.0,0.6666666666666666,1.0,1.0,1.0,0.0,0.0,0,0,0,0,0,3
E3,workflow/signals/F1,reversal,matched,3,0,0,,0.6666666666666666,22.0,22218.666666666668,0.0,0.0,0.3333333333333333,0.0,0.0,1.0,0.6666666666666666,1.0,1.0,0.0,0.0,0,0,0,1,0,2
E3,workflow/signals/F1,reversal,random,3,0,0,,0.6666666666666666,23.333333333333332,23574.333333333332,0.0,0.0,0.3333333333333333,0.0,0.0,1.0,0.6666666666666666,1.0,1.0,0.0,0.0,0,0,0,1,0,2
E3,workflow/signals/F1,same,cycle,3,3,3,1.0,1.0,23.666666666666668,23691.333333333332,0.0,0.0,0.0,0.0,0.0,0.0,1.0,1.0,1.0,0.0,0.0,0,0,0,0,3,0
E3,workflow/signals/F1,same,matched,3,3,3,1.0,0.6666666666666666,24.0,24666.0,0.0,0.0,0.3333333333333333,0.0,0.0,0.0,0.6666666666666666,1.0,1.0,0.0,0.0,0,0,0,1,2,0
E3,workflow/signals/F1,same,random,3,3,2,0.6666666666666666,0.6666666666666666,23.666666666666668,23952.333333333332,0.0,0.0,0.3333333333333333,0.0,0.0,0.0,0.6666666666666666,1.0,1.0,0.3333333333333333,0.0,0,0,0,1,2,0
E3,workflow/signals/F1,transfer,cycle,3,3,3,1.0,2.0,23.666666666666668,23697.0,0.0,0.0,0.0,0.0,0.0,0.0,0.0,0.0,1.0,0.0,0.0,0,0,0,0,3,0
E3,workflow/signals/F1,transfer,matched,3,3,3,1.0,1.0,21.0,21115.0,0.0,0.0,0.0,0.0,0.0,0.0,1.0,1.0,1.0,0.0,0.0,0,0,0,0,3,0
E3,workflow/signals/F1,transfer,random,3,3,3,1.0,1.0,22.0,21846.0,0.0,0.0,0.0,0.0,0.0,0.0,0.6666666666666666,0.6666666666666666,1.0,0.0,0.0,0,0,0,0,3,0
E3,workflow/signals/F2,reversal,cycle,3,0,0,,1.0,21.0,20287.333333333332,0.0,0.0,0.0,0.0,1.0,1.0,1.0,1.0,1.0,0.0,0.0,0,0,0,0,0,3
E3,workflow/signals/F2,reversal,matched,3,0,0,,1.0,21.666666666666668,21397.333333333332,0.0,0.0,0.0,0.0,1.0,1.0,1.0,1.0,1.0,0.0,0.0,0,0,0,0,0,3
E3,workflow/signals/F2,reversal,random,3,0,0,,1.0,21.0,20385.0,0.0,0.0,0.0,0.0,1.0,1.0,1.0,1.0,1.0,0.0,0.0,0,0,0,0,0,3
E3,workflow/signals/F2,same,cycle,3,3,3,1.0,1.0,23.333333333333332,23400.0,0.0,0.0,0.0,0.0,1.0,0.0,1.0,1.0,1.0,0.0,0.0,0,0,0,0,3,0
E3,workflow/signals/F2,same,matched,3,3,3,1.0,1.0,22.0,21961.0,0.0,0.0,0.0,0.0,1.0,0.0,1.0,1.0,1.0,0.0,0.0,0,0,0,0,3,0
E3,workflow/signals/F2,same,random,3,3,3,1.0,1.0,21.666666666666668,21383.0,0.0,0.0,0.0,0.0,1.0,0.0,1.0,1.0,1.0,0.0,0.0,0,0,0,0,3,0
E3,workflow/signals/F2,transfer,cycle,3,3,3,1.0,1.0,20.666666666666668,19947.666666666668,0.0,0.0,0.0,0.0,1.0,0.0,1.0,0.0,1.0,0.0,0.0,0,0,0,0,3,0
E3,workflow/signals/F2,transfer,matched,3,3,3,1.0,1.0,22.0,21706.333333333332,0.0,0.0,0.0,0.0,1.0,0.0,1.0,0.0,1.0,0.0,0.0,0,0,0,0,3,0
E3,workflow/signals/F2,transfer,random,3,3,3,1.0,1.0,21.666666666666668,21251.333333333332,0.0,0.0,0.0,0.0,1.0,0.0,1.0,0.0,1.0,0.0,0.0,0,0,0,0,3,0
E3,workflow/signals/F3,reversal,cycle,3,0,0,,0.6666666666666666,23.333333333333332,24044.666666666668,0.0,0.0,0.3333333333333333,0.0,1.0,1.0,0.6666666666666666,1.0,1.0,0.0,0.0,0,0,0,1,0,2
E3,workflow/signals/F3,reversal,matched,3,0,0,,1.0,20.333333333333332,20419.0,0.0,0.0,0.0,0.0,0.0,1.0,1.0,1.0,1.0,0.0,0.0,0,0,0,0,0,3
E3,workflow/signals/F3,reversal,random,3,0,0,,1.0,21.333333333333332,21541.666666666668,0.0,0.0,0.0,0.0,0.6666666666666666,1.0,1.0,1.0,1.0,0.0,0.0,0,0,0,0,0,3
E3,workflow/signals/F3,same,cycle,3,3,3,1.0,1.0,22.0,22389.0,0.0,0.0,0.0,0.0,1.0,0.0,1.0,1.0,1.0,0.0,0.0,0,0,0,0,3,0
E3,workflow/signals/F3,same,matched,3,3,3,1.0,1.0,21.666666666666668,22177.666666666668,0.0,0.0,0.0,0.0,0.0,0.0,1.0,1.0,1.0,0.0,0.0,0,0,0,0,3,0
E3,workflow/signals/F3,same,random,3,3,3,1.0,0.6666666666666666,22.0,22596.0,0.0,0.0,0.3333333333333333,0.0,0.6666666666666666,0.0,0.6666666666666666,1.0,1.0,0.0,0.0,0,0,0,1,2,0
E3,workflow/signals/F3,transfer,cycle,3,3,3,1.0,1.0,21.0,20998.0,0.0,0.0,0.0,0.0,1.0,0.0,1.0,1.0,1.0,0.0,0.0,0,0,0,0,3,0
E3,workflow/signals/F3,transfer,matched,3,3,3,1.0,0.6666666666666666,20.666666666666668,21178.333333333332,0.0,0.0,0.3333333333333333,0.0,0.0,0.0,0.6666666666666666,1.0,1.0,0.0,0.0,0,0,0,1,2,0
E3,workflow/signals/F3,transfer,random,3,3,3,1.0,0.6666666666666666,21.0,21264.666666666668,0.0,0.0,0.3333333333333333,0.0,0.6666666666666666,0.0,0.6666666666666666,1.0,1.0,0.0,0.0,0,0,0,1,2,0
E3,workflow/signals/F4,reversal,cycle,3,0,0,,1.0,22.666666666666668,22307.666666666668,0.0,0.0,0.3333333333333333,0.0,1.0,0.6666666666666666,0.6666666666666666,0.6666666666666666,1.0,0.0,0.0,0,0,0,1,0,2
E3,workflow/signals/F4,reversal,matched,3,0,0,,1.0,23.0,22402.0,0.0,0.0,0.0,0.0,1.0,1.0,1.0,1.0,1.0,0.0,0.0,0,0,0,0,0,3
E3,workflow/signals/F4,reversal,random,3,0,0,,1.0,23.0,22727.333333333332,0.0,0.0,0.0,0.0,1.0,1.0,1.0,1.0,1.0,0.0,0.0,0,0,0,0,0,3
E3,workflow/signals/F4,same,cycle,3,3,3,1.0,1.0,22.666666666666668,22246.0,0.0,0.0,0.0,0.0,1.0,0.0,1.0,0.0,1.0,0.0,0.0,0,0,0,0,3,0
E3,workflow/signals/F4,same,matched,3,3,3,1.0,1.0,22.333333333333332,21655.666666666668,0.0,0.0,0.0,0.0,1.0,0.0,1.0,0.0,1.0,0.0,0.0,0,0,0,0,3,0
E3,workflow/signals/F4,same,random,3,3,3,1.0,1.0,22.0,21174.333333333332,0.0,0.0,0.0,0.0,1.0,0.0,1.0,0.3333333333333333,1.0,0.0,0.0,0,0,0,0,3,0
E3,workflow/signals/F4,transfer,cycle,3,3,3,1.0,1.0,23.0,22507.333333333332,0.0,0.0,0.0,0.0,1.0,0.0,1.0,0.0,1.0,0.0,0.0,0,0,0,0,3,0
E3,workflow/signals/F4,transfer,matched,3,3,3,1.0,1.0,23.0,22091.333333333332,0.0,0.0,0.0,0.0,1.0,0.0,1.0,1.0,1.0,0.0,0.0,0,0,0,0,3,0
E3,workflow/signals/F4,transfer,random,3,3,3,1.0,1.0,22.333333333333332,21483.333333333332,0.0,0.0,0.0,0.0,1.0,0.0,1.0,0.3333333333333333,1.0,0.0,0.0,0,0,0,0,3,0
E3,workflow/temperature/F1,reversal,cycle,3,0,0,,1.0,20.333333333333332,18316.666666666668,0.0,0.0,0.0,0.0,0.0,1.0,1.0,1.0,1.0,0.0,0.0,0,0,0,0,0,3
E3,workflow/temperature/F1,reversal,matched,3,0,0,,0.0,23.333333333333332,22141.333333333332,0.0,0.0,1.0,0.0,0.0,0.0,0.0,1.0,1.0,0.0,0.0,0,0,0,3,0,0
E3,workflow/temperature/F1,reversal,random,3,0,0,,1.0,21.333333333333332,19377.333333333332,0.0,0.0,0.0,0.0,0.3333333333333333,0.6666666666666666,0.6666666666666666,1.0,1.0,0.0,0.0,0,0,0,0,0,3
E3,workflow/temperature/F1,same,cycle,3,3,3,1.0,1.0,20.0,17950.333333333332,0.0,0.0,0.0,0.0,0.0,0.0,1.0,0.3333333333333333,1.0,0.0,0.0,0,0,0,0,3,0
E3,workflow/temperature/F1,same,matched,3,3,1,0.3333333333333333,0.3333333333333333,23.333333333333332,21933.0,0.0,0.0,0.6666666666666666,0.0,0.0,0.0,0.3333333333333333,1.0,1.0,0.6666666666666666,0.0,0,0,0,2,1,0
E3,workflow/temperature/F1,same,random,3,3,2,0.6666666666666666,0.6666666666666666,22.333333333333332,20683.333333333332,0.0,0.0,0.3333333333333333,0.0,0.3333333333333333,0.0,0.3333333333333333,0.6666666666666666,1.0,0.3333333333333333,0.0,0,0,0,1,2,0
E3,workflow/temperature/F1,transfer,cycle,3,3,3,1.0,1.0,23.333333333333332,21693.0,0.0,0.0,0.0,0.0,0.0,0.0,0.0,0.0,1.0,0.0,0.0,0,0,0,0,3,0
E3,workflow/temperature/F1,transfer,matched,3,3,1,0.3333333333333333,0.0,22.0,21029.0,0.0,0.0,1.0,0.0,0.0,0.0,0.0,1.0,1.0,0.6666666666666666,0.0,0,0,0,3,0,0
E3,workflow/temperature/F1,transfer,random,3,3,2,0.6666666666666666,0.6666666666666666,21.666666666666668,19784.333333333332,0.0,0.0,0.3333333333333333,0.0,0.0,0.0,0.0,0.3333333333333333,1.0,0.3333333333333333,0.0,0,0,0,1,2,0
E3,workflow/temperature/F2,reversal,cycle,3,0,0,,0.0,24.0,23369.0,0.0,0.0,1.0,0.0,0.0,0.0,0.0,1.0,1.0,0.0,0.0,0,0,0,3,0,0
E3,workflow/temperature/F2,reversal,matched,3,0,0,,1.3333333333333333,21.666666666666668,20273.0,0.0,0.0,0.3333333333333333,0.0,0.6666666666666666,0.6666666666666666,0.6666666666666666,1.0,1.0,0.0,0.0,0,0,0,1,0,2
E3,workflow/temperature/F2,reversal,random,3,0,0,,0.6666666666666666,23.0,21728.333333333332,0.0,0.0,0.3333333333333333,0.0,0.6666666666666666,0.6666666666666666,0.6666666666666666,1.0,1.0,0.0,0.0,0,0,0,1,0,2
E3,workflow/temperature/F2,same,cycle,3,3,0,0.0,0.0,23.0,22173.666666666668,0.0,0.0,1.0,0.0,0.0,0.0,0.0,1.0,1.0,1.0,0.0,0,0,0,3,0,0
E3,workflow/temperature/F2,same,matched,3,3,1,0.3333333333333333,0.6666666666666666,22.666666666666668,21551.0,0.0,0.0,0.6666666666666666,0.0,0.3333333333333333,0.0,0.3333333333333333,1.0,1.0,0.6666666666666666,0.0,0,0,0,2,1,0
E3,workflow/temperature/F2,same,random,3,3,2,0.6666666666666666,0.3333333333333333,23.333333333333332,22035.0,0.0,0.0,0.6666666666666666,0.0,0.6666666666666666,0.0,0.3333333333333333,1.0,1.0,0.3333333333333333,0.0,0,0,0,2,1,0
E3,workflow/temperature/F2,transfer,cycle,3,3,3,1.0,1.0,21.0,19147.333333333332,0.0,0.0,0.0,0.0,1.0,0.0,1.0,0.0,1.0,0.0,0.0,0,0,0,0,3,0
E3,workflow/temperature/F2,transfer,matched,3,3,1,0.3333333333333333,0.3333333333333333,23.333333333333332,22581.333333333332,0.0,0.0,0.6666666666666666,0.0,0.0,0.0,0.3333333333333333,1.0,1.0,0.6666666666666666,0.0,0,0,0,2,1,0
E3,workflow/temperature/F2,transfer,random,3,3,2,0.6666666666666666,0.6666666666666666,21.666666666666668,19975.333333333332,0.0,0.0,0.3333333333333333,0.0,1.0,0.0,0.6666666666666666,1.0,1.0,0.3333333333333333,0.0,0,0,0,1,2,0
E3,workflow/temperature/F3,reversal,cycle,3,0,0,,1.0,22.333333333333332,22855.333333333332,0.0,0.0,0.0,0.0,1.0,1.0,1.0,1.0,1.0,0.0,0.0,0,0,0,0,0,3
E3,workflow/temperature/F3,reversal,matched,3,0,0,,0.6666666666666666,23.0,23419.333333333332,0.0,0.0,0.3333333333333333,0.0,1.0,1.0,0.6666666666666666,1.0,1.0,0.0,0.0,0,0,0,1,0,2
E3,workflow/temperature/F3,reversal,random,3,0,0,,0.6666666666666666,22.666666666666668,22925.333333333332,0.0,0.0,0.3333333333333333,0.0,1.0,1.0,0.6666666666666666,1.0,1.0,0.0,0.0,0,0,0,1,0,2
E3,workflow/temperature/F3,same,cycle,3,3,3,1.0,1.0,21.666666666666668,22151.333333333332,0.0,0.0,0.0,0.0,1.0,0.0,1.0,1.0,1.0,0.0,0.0,0,0,0,0,3,0
E3,workflow/temperature/F3,same,matched,3,3,1,0.3333333333333333,0.3333333333333333,22.666666666666668,23147.0,0.0,0.0,0.6666666666666666,0.0,1.0,0.0,0.3333333333333333,1.0,1.0,0.6666666666666666,0.0,0,0,0,2,1,0
E3,workflow/temperature/F3,same,random,3,3,1,0.3333333333333333,0.3333333333333333,22.666666666666668,23053.666666666668,0.0,0.0,0.6666666666666666,0.0,1.0,0.0,0.3333333333333333,0.6666666666666666,1.0,0.6666666666666666,0.0,0,0,0,2,1,0
E3,workflow/temperature/F3,transfer,cycle,3,3,3,1.0,1.0,22.0,22321.0,0.0,0.0,0.0,0.0,1.0,0.0,1.0,1.0,1.0,0.0,0.0,0,0,0,0,3,0
E3,workflow/temperature/F3,transfer,matched,3,3,3,1.0,4.0,23.666666666666668,24349.666666666668,0.0,0.0,0.0,0.0,1.0,0.0,1.0,1.0,1.0,0.0,0.0,0,0,0,0,3,0
E3,workflow/temperature/F3,transfer,random,3,3,3,1.0,1.0,21.666666666666668,21879.333333333332,0.0,0.0,0.0,0.0,1.0,0.0,1.0,0.6666666666666666,1.0,0.0,0.0,0,0,0,0,3,0
E3,workflow/temperature/F4,reversal,cycle,3,0,0,,1.0,21.0,23719.0,0.0,0.0,0.0,0.0,1.0,1.0,1.0,1.0,1.0,0.0,0.0,0,0,0,0,0,3
E3,workflow/temperature/F4,reversal,matched,3,0,0,,0.0,23.333333333333332,27304.666666666668,0.0,0.0,1.0,0.0,1.0,0.0,0.0,1.0,1.0,0.0,0.0,0,0,0,3,0,0
E3,workflow/temperature/F4,reversal,random,3,0,0,,0.6666666666666666,22.333333333333332,25891.666666666668,0.0,0.0,0.3333333333333333,0.0,1.0,0.6666666666666666,0.6666666666666666,1.0,1.0,0.0,0.0,0,0,0,1,0,2
E3,workflow/temperature/F4,same,cycle,3,3,0,0.0,0.0,24.0,27188.333333333332,0.0,0.0,1.0,0.0,1.0,0.0,0.0,1.0,1.0,1.0,0.0,0,0,0,3,0,0
E3,workflow/temperature/F4,same,matched,3,3,1,0.3333333333333333,0.3333333333333333,24.0,28013.666666666668,0.0,0.0,0.6666666666666666,0.0,1.0,0.0,0.3333333333333333,1.0,1.0,0.6666666666666666,0.0,0,0,0,2,1,0
E3,workflow/temperature/F4,same,random,3,3,1,0.3333333333333333,0.3333333333333333,23.0,26263.333333333332,0.0,0.0,0.6666666666666666,0.0,1.0,0.0,0.3333333333333333,0.6666666666666666,1.0,0.6666666666666666,0.0,0,0,0,2,1,0
E3,workflow/temperature/F4,transfer,cycle,3,3,3,1.0,1.0,22.666666666666668,25738.333333333332,0.0,0.0,0.0,0.0,1.0,0.0,1.0,0.0,1.0,0.0,0.0,0,0,0,0,3,0
E3,workflow/temperature/F4,transfer,matched,3,3,2,0.6666666666666666,0.6666666666666666,23.333333333333332,27070.0,0.0,0.0,0.3333333333333333,0.0,1.0,0.0,0.6666666666666666,1.0,1.0,0.3333333333333333,0.0,0,0,0,1,2,0
E3,workflow/temperature/F4,transfer,random,3,3,3,1.0,1.0,21.0,23529.666666666668,0.0,0.0,0.0,0.0,1.0,0.0,1.0,0.3333333333333333,1.0,0.0,0.0,0,0,0,0,3,0
E3,workflow/water/F1,reversal,cycle,3,0,0,,1.0,19.0,17840.666666666668,0.0,0.0,0.0,0.0,0.0,0.3333333333333333,1.0,1.0,1.0,0.0,0.0,0,0,0,0,0,3
E3,workflow/water/F1,reversal,matched,3,0,0,,0.0,20.666666666666668,18942.333333333332,0.0,0.0,1.0,0.0,0.0,0.0,0.0,1.0,1.0,0.0,0.0,0,0,0,3,0,0
E3,workflow/water/F1,reversal,random,3,0,0,,1.3333333333333333,23.666666666666668,22731.0,0.0,0.0,0.6666666666666666,0.0,0.3333333333333333,0.6666666666666666,0.3333333333333333,1.0,1.0,0.0,0.0,0,0,0,2,0,1
E3,workflow/water/F1,same,cycle,3,3,3,1.0,1.0,18.666666666666668,17445.333333333332,0.0,0.0,0.0,0.0,0.0,0.0,1.0,1.0,1.0,0.0,0.0,0,0,0,0,3,0
E3,workflow/water/F1,same,matched,3,3,2,0.6666666666666666,0.3333333333333333,20.666666666666668,19485.0,0.0,0.0,0.6666666666666666,0.0,0.0,0.0,0.3333333333333333,1.0,1.0,0.3333333333333333,0.0,0,0,0,2,1,0
E3,workflow/water/F1,same,random,3,3,2,0.6666666666666666,0.3333333333333333,22.333333333333332,20987.0,0.0,0.0,0.6666666666666666,0.0,0.3333333333333333,0.0,0.0,0.6666666666666666,1.0,0.3333333333333333,0.0,0,0,0,2,1,0
E3,workflow/water/F1,transfer,cycle,3,3,3,1.0,1.0,23.0,21603.0,0.0,0.0,0.0,0.0,0.0,0.0,0.0,0.0,1.0,0.0,0.0,0,0,0,0,3,0
E3,workflow/water/F1,transfer,matched,3,3,1,0.3333333333333333,0.3333333333333333,23.666666666666668,23274.0,0.0,0.0,0.6666666666666666,0.0,0.0,0.0,0.3333333333333333,1.0,1.0,0.6666666666666666,0.0,0,0,0,2,1,0
E3,workflow/water/F1,transfer,random,3,3,3,1.0,0.6666666666666666,21.333333333333332,19908.0,0.0,0.0,0.3333333333333333,0.0,0.0,0.0,0.0,0.3333333333333333,1.0,0.0,0.0,0,0,0,1,2,0
E3,workflow/water/F2,reversal,cycle,3,0,0,,1.0,21.333333333333332,20831.333333333332,0.0,0.0,0.0,0.0,1.0,1.0,1.0,1.0,1.0,0.0,0.0,0,0,0,0,0,3
E3,workflow/water/F2,reversal,matched,3,0,0,,1.3333333333333333,23.0,22280.666666666668,0.0,0.0,0.0,0.0,1.0,1.0,1.0,1.0,1.0,0.0,0.0,0,0,0,0,0,3
E3,workflow/water/F2,reversal,random,3,0,0,,1.0,20.666666666666668,19766.666666666668,0.0,0.0,0.0,0.0,1.0,1.0,1.0,1.0,1.0,0.0,0.0,0,0,0,0,0,3
E3,workflow/water/F2,same,cycle,3,3,3,1.0,1.0,20.0,18847.666666666668,0.0,0.0,0.0,0.0,1.0,0.0,1.0,0.0,1.0,0.0,0.0,0,0,0,0,3,0
E3,workflow/water/F2,same,matched,3,3,3,1.0,1.0,21.333333333333332,20555.666666666668,0.0,0.0,0.0,0.0,1.0,0.0,1.0,1.0,1.0,0.0,0.0,0,0,0,0,3,0
E3,workflow/water/F2,same,random,3,3,3,1.0,1.0,20.333333333333332,19100.666666666668,0.0,0.0,0.0,0.0,1.0,0.0,1.0,0.3333333333333333,1.0,0.0,0.0,0,0,0,0,3,0
E3,workflow/water/F2,transfer,cycle,3,3,3,1.0,1.0,23.333333333333332,22652.333333333332,0.0,0.0,0.0,0.0,1.0,0.0,1.0,0.0,1.0,0.0,0.0,0,0,0,0,3,0
E3,workflow/water/F2,transfer,matched,3,3,3,1.0,1.0,22.0,21398.333333333332,0.0,0.0,0.0,0.0,1.0,0.0,1.0,0.0,1.0,0.0,0.0,0,0,0,0,3,0
E3,workflow/water/F2,transfer,random,3,3,3,1.0,1.0,21.666666666666668,20672.666666666668,0.0,0.0,0.0,0.0,0.6666666666666666,0.0,1.0,0.0,1.0,0.0,0.0,0,0,0,0,3,0
E3,workflow/water/F3,reversal,cycle,3,0,0,,0.6666666666666666,24.0,23959.333333333332,0.0,0.0,0.3333333333333333,0.0,0.6666666666666666,0.6666666666666666,0.6666666666666666,1.0,1.0,0.0,0.0,0,0,0,1,0,2
E3,workflow/water/F3,reversal,matched,3,0,0,,1.0,22.666666666666668,22536.0,0.0,0.0,0.0,0.0,1.0,1.0,1.0,1.0,1.0,0.0,0.0,0,0,0,0,0,3
E3,workflow/water/F3,reversal,random,3,0,0,,0.3333333333333333,23.666666666666668,23703.0,0.0,0.0,0.6666666666666666,0.0,1.0,1.0,0.3333333333333333,1.0,1.0,0.0,0.0,0,0,0,2,0,1
E3,workflow/water/F3,same,cycle,3,3,3,1.0,1.0,23.333333333333332,23329.333333333332,0.0,0.0,0.0,0.0,0.6666666666666666,0.0,1.0,0.3333333333333333,1.0,0.0,0.0,0,0,0,0,3,0
E3,workflow/water/F3,same,matched,3,3,2,0.6666666666666666,0.6666666666666666,22.333333333333332,21896.0,0.0,0.0,0.3333333333333333,0.0,1.0,0.0,0.6666666666666666,0.3333333333333333,1.0,0.3333333333333333,0.0,0,0,0,1,2,0
E3,workflow/water/F3,same,random,3,3,2,0.6666666666666666,0.6666666666666666,24.0,24011.333333333332,0.0,0.0,0.3333333333333333,0.0,1.0,0.0,0.6666666666666666,0.3333333333333333,1.0,0.3333333333333333,0.0,0,0,0,1,2,0
E3,workflow/water/F3,transfer,cycle,3,3,3,1.0,1.0,22.666666666666668,22021.0,0.0,0.0,0.0,0.0,1.0,0.0,1.0,0.0,1.0,0.0,0.0,0,0,0,0,3,0
E3,workflow/water/F3,transfer,matched,3,3,3,1.0,1.0,24.0,23424.666666666668,0.0,0.0,0.0,0.0,1.0,0.0,1.0,1.0,1.0,0.0,0.0,0,0,0,0,3,0
E3,workflow/water/F3,transfer,random,3,3,3,1.0,1.6666666666666667,22.666666666666668,21821.333333333332,0.0,0.0,0.0,0.0,1.0,0.0,1.0,0.3333333333333333,1.0,0.0,0.0,0,0,0,0,3,0
E3,workflow/water/F4,reversal,cycle,3,0,0,,0.3333333333333333,23.0,22580.0,0.0,0.0,0.6666666666666666,0.0,1.0,0.6666666666666666,0.3333333333333333,1.0,1.0,0.0,0.0,0,0,0,2,0,1
E3,workflow/water/F4,reversal,matched,3,0,0,,0.0,23.666666666666668,23395.0,0.0,0.0,1.0,0.0,1.0,0.0,0.0,1.0,1.0,0.0,0.0,0,0,0,3,0,0
E3,workflow/water/F4,reversal,random,3,0,0,,0.6666666666666666,23.0,22198.666666666668,0.0,0.0,0.3333333333333333,0.0,1.0,0.3333333333333333,0.6666666666666666,1.0,1.0,0.0,0.0,0,0,0,1,0,2
E3,workflow/water/F4,same,cycle,3,3,0,0.0,0.0,23.333333333333332,23072.666666666668,0.0,0.0,1.0,0.0,1.0,0.0,0.0,1.0,1.0,1.0,0.0,0,0,0,3,0,0
E3,workflow/water/F4,same,matched,3,3,1,0.3333333333333333,0.3333333333333333,23.333333333333332,22889.666666666668,0.0,0.0,0.6666666666666666,0.0,1.0,0.0,0.3333333333333333,1.0,1.0,0.6666666666666666,0.0,0,0,0,2,1,0
E3,workflow/water/F4,same,random,3,3,2,0.6666666666666666,0.6666666666666666,22.0,21095.666666666668,0.0,0.0,0.3333333333333333,0.0,1.0,0.0,0.6666666666666666,0.3333333333333333,1.0,0.3333333333333333,0.0,0,0,0,1,2,0
E3,workflow/water/F4,transfer,cycle,3,3,1,0.3333333333333333,0.3333333333333333,23.0,22420.0,0.0,0.0,0.6666666666666666,0.0,1.0,0.0,0.3333333333333333,0.0,1.0,0.6666666666666666,0.0,0,0,0,2,1,0
E3,workflow/water/F4,transfer,matched,3,3,2,0.6666666666666666,0.6666666666666666,24.0,23599.0,0.0,0.0,0.3333333333333333,0.0,1.0,0.0,0.6666666666666666,1.0,1.0,0.3333333333333333,0.0,0,0,0,1,2,0
E3,workflow/water/F4,transfer,random,3,3,3,1.0,1.0,22.666666666666668,21622.0,0.0,0.0,0.0,0.0,1.0,0.0,1.0,0.6666666666666666,1.0,0.0,0.0,0,0,0,0,3,0
